"This worksheet includes one table, with columns A through AV. Blank cells within the table indicate that there is no data for that element.  The table includes data, organized by School, such as county, district, and school codes and names. The table also includes basic information about the school such as address, grade levels, and contacts."
New Jersey School Directory
Public Schools
County Code,County Name,District Code,District Name,School Code,School Name,Princ. Title,Princ. First Name,Princ. Last Name,Princ. Title 2,Princ. Email,Address1,Address2,City,State,Zip,Mailing Address1,Mailing Address2,Mailing City,Mailing State,Mailing Zip,HIB Title1,HIB First Nname,HIB Last Name,HIB Title2,Homeless Liaison Title1,Homeless Liaison First Name,Homeless Liaison Last Name,Homeless Liaison Title2,Phone,Pre-K,Kindergarten,Grade 1,Grade 2,Grade 3,Grade 4,Grade 5,Grade 6,Grade 7,Grade 8,Grade 9,Grade 10,Grade 11,Grade 12,Post Grad,Adult Ed.,NCES Code,FB URL,Instagram URL,X URL
"=""01""",ATLANTIC,"=""0010""",Absecon Public Schools District,"=""050""",Emma C Attales,Mr.,Kevin,Burns,School Principal,kburns@abseconschools.org,800 IRELAN AVENUE," ",ABSECON,NJ,"=""08201""",800 IRELAN AVENUE," ",ABSECON,NJ,"=""08201""",Mrs.,Jessica,Carver,Anti-Bullying Specialist,Mrs.,Kathleen,Guenther,School Homeless Liaison,"=""609-641-5375""",,,,,,,1,1,1,1,,,,,,,"=""00004""",,,
"=""01""",ATLANTIC,"=""0010""",Absecon Public Schools District,"=""060""",H Ashton Marsh,Ms.,Leslie,Schiavo,School Principal,lschiavo@abseconschools.org,800 IRELAN AVE," ",ABSECON,NJ,"=""08201""",800 IRELAN AVE," ",ABSECON,NJ,"=""08201""",Mrs.,Mary,Alvarado,Anti-Bullying Specialist,Mrs.,Kathleen,Guenther,School Homeless Liaison,"=""609-641-5375""",1,1,1,1,1,1,,,,,,,,,,,"=""00006""",,,
"=""01""",ATLANTIC,"=""0110""",Atlantic City School District,"=""010""",Atlantic City High School,Dr.,Constance,Days -Chapman,School Principal,cdays@acboe.org,1400 N Albany Avenue," ",Atlantic City,NJ,"=""08401-6153""",1400 N Albany Avenue," ",Atlantic City,NJ,"=""08401-6153""",Mrs.,Kelly,Bird,Anti-Bullying Specialist,,,,,"=""609-343-7300""",,,,,,,,,,,1,1,1,1,,,"=""00010""",,,
"=""01""",ATLANTIC,"=""0110""",Atlantic City School District,"=""300""",Brighton Avenue School,Mr.,Jason,Grimes,School Principal,jgrimes@acboe.org,30 N. Brighton Avenue," ",Atlantic City,NJ,"=""08401""",30 N. Brighton Avenue," ",Atlantic City,NJ,"=""08401""",Ms.,Kathy,Lewis,Anti-Bullying Specialist,,,,,"=""609-343-3150""",1,1,1,1,1,1,1,,,,,,,,,,"=""""",,,
"=""01""",ATLANTIC,"=""0110""",Atlantic City School District,"=""050""",Chelsea Heights School,Mr.,James,Knox,School Principal,jknox@acboe.org,4101 Filbert Avenue," ",Atlantic City,NJ,"=""08401-1023""",4101 Filbert Avenue," ",Atlantic City,NJ,"=""08401-1023""",Ms.,Elizbeth,Pedicone,Anti-Bullying Specialist,,,,,"=""609-343-7272""",1,1,1,1,1,1,1,1,1,1,,,,,,,"=""00016""",,,
"=""01""",ATLANTIC,"=""0110""",Atlantic City School District,"=""140""",Dr Martin Luther King Jr School Complex,Mrs.,Jodi,Burroughs,School Principal,jburroughs@acboe.org,1700 Marmora Avenue," ",Atlantic City,NJ,"=""08401""",1700 Marmora Avenue," ",Atlantic City,NJ,"=""08401""",Ms.,Jennifer,Hagel,Anti-Bullying Specialist,,,,,"=""609-343-7380""",1,1,1,1,1,1,1,1,1,1,,,,,,,"=""00032""",,,
"=""01""",ATLANTIC,"=""0110""",Atlantic City School District,"=""070""",New York Avenue School,Mr.,Kendall,Williams,School Principal,kwilliams@acboe.org,411 N New York Avenue," ",Atlantic City,NJ,"=""08401""",411 N New York Avenue," ",Atlantic City,NJ,"=""08401""",Ms.,Khadijah,Barnes,Anti-Bullying Specialist,,,,,"=""609-343-7280""",1,1,1,1,1,1,1,1,1,1,,,,,,,"=""00020""",,,
"=""01""",ATLANTIC,"=""0110""",Atlantic City School District,"=""100""",Pennsylvania Avenue School,Mr.,Thomas,Biggins,School Principal,tbiggins@acboe.org,201 N. Pennsylvania Avenue," ",Atlantic City,NJ,"=""08401-5235""",201 N. Pennsylvania Avenue," ",Atlantic City,NJ,"=""08401-5235""",Ms.,Indra,Ownes,Anti-Bullying Specialist,,,,,"=""609-343-7290""",1,1,1,1,1,1,1,1,1,1,,,,,,,"=""00026""",,,
"=""01""",ATLANTIC,"=""0110""",Atlantic City School District,"=""120""",Richmond Avenue School,Ms.,Shontai,Nicholson,School Principal,snicholson@acboe.org,4115 Ventnor Avenue," ",Atlantic City,NJ,"=""08401-5860""",4115 Ventnor Avenue," ",Atlantic City,NJ,"=""08401-5860""",Mr.,Ryan,Mulholland,Anti-Bullying Specialist,,,,,"=""609-343-7250""",1,1,1,1,1,1,1,1,1,1,,,,,,,"=""00028""",,,
"=""01""",ATLANTIC,"=""0110""",Atlantic City School District,"=""030""",Sovereign Avenue School,Ms.,Nicole,Israel,School Principal,nisrael@acboe.org,111 N. Sovereign Avenue," ",Atlantic City,NJ,"=""08401-3711""",111 N. Sovereign Avenue," ",Atlantic City,NJ,"=""08401-3711""",Mrs.,Myriam,Cifuentes,Anti-Bullying Specialist,,,,,"=""609-343-7260""",1,1,1,1,1,1,1,1,1,1,,,,,,,"=""00012""",,,
"=""01""",ATLANTIC,"=""0110""",Atlantic City School District,"=""060""",Texas Avenue School,Ms.,Lina,Gil,School Principal,lgil@acboe.org,2523 Arctic Avenue," ",Atlantic City,NJ,"=""08401-3901""",2523 Arctic Avenue," ",Atlantic City,NJ,"=""08401-3901""",Ms.,Alyssa,Acree,Anti-Bullying Specialist,,,,,"=""609-343-7350""",,1,1,1,1,1,1,1,1,1,,,,,,,"=""00018""",,,
"=""01""",ATLANTIC,"=""0110""",Atlantic City School District,"=""080""",Uptown School Complex,Dr.,Ananda,Davis-Wright,School Principal,adavis@acboe.org,323 Madison Avenue," ",Atlantic City,NJ,"=""08401-5417""",323 Madison Avenue," ",Atlantic City,NJ,"=""08401-5417""",Ms.,Melissa,Such,Anti-Bullying Specialist,,,,,"=""609-344-8809""",1,1,1,1,1,1,1,1,1,1,,,,,,,"=""00022""",,,
"=""01""",ATLANTIC,"=""0110""",Atlantic City School District,"=""130""",Venice Park School,Mrs.,Jodi,Burroughs,School Principal,jburroughs@acboe.org,1601 N Penrose Avenue," ",Atlantic City,NJ,"=""08401-1710""",1601 N Penrose Avenue," ",Atlantic City,NJ,"=""08401-1710""",Ms.,Jennifer,Hagel,Anti-Bullying Specialist,,,,,"=""609-343-7270""",1,,,,,,,,,,,,,,,,"=""00030""",,,
"=""01""",ATLANTIC,"=""0125""",Atlantic County Special Services School District,"=""030""",Atlantic County Elementary and Middle Schools,Mr.,Brian,Kern,School Principal,bkern@acsssd.net,4805 NAWAKWA BOULEVARD," ",MAYS LANDING,NJ,"=""08330""",4805 NAWAKWA BOULEVARD," ",MAYS LANDING,NJ,"=""08330""",Ms.,Deborah,Sylvia,Anti-Bullying Specialist,,,,,"=""609-625-5590""",1,1,1,1,1,1,1,1,1,1,,,,,,,"=""00695""",,,
"=""01""",ATLANTIC,"=""0125""",Atlantic County Special Services School District,"=""060""",Atlantic County High School,Mr.,Tad,Derenberger,School Principal,tderenberger@acsssd.net,4805 NAWAKWA BOULEVARD," ",MAYS LANDING,NJ,"=""08330""",4805 NAWAKWA BOULEVARD," ",MAYS LANDING,NJ,"=""08330""",Ms.,Deborah,Sylvia,Anti-Bullying Specialist,,,,,"=""609-625-5590""",,,,,,,,,,,1,1,1,1,,,"=""00697""",,,
"=""01""",ATLANTIC,"=""0120""",Atlantic County Vocational School District,"=""010""",Atlantic County Institute of Technology,Mr.,Joseph,Potkay,School Principal,jpotkay@acitech.org,5080 ATLANTIC AVENUE," ",MAYS LANDING,NJ,"=""08330-2024""",5080 ATLANTIC AVENUE," ",MAYS LANDING,NJ,"=""08330-2024""",Ms.,Erin,Higman,Anti-Bullying Specialist,Ms.,Erin,Higman,School Homeless Liaison,"=""609-625-2249""",,,,,,,,,,,1,1,1,1,,,"=""00034""",https://www.facebook.com/AtlanticCountyInstituteofTechnology,https://www.instagram.com/acit_red_hawks,https://x.com/ACOT_RedHawks
"=""01""",ATLANTIC,"=""0570""",Brigantine Public School District,"=""300""",Brigantine Community School,Mr.,Glenn,Robbins,School Principal,grobbins@brigantineschools.org,301 East Evans Blvd," ",Brigantine,NJ,"=""08203""",301 East Evans Blvd," ",Brigantine,NJ,"=""08203""",Mr.,Greg,Smallwood,Anti-Bullying Specialist,,,,,"=""609-266-3603""",1,1,1,1,1,1,1,1,1,1,,,,,,,"=""03479""",,,https://x.com/brigschools
"=""01""",ATLANTIC,"=""0590""",Buena Regional School District,"=""025""",Buena Regional High School,Mrs.,Karen,Cavalieri,School Principal,kcavalieri@buena.k12.nj.us,125 WEYMOUTH ROAD," ",BUENA,NJ,"=""08310-9620""",125 WEYMOUTH ROAD,"PO BOX 309 ",BUENA,NJ,"=""08310-9620""",Ms.,Melissa,Padilla,Anti-Bullying Specialist,,,,,"=""856-697-2400""",,,,,,,,,,,1,1,1,1,,,"=""00044""",,,
"=""01""",ATLANTIC,"=""0590""",Buena Regional School District,"=""030""",Buena Regional Middle School,Mrs.,Jamie,Vanartsdalen,School Principal,jvanartsdalen@buena.k12.nj.us,175 WEYMOUTH RD," ",BUENA,NJ,"=""08310""",175 WEYMOUTH RD," ",BUENA,NJ,"=""08310""",Mrs.,Jennifer,Mazza,Anti-Bullying Specialist,,,,,"=""856-697-0100""",,,,,,,,1,1,1,,,,,,,"=""00046""",,,
"=""01""",ATLANTIC,"=""0590""",Buena Regional School District,"=""045""",Collings Lakes Elementary School,Mr.,Richard,Lawrence,School Principal,rlawrence@buena.k12.nj.us,620 CAINS MILL RD  & LAKE GEOR," ",WILLIAMSTOWN,NJ,"=""08094-8419""",620 CAINS MILL RD  & LAKE GEOR," ",WILLIAMSTOWN,NJ,"=""08094-8419""",Ms.,Angela,Villecco,Anti-Bullying Specialist,,,,,"=""856-885-4994""",1,1,1,1,,,,,,,,,,,,,"=""00048""",,,
"=""01""",ATLANTIC,"=""0590""",Buena Regional School District,"=""300""",Dr. J.P. Cleary Elementary School,Dr.,Leonard,Long,School Principal,llong@buena.k12.nj.us,1501 CENTRAL AVE," ",MINOTOLA,NJ,"=""08341""",1501 CENTRAL AVE," ",MINOTOLA,NJ,"=""08341""",Mrs.,Karen,Lindner,Anti-Bullying Specialist,,,,,"=""856-697-8080""",,,,,1,1,1,,,,,,,,,,"=""""",,,
"=""01""",ATLANTIC,"=""0590""",Buena Regional School District,"=""055""",John C. Milanesi Elementary School,Mrs.,Abigale,Begley,School Principal,abegley@buena.k12.nj.us,880 HARDING HIGHWAY," ",BUENA,NJ,"=""08310-9701""",880 HARDING HIGHWAY," ",BUENA,NJ,"=""08310-9701""",Mrs.,Megan,Capiak,Anti-Bullying Specialist,,,,,"=""856-697-0605""",1,1,1,1,,,,,,,,,,,,,"=""00052""",,,
"=""01""",ATLANTIC,"=""1300""",Egg Harbor City School District,"=""020""",Charles L. Spragg School,Mrs.,Adrienne,Shulby,School Administrator,ashulby@eggharborcityschools.com,601 BUFFALO AVE," ",EGG HARBOR CITY,NJ,"=""08215-2105""",601 BUFFALO AVE," ",EGG HARBOR CITY,NJ,"=""08215-2105""",Mrs.,Tina,Hennaut,Anti-Bullying Specialist,,,,,"=""609-965-1034""",1,1,1,1,1,,,,,,,,,,,,"=""00074""",,https://www.instagram.com/ehc_publicschools,
"=""01""",ATLANTIC,"=""1300""",Egg Harbor City School District,"=""030""",Egg Harbor City Community School,Dr.,Gina,Forester,School Principal,gforester@eggharborcityschools.com,730 Havana Avenue," ",EGG HARBOR CITY,NJ,"=""08215-1547""",730 Havana Avenue," ",EGG HARBOR CITY,NJ,"=""08215-1547""",Ms.,Leah,Gaston,Anti-Bullying Specialist,,,,,"=""609-965-1034""",,,,,,1,1,1,1,1,,,,,,,"=""00076""",,https://www.instagram.com/ehc_publicschools,
"=""01""",ATLANTIC,"=""1310""",Egg Harbor Township School District,"=""038""",Alder Avenue Middle School,Mrs.,Tatianna,Cunningham,School Principal,cunningt@eht.k12.nj.us,25 ALDER AVENUE," ",EGG HARBOR TOWNSHIP,NJ,"=""08234-5315""",25 ALDER AVENUE," ",EGG HARBOR TOWNSHIP,NJ,"=""08234-5315""",Ms.,Tia,Tracey,Anti-Bullying Specialist,,,,,"=""609-383-3366""",,,,,,,,1,1,1,,,,,,,"=""02953""",,,
"=""01""",ATLANTIC,"=""1310""",Egg Harbor Township School District,"=""300""",Bargaintown Preschool,Mr.,Joseph,Marinelli,School Principal,marinelj@eht.k12.nj.us,3393 Bargaintown Road," ",Egg Harbor Township,NJ,"=""08234""",3393 Bargaintown Road,"2nd Floor ",Egg Harbor Township,NJ,"=""08234""",Mrs.,Kasey,Iannello,Anti-Bullying Specialist,,,,,"=""609-926-1061""",1,,,,,,,,,,,,,,,,"=""06135""",,,
"=""01""",ATLANTIC,"=""1310""",Egg Harbor Township School District,"=""033""",Clayton J. Davenport Elementary School,Mrs.,Latiya,White,School Principal,whitel@eht.k12.nj.us,2499 SPRUCE AVENUE," ",EGG HARBOR TOWNSHIP,NJ,"=""08234-4513""",2501 SPRUCE AVENUE," ",EGG HARBOR TOWNSHIP,NJ,"=""08234-4513""",Ms.,Teighan,Menchaca,Anti-Bullying Specialist,,,,,"=""609-645-3550""",1,1,1,1,1,,,,,,,,,,,,"=""00086""",,,
"=""01""",ATLANTIC,"=""1310""",Egg Harbor Township School District,"=""045""",Dr. Joyanne D. Miller Elementary School,Mr.,James,Battersby,School Principal,battersj@eht.k12.nj.us,2 ALDER AVENUE," ",EGG HARBOR TOWNSHIP,NJ,"=""08234""",2 ALDER AVENUE," ",EGG HARBOR TOWNSHIP,NJ,"=""08234""",Ms.,Blake,Rosetti,Anti-Bullying Specialist,,,,,"=""609-407-2500""",,,,,,1,1,,,,,,,,,,"=""00698""",,,
"=""01""",ATLANTIC,"=""1310""",Egg Harbor Township School District,"=""005""",Egg Harbor Township High School,Ms.,Jaclyn,Carugno,School Principal,carugnoj@eht.k12.nj.us,24 HIGH SCHOOL DRIVE," ",EGG HARBOR TOWNSHIP,NJ,"=""08234-9450""",24 HIGH SCHOOL DRIVE," ",EGG HARBOR TOWNSHIP,NJ,"=""08234-9450""",Mrs.,Staci,Dimattia,Anti-Bullying Specialist,,,,,"=""609-653-0100""",,,,,,,,,,,1,1,1,1,,,"=""05961""",https://www.facebook.com/EHTNJHS,https://www.instagram.com/EHTNJHS,
"=""01""",ATLANTIC,"=""1310""",Egg Harbor Township School District,"=""039""",Fernwood Avenue Middle School,Mr.,Frank,Locantora,School Principal,locantof@eht.k12.nj.us,4034 FERNWOOD AVENUE," ",EGG HARBOR TOWNSHIP,NJ,"=""08234-5703""",4034 FERNWOOD AVENUE," ",EGG HARBOR TOWNSHIP,NJ,"=""08234-5703""",Mrs.,Lee Ann,Dragovits,Anti-Bullying Specialist,,,,,"=""609-383-3355""",,,,,,,,1,1,1,,,,,,,"=""02955""",,,
"=""01""",ATLANTIC,"=""1310""",Egg Harbor Township School District,"=""035""",Swift-Slaybaugh Complex,Mrs.,Rachel,Casumpang,School Principal,casumpangr@eht.k12.nj.us,11 SWIFT AVENUE," ",EGG HARBOR TOWNSHIP,NJ,"=""08234-9697""",11 SWIFT AVENUE," ",EGG HARBOR TOWNSHIP,NJ,"=""08234-9697""",Ms.,Kasey,Iannello,Anti-Bullying Specialist,,,,,"=""609-927-8222""",1,1,1,1,1,,,,,,,,,,,,"=""00051""",,,
"=""01""",ATLANTIC,"=""1410""",Estell Manor School District,"=""050""",Estell Manor Elementary School,Mr.,David,Ricci,Chief School Administrator,dricci@estellmanorschool.com,128 CAPE MAY AVENUE," ",ESTELL MANOR,NJ,"=""08319-1735""",128 CAPE MAY AVENUE," ",ESTELL MANOR,NJ,"=""08319-1735""",Mrs.,Sarah,Foley,Anti-Bullying Specialist,Mrs.,Sarah,Foley,School Homeless Liaison,"=""609-476-2267""",1,1,1,1,1,1,1,1,1,1,,,,,,,"=""00102""",,,
"=""01""",ATLANTIC,"=""1540""",Folsom Borough School District,"=""050""",Folsom Elementary School,Mr.,Kevin,Fricke,Chief School Administrator,kfricke@folsomschool.org,1357 Mays Landing Road," ",Folsom,NJ,"=""08037""",1357 Mays Landing Road," ",Folsom,NJ,"=""08037""",Mr.,Ryan,Schaefer,Anti-Bullying Specialist,Mrs.,Angela,Sharp,School Homeless Liaison,"=""609-561-8666""",1,1,1,1,1,1,1,1,1,1,,,,,,,"=""00104""",,,
"=""01""",ATLANTIC,"=""1690""",Galloway Township Public School District,"=""015""",Arthur Rann Elementary School,Mr.,Kenneth,Berardis,School Principal,berardisk@gtps.k12.nj.us,515 S EIGHTH AVE," ",GALLOWAY,NJ,"=""08205""",515 S EIGHTH AVE," ",GALLOWAY,NJ,"=""08205""",Ms.,Nicole,Fedeli,Anti-Bullying Specialist,,,,,"=""609-748-1250""",1,1,1,1,1,1,1,1,,,,,,,,,"=""00108""",https://www.facebook.com/ARESDragons2000,,
"=""01""",ATLANTIC,"=""1690""",Galloway Township Public School District,"=""016""",Galloway Township Middle School,Mrs.,Paula,Junker,School Principal,junkerp@gtps.k12.nj.us,100 S  REEDS ROAD," ",GALLOWAY,NJ,"=""08205""",100 S  REEDS ROAD," ",GALLOWAY,NJ,"=""08205""",Ms.,Patricia,Palumbo,Anti-Bullying Specialist,,,,,"=""609-748-1250""",,,,,,,,,1,1,,,,,,,"=""00383""",,https://www.instagram.com/gtms.pj.checkin,
"=""01""",ATLANTIC,"=""1690""",Galloway Township Public School District,"=""045""",Reeds Road Elementary School,Dr.,Donald,Gross,School Principal,grossd@gtps.k12.nj.us,103 SOUTH REEDS ROAD," ",GALLOWAY,NJ,"=""08205""",103 SOUTH REEDS ROAD," ",GALLOWAY,NJ,"=""08205""",Mrs.,Alyssa,Hoyt,Anti-Bullying Specialist,,,,,"=""609-748-1250""",1,1,1,1,1,1,1,1,,,,,,,,,"=""06028""",https://www.facebook.com/ReedsRoadSchool,https://www.instagram.com/reedsroadelementaryschool,
"=""01""",ATLANTIC,"=""1690""",Galloway Township Public School District,"=""046""",Roland Rogers Elementary School,Mr.,Donald,DiPaulo,School Principal,dipaulad@gtps.k12.nj.us,105 S  REEDS ROAD," ",GALLOWAY,NJ,"=""08205""",105 S  REEDS ROAD," ",GALLOWAY,NJ,"=""08205""",Mrs.,Erin,Muzyka,Anti-Bullying Specialist,,,,,"=""609-748-1250""",1,1,1,1,1,1,1,1,,,,,,,,,"=""06088""",https://www.facebook.com/rolanderogersschool,,
"=""01""",ATLANTIC,"=""1690""",Galloway Township Public School District,"=""048""",Smithville Elementary School,Mr.,David,Ragazzi,School Principal,ragazzid@gtps.k12.nj.us,37 S  OLD PORT REPUBLIC ROAD," ",GALLOWAY,NJ,"=""08205""",37 S  OLD PORT REPUBLIC ROAD," ",GALLOWAY,NJ,"=""08205""",Mrs.,Arielle,Lupinetti,Anti-Bullying Specialist,,,,,"=""609-748-1250""",1,1,1,1,1,1,1,1,,,,,,,,,"=""06089""",https://www.facebook.com/smithvilleschool,,
"=""01""",ATLANTIC,"=""1790""",Greater Egg Harbor Regional High School District,"=""040""",Absegami High School,Mr.,Daniel,Kern,School Principal,dkern@gehrhsd.net,201 S  WRANGLEBORO ROAD," ",GALLOWAY,NJ,"=""08205-9554""",201 S  WRANGLEBORO ROAD," ",GALLOWAY,NJ,"=""08205-9554""",Mr.,Michael,Forest,Anti-Bullying Specialist,Ms.,Bonnie,Wade,School Homeless Liaison,"=""609-652-1372""",,,,,,,,,,,1,1,1,1,,,"=""00122""",,,
"=""01""",ATLANTIC,"=""1790""",Greater Egg Harbor Regional High School District,"=""060""",Cedar Creek High School,Mr.,Scott,Parker,School Principal,sparker@gehrhsd.net,1701 New York Ave.," ",EGG HARBOR CITY,NJ,"=""08215-1606""",1701 New York Ave," ",EGG HARBOR CITY,NJ,"=""08215-1606""",Ms.,Gabriella,(Spinella) Salamone,Anti-Bullying Specialist,Ms.,Sarah,Czar,School Homeless Liaison,"=""609-593-3560""",,,,,,,,,,,1,1,1,1,,,"=""03115""",,,
"=""01""",ATLANTIC,"=""1790""",Greater Egg Harbor Regional High School District,"=""050""",Oakcrest High School,Mr.,Michael,Manning,School Principal,mmanning@gehrhsd.net,1824 DR  DENNIS FOREMAN DRIVE," ",MAYS LANDING,NJ,"=""08330-2640""",1824 DR  DENNIS FOREMAN DRIVE," ",MAYS LANDING,NJ,"=""08330-2640""",Mr.,Vincent,Caiazzo,Anti-Bullying Specialist,Ms.,Angela,Williams,School Homeless Liaison,"=""609-909-2600""",,,,,,,,,,,1,1,1,1,,,"=""00124""",,,
"=""01""",ATLANTIC,"=""1940""",Hamilton Township School District,"=""055""",George L. Hess Educational Complex,Dr.,Jennifer,Holmstrom,School Principal,holmstromj@hamiltonschools.org,700 BABCOCK ROAD," ",MAYS LANDING,NJ,"=""08330""",700 BABCOCK ROAD," ",MAYS LANDING,NJ,"=""08330""",,Laura,Hackney,Anti-Bullying Specialist,,,,,"=""609-476-6101""",,,1,1,1,1,1,,,,,,,,,,"=""00015""",,,
"=""01""",ATLANTIC,"=""1940""",Hamilton Township School District,"=""060""",Joseph C Shaner Memorial Elementary School,,Dan,Cartwright,School Principal,cartwrightd@hamiltonschools.org,5801 THIRD STREET," ",MAYS LANDING,NJ,"=""08330""",5801 THIRD STREET," ",MAYS LANDING,NJ,"=""08330""",,Kelly,Crowder,Anti-Bullying Specialist,,,,,"=""609-476-6141""",1,1,,,,,,,,,,,,,,,"=""00130""",,,
"=""01""",ATLANTIC,"=""1940""",Hamilton Township School District,"=""120""",William Davies Middle School,,Ian,Levine,School Principal,levinei@hamiltonschools.org,1876 DR  DENNIS FOREMAN DRIVE," ",MAYS LANDING,NJ,"=""08330""",1876 DR  DENNIS FOREMAN DRIVE," ",MAYS LANDING,NJ,"=""08330""",,Blake,Rosario,Anti-Bullying Specialist,,,,,"=""609-476-6241""",1,,,,,,,1,1,1,,,,,,,"=""06029""",,,
"=""01""",ATLANTIC,"=""1960""",Hammonton School District,"=""050""",Hammonton High School,Mr.,Michael,Mattina,School Principal,mmattina@hammontonps.org,566 OLD FORKS ROAD," ",HAMMONTON,NJ,"=""08037""",566 OLD FORKS ROAD," ",HAMMONTON,NJ,"=""08037""",Ms.,Anna,Warburton,Anti-Bullying Specialist,,,,,"=""609-567-7000""",,,,,,,,,,,1,1,1,1,,,"=""00136""",,,
"=""01""",ATLANTIC,"=""1960""",Hammonton School District,"=""060""",Hammonton Middle School,Dr.,Kimberly,Rudnesky,School Principal,krudnesky@hammontonps.org,75 NORTH LIBERTY STREET," ",HAMMONTON,NJ,"=""08037-9425""",75 NORTH LIBERTY STREET," ",HAMMONTON,NJ,"=""08037-9425""",Ms.,Lisa,DeKlerk,Anti-Bullying Specialist,,,,,"=""609-567-7007""",,,,,,,,1,1,1,,,,,,,"=""00140""",,,
"=""01""",ATLANTIC,"=""1960""",Hammonton School District,"=""030""",Robert Capoferri Early Childhood Education Center,Ms.,Tammy,Leonard,School Principal,tleonard@hammontonps.org,601C NORTH 4TH STREET," ",HAMMONTON,NJ,"=""08037""",601C NORTH 4TH STREET," ",HAMMONTON,NJ,"=""08037""",Ms.,Katelyn,Lidestri,Anti-Bullying Specialist,,,,,"=""609-567-6693""",1,1,1,,,,,,,,,,,,,,"=""00699""",,,
"=""01""",ATLANTIC,"=""1960""",Hammonton School District,"=""055""",Warren E. Sooy Jr. Elementary School,Dr.,Kristina,Tigro,School Principal,ktigro@hammontonps.org,601 N  FOURTH STREET," ",HAMMONTON,NJ,"=""08037-9720""",601 N  FOURTH STREET," ",HAMMONTON,NJ,"=""08037-9720""",Ms.,Debra,Schmidt,Anti-Bullying Specialist,,,,,"=""609-567-7070""",,,,1,1,1,1,,,,,,,,,,"=""00138""",,,
"=""01""",ATLANTIC,"=""2680""",Linwood City School District,"=""020""",Belhaven Middle School,Dr.,Jennifer,Luff,School Principal,jenniferluff@linwoodschools.org,51 BELHAVEN AVENUE," ",LINWOOD,NJ,"=""08221""",51 BELHAVEN AVENUE," ",LINWOOD,NJ,"=""08221""",Mrs.,Melissa,Duffy,Anti-Bullying Specialist,,,,,"=""609-926-6700""",,,,,,,1,1,1,1,,,,,,,"=""00144""",,,
"=""01""",ATLANTIC,"=""2680""",Linwood City School District,"=""050""",Seaview Elementary School,Mrs.,Lori,Care,School Principal,loricare@linwoodschools.org,2015 WABASH AVE," ",LINWOOD,NJ,"=""08221""",2015 WABASH AVE," ",LINWOOD,NJ,"=""08221""",Ms.,Shari,Frolove,Anti-Bullying Specialist,,,,,"=""609-926-6700""",1,1,1,1,1,1,,,,,,,,,,,"=""00150""",,,
"=""01""",ATLANTIC,"=""2910""",Mainland Regional High School,"=""050""",Mainland Regional High School,Dr.,DAVID,JACOBS,School Principal,DJACOBS@MAINLANDREGIONAL.NET,1301 OAK AVENUE," ",LINWOOD,NJ,"=""08221""",1301 OAK AVENUE," ",LINWOOD,NJ,"=""08221""",Ms.,Marisa,McDole,Anti-Bullying Specialist,Mr.,NATHAN,LICHTENWALNER,School Homeless Liaison,"=""609-927-4151""",,,,,,,,,,,1,1,1,1,,,"=""00158""",,,
"=""01""",ATLANTIC,"=""3020""",Margate City School District,"=""010""",Eugene A. Tighe Middle School,Mrs.,Samantha,Dulude,School Principal,sdulude@margateschools.org,7804 AMHERST AVENUE," ",MARGATE,NJ,"=""08402""",7804 AMHERST AVENUE," ",MARGATE,NJ,"=""08402""",Dr.,Jacque,Jones,Anti-Bullying Specialist,,,,,"=""609-822-2353""",,,,,,,1,1,1,1,,,,,,,"=""00162""",,,
"=""01""",ATLANTIC,"=""3020""",Margate City School District,"=""025""",William H. Ross III School,Mrs.,Bonnie,Marino,School Principal,bmarino@margateschools.org,101 N  HAVERFORD AVENUE," ",MARGATE,NJ,"=""08402""",101 N  HAVERFORD AVENUE," ",MARGATE,NJ,"=""08402""",Mrs.,Kaitlyn,Roselli,Anti-Bullying Specialist,,,,,"=""609-822-2080""",1,1,1,1,1,1,,,,,,,,,,,"=""00393""",,,
"=""01""",ATLANTIC,"=""3480""",Mullica Township School District,"=""025""",Mullica Township Middle School,Mr.,Kevin,Lightcap,School Principal,klightcap@mullicaschools.com,500 ELWOOD ROAD," ",ELWOOD,NJ,"=""08217-0318""",500 ELWOOD ROAD," ",Hammonton,NJ,"=""08037""",Mr.,Bill,Maher,Anti-Bullying Specialist,,,,,"=""609-561-3868""",,,,,,,1,1,1,1,,,,,,,"=""00174""",,,
"=""01""",ATLANTIC,"=""3480""",Mullica Township School District,"=""020""",Mullica Township Primary School,Mrs.,Janine,Gentilini,School Principal,jgentilini@mullicaschools.com,500 ELWOOD ROAD," ",ELWOOD,NJ,"=""08217-0318""",500 ELWOOD ROAD," ",Hammonton,NJ,"=""08037""",Ms.,Mallory,Zolinas,Anti-Bullying Specialist,,,,,"=""609-561-3868""",1,1,1,1,1,1,,,,,,,,,,,"=""00172""",,,
"=""01""",ATLANTIC,"=""3720""",Northfield City School District,"=""057""",Northfield Community Elementary School,Mrs.,Maureen,Vaccaro,School Principal,mvaccaro@ncs-nj.org,2000 NEW ROAD," ",NORTHFIELD,NJ,"=""08225""",2000 NEW ROAD," ",NORTHFIELD,NJ,"=""08225""",Mr.,Ryan,Comunale,Anti-Bullying Specialist,,,,,"=""609-407-4005""",1,1,1,1,1,1,,,,,,,,,,,"=""00217""",,,
"=""01""",ATLANTIC,"=""3720""",Northfield City School District,"=""056""",Northfield Community Middle School,Mr.,Kevin,Morrison,School Principal,kmorrison@ncs-nj.org,2000 NEW ROAD," ",NORTHFIELD,NJ,"=""08225""",2000 NEW ROAD," ",NORTHFIELD,NJ,"=""08225""",Mrs.,Lisa,Harvey,Anti-Bullying Specialist,,,,,"=""609-407-4008""",,,,,,,1,1,1,1,,,,,,,"=""00215""",,,
"=""01""",ATLANTIC,"=""4180""",Pleasantville Public School District,"=""080""",Leeds Avenue Elementary School,Ms.,Velecia,Bush,School Principal,bush.velecia@pps-nj.us,100 W  LEEDS AVENUE," ",PLEASANTVILLE,NJ,"=""08232""",100 W  LEEDS AVENUE," ",PLEASANTVILLE,NJ,"=""08232""",Ms.,Candice,Kelsey,Anti-Bullying Specialist,,,,,"=""609-383-6878""",1,1,1,1,1,1,1,,,,,,,,,,"=""00198""",,,
"=""01""",ATLANTIC,"=""4180""",Pleasantville Public School District,"=""085""",North Main Street Elementary School,Mrs.,Victoria,Williamson,School Principal,williamson.victoria@pps-nj.us,215 NORTH MAIN STREET," ",PLEASANTVILLE,NJ,"=""08232""",215 NORTH MAIN STREET," ",PLEASANTVILLE,NJ,"=""08232""",Mr.,Mark,Santanello,Anti-Bullying Specialist,,,,,"=""609-383-6887""",1,1,1,1,1,1,1,,,,,,,,,,"=""00200""",,,
"=""01""",ATLANTIC,"=""4180""",Pleasantville Public School District,"=""050""",Pleasantville High School,Mr.,Lapell,Chapman,School Principal,chapman.lapell@pps-nj.us,701 MILL ROAD," ",PLEASANTVILLE,NJ,"=""08232""",701 MILL ROAD," ",PLEASANTVILLE,NJ,"=""08232""",Ms.,Amaris,Brown,Anti-Bullying Specialist,,,,,"=""609-383-6900""",,,,,,,,,,,1,1,1,1,,,"=""00192""",,,
"=""01""",ATLANTIC,"=""4180""",Pleasantville Public School District,"=""055""",Pleasantville Middle School,Mr.,Damiso,Josey,School Principal,josey.damiso@pps-nj.us,801 MILL ROAD," ",PLEASANTVILLE,NJ,"=""08232""",801 MILL ROAD," ",PLEASANTVILLE,NJ,"=""08232""",Mrs.,Mary,Gillespie,Anti-Bullying Specialist,,,,,"=""609-383-6865""",,,,,,,,1,1,1,,,,,,,"=""00219""",,,
"=""01""",ATLANTIC,"=""4180""",Pleasantville Public School District,"=""095""",South Main Street Elementary School,Ms.,Rayna,Hendricks,School Principal,hendricks.rayna@pps-nj.us,701 SOUTH MAIN STREET," ",PLEASANTVILLE,NJ,"=""08232-3223""",701 SOUTH MAIN STREET," ",PLEASANTVILLE,NJ,"=""08232-3223""",Ms.,Khadijah,Barnes,Anti-Bullying Specialist,,,,,"=""609-383-6800""",1,1,1,1,1,1,1,,,,,,,,,,"=""00202""",,,
"=""01""",ATLANTIC,"=""4180""",Pleasantville Public School District,"=""060""",Washington Avenue Elementary School,Mr.,Ramon,Santiago,School Principal,santiago.ramon@pps-nj.us,225 W  WASHINGTON AVENUE," ",PLEASANTVILLE,NJ,"=""08232""",225 W  WASHINGTON AVENUE," ",PLEASANTVILLE,NJ,"=""08232""",Ms.,Susan,Arthur,Anti-Bullying Specialist,,,,,"=""609-383-6865""",1,1,1,1,1,1,1,,,,,,,,,,"=""00194""",,,
"=""01""",ATLANTIC,"=""4240""",Port Republic School District,"=""050""",Port Republic Elementary School District,Mrs.,Amanda,Redrow,Chief School Administrator,aredrow@portnj.org,137 POMONA AVENUE," ",PORT REPUBLIC,NJ,"=""08241""",137 POMONA AVENUE," ",PORT REPUBLIC,NJ,"=""08241""",Mrs.,Erica,Polito,Anti-Bullying Specialist,Mrs.,Amanda,Redrow,School Homeless Liaison,"=""609-652-7377""",,1,1,1,1,1,1,1,1,1,,,,,,,"=""00204""",,,
"=""01""",ATLANTIC,"=""4800""",Somers Point School District,"=""050""",Dawes Avenue Elementary School,Mrs.,Melanie,Wagner,School Principal,mwagner@sptsd.org,22 W. Dawes Avenue," ",Somers Point,NJ,"=""08244-1408""",22 W. Dawes Avenue," ",Somers Point,NJ,"=""08244-1408""",Mrs.,Julie,Antell,Anti-Bullying Specialist,,,,,"=""609-653-1027""",,1,1,1,1,1,,,,,,,,,,,"=""00208""",,,
"=""01""",ATLANTIC,"=""4800""",Somers Point School District,"=""055""",Jordan Road Elementary School,Mr.,Theodore,Pugliese,School Principal,tpugliese@sptsd.org,129 Jordan Road," ",Somers Point,NJ,"=""08244-1408""",129 Jordan Road," ",Somers Point,NJ,"=""08244-1408""",Mr.,James,Scarano,Anti-Bullying Specialist,,,,,"=""609-927-7161""",1,,,,,,1,1,1,1,,,,,,,"=""00210""",,,
"=""01""",ATLANTIC,"=""5350""",Ventnor City School District,"=""045""",Ventnor Elementary School,Dr.,Carmela,Somershoe,School Principal,csomershoe@veccnj.org,400 N  LAFAYETTE AVENUE," ",VENTNOR,NJ,"=""08406""",400 N  LAFAYETTE AVENUE," ",VENTNOR,NJ,"=""08406""",Mrs.,Jenna,DiMauro,Anti-Bullying Specialist,,,,,"=""609-487-7900""",1,1,1,1,1,1,,,,,,,,,,,"=""00407""",,,
"=""01""",ATLANTIC,"=""5350""",Ventnor City School District,"=""040""",Ventnor Middle School,Mr.,Anthony,Lupo,School Principal,alupo@veccnj.org,VENTNOR EDUCATIONAL COMMUNITY,"400 N  LAFAYETTE AVENUE ",VENTNOR,NJ,"=""08406""",VENTNOR EDUCATIONAL COMMUNITY,"400 N  LAFAYETTE AVENUE ",VENTNOR,NJ,"=""08406""",Ms.,Chelsea,Hoffman,Anti-Bullying Specialist,,,,,"=""609-487-7900""",,,,,,,1,1,1,1,,,,,,,"=""00216""",,,
"=""01""",ATLANTIC,"=""5760""",Weymouth Township School District,"=""020""",Weymouth Township School,Mrs.,Brenda,Callaghan,Chief School Administrator,bcallaghan@weymouthtsd.org,1202 11TH AVENUE," ",DOROTHY,NJ,"=""08317""",1202 11TH AVENUE," ",DOROTHY,NJ,"=""08317-5511""",Mrs.,Lauren,Bakker,Anti-Bullying Specialist,,,,,"=""609-476-2412""",1,1,1,1,1,1,1,1,1,1,,,,,,,"=""00220""",https://www.facebook.com/WeymouthTownshipSchool,https://www.instagram.com/weymouthtownshiphawks,
"=""03""",BERGEN,"=""0040""",Allendale Public School District,"=""010""",Brookside School,Mr.,Bruce,Winkelstein,School Principal,bwinkelstein@allendalek8.com,100 Brookside Avenue," ",Allendale,NJ,"=""07401""",100 Brookside Avenue," ",Allendale,NJ,"=""07401""",Mrs.,Kristina,Vassallo,Anti-Bullying Specialist,,,,,"=""201-327-2020""",,,,,,1,1,1,1,1,,,,,,,"=""00224""",,,
"=""03""",BERGEN,"=""0040""",Allendale Public School District,"=""020""",Hillside Elementary School,Ms.,Anastasia,Maroulis,School Principal,amaroulis@allendalek8.com,89 Hillsdale Avenue," ",Allendale,NJ,"=""07401""",89 Hillsdale Avenue," ",Allendale,NJ,"=""07401""",Mrs.,Carlea,Dries,Anti-Bullying Specialist,,,,,"=""201-327-2020""",1,1,1,1,1,,,,,,,,,,,,"=""00226""",,,
"=""03""",BERGEN,"=""0080""",Alpine School District,"=""010""",Alpine Elementary School,Mr.,Krista,Grinkin,School Principal,grinkin@alpineschool.org,500 HILLSIDE AVENUE," ",ALPINE,NJ,"=""07620""",500 HILLSIDE AVENUE," ",ALPINE,NJ,"=""07620""",Mrs.,Kate,Arena,Anti-Bullying Specialist,Mrs.,Krista,Grinkin,School Homeless Liaison,"=""201-768-8255""",,1,1,1,1,1,1,1,1,1,,,,,,,"=""00228""",,,
"=""03""",BERGEN,"=""0285""",Bergen County Special Services School District,"=""100""",Autistic Continuum,Ms.,Lauren,Besante,School Principal,laubes@bergen.org,540 Farview Avenue," ",Paramus,NJ,"=""07652""",540 Farview Avenue," ",Paramus,NJ,"=""07652""",Ms.,Enid,Monzon,Anti-Bullying Specialist,,,,,"=""201-343-6000""",1,1,1,1,1,1,1,1,1,1,1,1,1,1,,,"=""00073""",,,
"=""03""",BERGEN,"=""0285""",Bergen County Special Services School District,"=""050""",Behavioral Continuum,Dr.,David,Perez,School Principal,dperez@bergen.org,540 Farview Avenue," ",Paramus,NJ,"=""07652-4832""",540 Farview Avenue," ",Paramus,NJ,"=""07652-4832""",Ms.,Deborah,Bizien,Anti-Bullying Specialist,,,,,"=""201-343-6000""",1,1,1,1,1,1,1,1,1,1,1,1,1,1,,,"=""00238""",,,
"=""03""",BERGEN,"=""0285""",Bergen County Special Services School District,"=""030""",Deaf and Hard of Hearing Continuum,Mr.,Will,Graulich,School Principal,wilgra@bergen.org,540 Farview Avenue," ",Paramus,NJ,"=""07652""",540 Farview Avenue," ",Paramus,NJ,"=""07652""",Ms.,Kristin,Rainbolt,Anti-Bullying Specialist,,,,,"=""201-343-6000""",1,1,1,1,1,1,1,1,1,1,1,1,1,1,,,"=""00234""",,,
"=""03""",BERGEN,"=""0285""",Bergen County Special Services School District,"=""070""",Life Skills Continuum,Mr.,Robert,Mortorano,School Principal,robmort@bergen.org,540 Farview Avenue," ",Paramus,NJ,"=""07652-4832""",540 Farview Avenue," ",Paramus,NJ,"=""07652-4832""",Ms.,Katherine,Dobbins,Anti-Bullying Specialist,,,,,"=""201-343-6000""",1,1,1,1,1,1,1,1,1,1,1,1,1,1,,,"=""00240""",,,
"=""03""",BERGEN,"=""0285""",Bergen County Special Services School District,"=""040""",Multiple Disabilities Continuum,Ms.,Kelly,Lopez,School Principal,kellope@bergen.org,540 Farview Avenue," ",Paramus,NJ,"=""07652-1831""",540 Farview Avenue," ",Paramus,NJ,"=""07652-1831""",Ms.,Elisa,Steccato,Anti-Bullying Specialist,,,,,"=""201-343-6000""",1,1,1,1,1,1,1,1,1,1,1,1,1,1,,,"=""06020""",,,
"=""03""",BERGEN,"=""0285""",Bergen County Special Services School District,"=""002""",N. A. Bleshman Regional Day School,Ms.,Gail,Coe,School Principal,gaicoe@bergen.org,333 EAST RIDGEWOOD AVENUE," ",PARAMUS,NJ,"=""07652""",333 EAST RIDGEWOOD AVENUE," ",PARAMUS,NJ,"=""07652""",Ms.,Erin,Davis,Anti-Bullying Specialist,,,,,"=""201-343-6000""",1,1,1,1,1,1,1,1,1,1,1,1,1,1,,,"=""06046""",,,
"=""03""",BERGEN,"=""0290""",Bergen County Vocational Technical School District,"=""300""",Applied Technology High School,Mr.,Dennis,Montone,School Principal,denmon@bergen.org,400 Paramus Road," ",Paramus,NJ,"=""07652""",400 Paramus Road," ",Paramus,NJ,"=""07652""",Ms.,Sydney,Zulli,Anti-Bullying Specialist,,,,,"=""201-343-6000""",,,,,,,,,,,1,1,1,1,,,"=""""",,,
"=""03""",BERGEN,"=""0290""",Bergen County Vocational Technical School District,"=""020""",Bergen County Academies,Mr.,Russell,Davis,School Principal,rusdav@bergen.org,200 Hackensack Avenue," ",Hackensack,NJ,"=""07601-6110""",200 Hackensack Avenue," ",Hackensack,NJ,"=""07601-6110""",Mrs.,Nancy,Scully-Sytsma,Anti-Bullying Specialist,,,,,"=""201-343-6000""",,,,,,,,,,,1,1,1,1,,,"=""00250""",,,
"=""03""",BERGEN,"=""0290""",Bergen County Vocational Technical School District,"=""301""",Bergen County Institute for Science and Technology,Ms.,Andrea,Sheridan,School Principal,andshe@bergen.org,162 Knickerbocker Road," ",Demarest,NJ,"=""07627""",540 Farview Avenue," ",Paramus,NJ,"=""07652""",Mrs.,Bridget,Sorem,Anti-Bullying Specialist,,,,,"=""201-343-6000""",,,,,,,,,,,1,1,1,1,,,"=""""",,,
"=""03""",BERGEN,"=""0290""",Bergen County Vocational Technical School District,"=""075""",Bergen County Technical High School - Paramus,Mr.,Jeremy,Wertheim,School Principal,jerwer@bergen.org,E.285 Pascack Road," ",Paramus,NJ,"=""07652-4237""",E.285 Pascack Road," ",Paramus,NJ,"=""07652-4237""",Mrs.,Marie,Bogdanowich,Anti-Bullying Specialist,,,,,"=""201-343-6000""",,,,,,,,,,,1,1,1,1,,,"=""00264""",,,
"=""03""",BERGEN,"=""0290""",Bergen County Vocational Technical School District,"=""030""",Bergen County Technical High School - Paramus,Mr.,Jeremy,Wertheim,School Principal,jerwer@bergen.org,E.285 Pascack Road," ",Paramus,NJ,"=""07652-4237""",E.285 Pascack Road," ",Paramus,NJ,"=""07652-4237""",Ms.,Marie,Bogdanowich,Anti-Bullying Specialist,,,,,"=""201-343-6000""",,,,,,,,,,,1,1,1,1,,,"=""00252""",,,
"=""03""",BERGEN,"=""0290""",Bergen County Vocational Technical School District,"=""070""",Bergen County Technical High School - Teterboro,Mr.,David,Tankard,School Principal,davtan@bergen.org,504 Route 46 West," ",Teterboro,NJ,"=""07608""",504 Route 46 West," ",Teterboro,NJ,"=""07608""",Ms.,Laura,Nardelli,Anti-Bullying Specialist,,,,,"=""201-343-6000""",,,,,,,,,,,1,1,1,1,,,"=""00262""",,,
"=""03""",BERGEN,"=""0290""",Bergen County Vocational Technical School District,"=""015""",Bergen County Technical Schools Adult & Continuing Education,Mr.,Victor,Lynch,School Principal,viclyn@bergen.org,200A Hackensack Avenue,"Adult Education Bldg. ",Hackensack,NJ,"=""07601""",200A Hackensack Avenue,"Adult Education Bldg. ",Hackensack,NJ,"=""07601""",Mrs.,Nancy,Sytsma,Anti-Bullying Specialist,,,,,"=""201-343-6000""",,,,,,,,,,,,,,,,,"=""""",,,
"=""03""",BERGEN,"=""0290""",Bergen County Vocational Technical School District,"=""302""",Career Innovation High School,Mr.,Jeremy,Wertheim,School Principal,jerwer@bergen.org,295 Pascack Road," ",Paramus,NJ,"=""07652""",295 Pascack Road," ",Paramus,NJ,"=""07652""",Ms.,Sydney,Zulli,Anti-Bullying Specialist,,,,,"=""201-343-6000""",,,,,,,,,,,1,1,1,1,,,"=""""",,,
"=""03""",BERGEN,"=""0300""",Bergenfield Borough School District,"=""020""",Bergenfield High School,Mr.,Robert,Ragasa,School Principal,rragasa@bergenfield.org,80 S PROSPECT AVE," ",BERGENFIELD,NJ,"=""07621-1958""",80 S PROSPECT AVE," ",BERGENFIELD,NJ,"=""07621-1958""",Ms.,Linda,DePinto,Anti-Bullying Specialist,,,,,"=""201-385-8600""",,,,,,,,,,,1,1,1,1,,,"=""00268""",,,
"=""03""",BERGEN,"=""0300""",Bergenfield Borough School District,"=""040""",Franklin Elementary School,Mr.,Everett,Thompson,School Principal,ethompson@bergenfield.org,2 N  FRANKLIN AVENUE," ",BERGENFIELD,NJ,"=""07621""",2 N  FRANKLIN AVENUE," ",BERGENFIELD,NJ,"=""07621""",Ms.,Katherine,Villone,Anti-Bullying Specialist,,,,,"=""201-385-8581""",1,1,1,1,1,1,1,,,,,,,,,,"=""00270""",,,
"=""03""",BERGEN,"=""0300""",Bergenfield Borough School District,"=""050""",Hoover Elementary School,Mr.,William,Fleming,School Principal,wfleming@bergenfield.org,273 MURRAY HILL TERRACE," ",BERGENFIELD,NJ,"=""07621""",273 MURRAY HILL TERRACE," ",BERGENFIELD,NJ,"=""07621""",Ms.,Joann,Ruiz-Vazquez,Anti-Bullying Specialist,,,,,"=""201-385-8582""",1,1,1,1,1,1,1,,,,,,,,,,"=""00272""",,,
"=""03""",BERGEN,"=""0300""",Bergenfield Borough School District,"=""060""",Jefferson Elementary School,Mr.,Craig,Vogt,School Principal,cvogt@bergenfield.org,200 HICKORY AVENUE," ",BERGENFIELD,NJ,"=""07621""",200 HICKORY AVENUE," ",BERGENFIELD,NJ,"=""07621""",Mrs.,Stephanie,Rossi,Anti-Bullying Specialist,,,,,"=""201-385-8804""",,1,1,1,1,1,1,,,,,,,,,,"=""00274""",,,
"=""03""",BERGEN,"=""0300""",Bergenfield Borough School District,"=""070""",Lincoln Elementary School,Mr.,James,Mitchel,School Principal,jmitchel@bergenfield.org,115 HIGHVIEW AVENUE," ",BERGENFIELD,NJ,"=""07621""",115 HIGHVIEW AVENUE," ",BERGENFIELD,NJ,"=""07621""",Ms.,Cynthia,Perez,Anti-Bullying Specialist,,,,,"=""201-385-8759""",1,1,1,1,1,1,1,,,,,,,,,,"=""00276""",,,
"=""03""",BERGEN,"=""0300""",Bergenfield Borough School District,"=""075""",Roy W. Brown Middle School,Mr.,Dominick,Rotante,School Principal,drotante@bergenfield.org,130 S WASHINGTON AVE," ",BERGENFIELD,NJ,"=""07621-2902""",130 S WASHINGTON AVE," ",BERGENFIELD,NJ,"=""07621-2902""",Ms.,Kelly,Braun,Anti-Bullying Specialist,,,,,"=""201-385-8847""",,,,,,,,1,1,1,,,,,,,"=""00278""",,,
"=""03""",BERGEN,"=""0300""",Bergenfield Borough School District,"=""080""",Washington Elementary School,Mr.,Thomas,Lawrence,School Principal,tlawrence@bergenfield.org,49 S  SUMMIT STREET," ",BERGENFIELD,NJ,"=""07621""",49 S  SUMMIT STREET," ",BERGENFIELD,NJ,"=""07621""",Ms.,Leslie,Zapata,Anti-Bullying Specialist,,,,,"=""201-385-8771""",,1,1,1,1,1,1,,,,,,,,,,"=""00280""",,,
"=""03""",BERGEN,"=""0440""",Bogota Public School District,"=""020""",Bogota Jr./Sr. High School,Dr.,Jeannie,Paz,School Principal,jpaz@bogotaboe.com,2 HENRY C  LUTHIN PLACE," ",BOGOTA,NJ,"=""07603""",2 HENRY C  LUTHIN PLACE," ",BOGOTA,NJ,"=""07603""",Mr.,Evan,Arlington,Anti-Bullying Specialist,,,,,"=""201-441-4808""",,,,,,,,,,1,1,1,1,1,,,"=""00284""",,,https://x.com/bogotapublic
"=""03""",BERGEN,"=""0440""",Bogota Public School District,"=""300""",Bogota Middle School,Mr.,Christopher,Albiez,School Principal,calbiez@bogotaboe.com,131 East Fort Lee Road," ",Bogota,NJ,"=""07603""",131 East Fort Lee Road," ",Bogota,NJ,"=""07603""",Ms.,Aimee,Gianino,Anti-Bullying Specialist,,,,,"=""201-441-4800""",,,,,,,,1,1,,,,,,,,"=""03525""",,,https://x.com/bogotapublic
"=""03""",BERGEN,"=""0440""",Bogota Public School District,"=""030""",E. Roy Bixby,Ms.,Priscilla,Ortiz,School Principal,portiz@bogotaboe.com,25 FISCHER AVE," ",BOGOTA,NJ,"=""07603""",25 FISCHER AVE," ",BOGOTA,NJ,"=""07603""",Ms.,Leah,Pimentel,Anti-Bullying Specialist,,,,,"=""201-441-4834""",1,1,1,1,,,,,,,,,,,,,"=""00286""",,,https://x.com/bogotapublic
"=""03""",BERGEN,"=""0440""",Bogota Public School District,"=""050""",Lillian M. Steen,Ms.,Kelly,DeCongelio,School Principal,kdecongelio@bogotaboe.com,134 W. Main," ",BOGOTA,NJ,"=""07603""",134 W. Main," ",BOGOTA,NJ,"=""07603""",Mr.,Michael,Ajagbe,Anti-Bullying Specialist,,,,,"=""201-342-6446""",,,,,1,1,1,,,,,,,,,,"=""00290""",,,https://x.com/bogotapublic
"=""03""",BERGEN,"=""0740""",Carlstadt Public School District,"=""050""",Carlstadt Public School,Mrs.,Kelly,Schroback,School Principal,kschroback@carlstadtps.org,550 WASHINGTON STREET," ",CARLSTADT,NJ,"=""07072""",550 WASHINGTON STREET," ",CARLSTADT,NJ,"=""07072""",Mrs.,Rianna,Scrubb,Anti-Bullying Specialist,Mrs.,Susan,Kiely,School Homeless Liaison,"=""201-672-3000""",1,1,1,1,1,1,1,1,1,1,,,,,,,"=""00813""",,,
"=""03""",BERGEN,"=""0745""",Carlstadt-East Rutherford Regional High School District,"=""050""",Henry P. Becton Regional High School,Mr.,Bononno,James,School Principal,jbononno@bectonhs.org,120 PATERSON AVENUE," ",EAST RUTHERFORD,NJ,"=""07073""",120 PATERSON AVENUE," ",EAST RUTHERFORD,NJ,"=""07073""",Ms.,Melissa,Mitchell,Anti-Bullying Specialist,,,,,"=""201-935-3007""",,,,,,,,,,,1,1,1,1,,,"=""00300""",,https://www.instagram.com/bectonregional,https://x.com/BectonHS
"=""03""",BERGEN,"=""0890""",Cliffside Park School District,"=""030""",Cliffside Park High School,Mr.,Jonathan,Jannucci,School Principal,jjannucci@cliffsidepark.edu,64 Riverview Avenue," ",CLIFFSIDE PARK,NJ,"=""07010""",64 Riverview Avenue," ",CLIFFSIDE PARK,NJ,"=""07010""",Mrs.,Tatiana,Prais,Anti-Bullying Specialist,,,,,"=""201-313-2370""",,,,,,,,,,,1,1,1,1,,,"=""00304""",,,
"=""03""",BERGEN,"=""0890""",Cliffside Park School District,"=""050""",School #3,Mrs.,Barbara,Bracco,School Principal,bbracco@cliffsidepark.edu,397 PALISADE AVENUE," ",CLIFFSIDE PARK,NJ,"=""07010""",397 PALISADE AVENUE," ",CLIFFSIDE PARK,NJ,"=""07010""",Ms.,Jill,Guider,Anti-Bullying Specialist,,,,,"=""201-313-2330""",1,1,1,1,1,1,,,,,,,,,,,"=""00306""",,,
"=""03""",BERGEN,"=""0890""",Cliffside Park School District,"=""060""",School #4,Mrs.,Jaclyn,Roussos,School Principal,jroussos@cliffsidepark.edu,279 COLUMBIA AVENUE," ",CLIFFSIDE PARK,NJ,"=""07010""",279 COLUMBIA AVENUE," ",CLIFFSIDE PARK,NJ,"=""07010""",Ms.,Katie,Thoma,Anti-Bullying Specialist,,,,,"=""201-313-2340""",1,1,1,1,1,1,,,,,,,,,,,"=""00308""",,,
"=""03""",BERGEN,"=""0890""",Cliffside Park School District,"=""070""",School #5,Mrs.,Dana,Martinotti,School Principal,dmartinotti@cliffsidepark.edu,214 DAY AVE," ",CLIFFSIDE PARK,NJ,"=""07010""",214 DAY AVE," ",CLIFFSIDE PARK,NJ,"=""07010""",Ms.,Amy,Orso,Anti-Bullying Specialist,,,,,"=""201-313-2350""",1,1,1,1,1,1,,,,,,,,,,,"=""00310""",,,
"=""03""",BERGEN,"=""0890""",Cliffside Park School District,"=""080""",School #6/Middle School,Mr.,Robert,Bargna,School Principal,rbargna@cliffsidepark.edu,440 OAKDENE AVE," ",CLIFFSIDE PARK,NJ,"=""07010""",440 OAKDENE AVE," ",CLIFFSIDE PARK,NJ,"=""07010""",Ms.,Maria,De Chiara,Anti-Bullying Specialist,,,,,"=""201-313-2360""",,,,,,,1,1,1,1,,,,,,,"=""00312""",,,
"=""03""",BERGEN,"=""0930""",Closter Public School District,"=""050""",Hillside Elementary School,Ms.,Dianne,Smith,School Principal,dmsmith@nvnet.org,340 Homans Avenue," ",CLOSTER,NJ,"=""07624-2907""",340 Homans Avenue," ",CLOSTER,NJ,"=""07624-2907""",Mrs.,Dara,Weiss,Anti-Bullying Specialist,,,,,"=""201-768-3860""",1,1,1,1,1,1,,,,,,,,,,,"=""00316""",,,
"=""03""",BERGEN,"=""0930""",Closter Public School District,"=""060""",Tenakill Middle School,Ms.,Christine,Cipollini,School Principal,CipolliniC@nvnet.org,275 High Street," ",CLOSTER,NJ,"=""07624-1809""",275 High Street," ",CLOSTER,NJ,"=""07624-1809""",Ms.,Callie,Stabile,Anti-Bullying Specialist,,,,,"=""201-768-1332""",,,,,,,1,1,1,1,,,,,,,"=""00318""",,,
"=""03""",BERGEN,"=""0990""",Cresskill Public School District,"=""040""",Cresskill High School,Mr.,John,Massaro,School Principal,jmassaro@cresskillnj.net,1 Lincoln Drive," ",Cresskill,NJ,"=""07626""",1 Lincoln Drive," ",Cresskill,NJ,"=""07626""",Ms.,Rachel,Cohen,Anti-Bullying Specialist,,,,,"=""201-227-7791""",,,,,,,,,,,1,1,1,1,,,"=""00324""",,,
"=""03""",BERGEN,"=""0990""",Cresskill Public School District,"=""045""",Cresskill Middle School,Mr.,John,Massaro,School Principal,jmassaro@cresskillnj.net,1 Lincoln Drive," ",Cresskill,NJ,"=""07626""",1 Lincoln Drive," ",Cresskill,NJ,"=""07626""",Mr.,Michael,Zelizo,Anti-Bullying Specialist,,,,,"=""201-227-7791""",,,,,,,,1,1,1,,,,,,,"=""02993""",,,
"=""03""",BERGEN,"=""0990""",Cresskill Public School District,"=""050""",Edward H. Bryan,Dr.,Dayle,Collins,School Principal,dcollins@cresskillnj.net,51 BROOKSIDE AVE," ",CRESSKILL,NJ,"=""07626""",51 BROOKSIDE AVE," ",CRESSKILL,NJ,"=""07626""",Ms.,Lisa,Ruane,Anti-Bullying Specialist,,,,,"=""201-227-7791""",1,1,1,1,1,1,1,,,,,,,,,,"=""00326""",,,
"=""03""",BERGEN,"=""0990""",Cresskill Public School District,"=""060""",Merritt Memorial,Ms.,Jacqueline,Peguero,School Principal,jpeguero@cresskillnj.net,1 DOGWOOD LANE," ",CRESSKILL,NJ,"=""07626""",1 DOGWOOD LANE," ",CRESSKILL,NJ,"=""07626""",Ms.,Christina,Futterknecht,Anti-Bullying Specialist,,,,,"=""201-227-7791""",,,1,1,1,1,1,,,,,,,,,,"=""00328""",,,
"=""03""",BERGEN,"=""1070""",Demarest School District,"=""030""",County Road School,Mr.,Frank,Mazzini,School Principal,mazzinif@nvnet.org,130 COUNTY RD," ",DEMAREST,NJ,"=""07627-2431""",130 COUNTY RD," ",DEMAREST,NJ,"=""07627-2431""",Ms.,Veronica,Conover,Anti-Bullying Specialist,,,,,"=""201-768-6060""",1,1,1,,,,,,,,,,,,,,"=""00332""",,,
"=""03""",BERGEN,"=""1070""",Demarest School District,"=""040""",Demarest Middle School,Mr.,Jonathon,Regan,School Principal,regan@nvnet.org,568 PIERMONT RD," ",DEMAREST,NJ,"=""07627-1617""",568 PIERMONT RD," ",DEMAREST,NJ,"=""07627-1617""",Mrs.,Emily,DiGiovanni,Anti-Bullying Specialist,,,,,"=""201-768-6060""",,,,,,,1,1,1,1,,,,,,,"=""00334""",,,
"=""03""",BERGEN,"=""1070""",Demarest School District,"=""050""",Luther Lee Emerson School,Mr.,Frank,Mazzini,School Principal,mazzinif@nvnet.org,15 COLUMBUS ROAD," ",DEMAREST,NJ,"=""07627""",15 COLUMBUS ROAD," ",DEMAREST,NJ,"=""07627""",Mrs.,Danielle,Spence,Anti-Bullying Specialist,,,,,"=""201-768-6060""",,,,1,1,1,,,,,,,,,,,"=""06085""",,,
"=""03""",BERGEN,"=""1130""",Dumont Public School District,"=""040""",Dumont High School,Mr.,Andrew,Garcia,School Principal,dgarcia@dumontnj.org,101 NEW MILFORD AVE," ",DUMONT,NJ,"=""07628-2913""",101 NEW MILFORD AVE," ",DUMONT,NJ,"=""07628-2913""",Mrs.,Patricia,Connelly,Anti-Bullying Specialist,,,,,"=""201-387-3000""",,,,,,,,,,,1,1,1,1,,,"=""00340""",,https://www.instagram.com/Dumont_HS,https://x.com/Dumont_HS
"=""03""",BERGEN,"=""1130""",Dumont Public School District,"=""050""",Grant Elementary School,Mrs.,Sheri,Weinstein,School Principal,gweinstein@dumontnj.org,100 GRANT AVE," ",DUMONT,NJ,"=""07628-1650""",100 GRANT AVE," ",DUMONT,NJ,"=""07628-1650""",Mrs.,Christie,Abromowicz,Anti-Bullying Specialist,,,,,"=""201-387-3050""",,1,1,1,1,1,1,,,,,,,,,,"=""00342""",,https://www.instagram.com/dumontgrantschool,https://x.com/Dumont_Grant
"=""03""",BERGEN,"=""1130""",Dumont Public School District,"=""060""",Honiss Elementary\Middle School,Dr.,Karen,Bennett,School Principal,hbennett@dumontnj.org,31 DEPEW ST," ",DUMONT,NJ,"=""07628-3601""",31 DEPEW ST," ",DUMONT,NJ,"=""07628-3601""",Mrs.,Sonali,Gurjar,Anti-Bullying Specialist,,,,,"=""201-387-3020""",,1,1,1,1,1,1,1,1,1,,,,,,,"=""00344""",,https://www.instagram.com/honissschooldumont,https://x.com/Dumont_Honiss
"=""03""",BERGEN,"=""1130""",Dumont Public School District,"=""070""",Lincoln Elementary School,Mr.,Luis,Lopez,School Principal,llopez@dumontnj.org,80 PROSPECT AVE," ",DUMONT,NJ,"=""07628-2736""",80 PROSPECT AVE," ",DUMONT,NJ,"=""07628-2736""",Mrs.,Christie,Abromowicz,Anti-Bullying Specialist,,,,,"=""201-387-3040""",,1,1,1,1,1,1,,,,,,,,,,"=""00346""",,https://www.instagram.com/lincolnschooldumont,https://x.com/Dumont_Lincoln
"=""03""",BERGEN,"=""1130""",Dumont Public School District,"=""080""",Selzer Elementary\Middle School,Mr.,Michael,DeSocio,School Principal,sdesocio@dumontnj.org,435 PROSPECT AVE," ",DUMONT,NJ,"=""07628-1417""",435 PROSPECT AVE," ",DUMONT,NJ,"=""07628-1417""",Ms.,Jaclyn,Mandile,Anti-Bullying Specialist,,,,,"=""201-387-3030""",1,1,1,1,1,1,1,1,1,1,,,,,,,"=""00348""",,https://www.instagram.com/selzerschooldumont,https://x.com/Dumont_Selzer
"=""03""",BERGEN,"=""1230""",East Rutherford School District,"=""040""",Alfred S. Faust Middle School,Mr.,Peter,Vilardi,School Principal,pvilardi@erboe.net,100 Uhland Street," ",East Rutherford,NJ,"=""07073""",100 Uhland Street," ",East Rutherford,NJ,"=""07073""",Mrs.,Renee,Romaglia,Anti-Bullying Specialist,,,,,"=""201-804-3100""",,,,,,,,1,1,1,,,,,,,"=""00352""",,,
"=""03""",BERGEN,"=""1230""",East Rutherford School District,"=""300""",Lincoln School,Mr.,Peter,Vilardi,School Principal,pvilardi@erboe.net,258 Grove Street," ",East Rutherford,NJ,"=""07073""",258 Grove Street," ",East Rutherford,NJ,"=""07073""",Mrs.,Renee,Romaglia,Anti-Bullying Specialist,,,,,"=""201-636-7340""",,,,,,1,1,,,,,,,,,,"=""06136""",,,
"=""03""",BERGEN,"=""1230""",East Rutherford School District,"=""080""",McKenzie School,Mrs.,Regina,Barrale,School Principal,rbarriale@erboe.net,125 CARLTON AVENUE," ",EAST RUTHERFORD,NJ,"=""07073""",125 CARLTON AVENUE," ",EAST RUTHERFORD,NJ,"=""07073""",Mrs.,Jamie,Lee,Anti-Bullying Specialist,,,,,"=""201-531-1235""",1,1,1,1,1,,,,,,,,,,,,"=""00474""",,,
"=""03""",BERGEN,"=""1270""",Edgewater School District,"=""050""",Eleanor Van Gelder,Mr.,Jonathan,Frega,School Principal,jfrega@edgewaterschools.org,251 UNDERCLIFF AVE," ",EDGEWATER,NJ,"=""07020-1112""",251 UNDERCLIFF AVE," ",EDGEWATER,NJ,"=""07020-1112""",Ms.,Sarah,Rubacky,Anti-Bullying Specialist,,,,,"=""201-945-4106""",,,,,1,1,1,1,,,,,,,,,"=""00362""",,,
"=""03""",BERGEN,"=""1270""",Edgewater School District,"=""300""",George Washington School,Mr.,Kyle,McCormick,School Principal,kmccormick@edgewaterschools.org,801 Undercliff Ave," ",Edgewater,NJ,"=""07020""",801 Undercliff Ave," ",Edgewater,NJ,"=""07020""",Mrs.,Nicole,Mella,Anti-Bullying Specialist,,,,,"=""201-886-3480""",1,1,1,1,,,,,,,,,,,,,"=""""",,,
"=""03""",BERGEN,"=""1345""",Elmwood Park School District,"=""070""",Gantner Avenue School,Ms.,Allison,Jackter,School Principal,Jackter@epps.org,99 ROOSEVELT AVE," ",ELMWOOD PARK,NJ,"=""07407-1152""",99 ROOSEVELT AVE," ",ELMWOOD PARK,NJ,"=""07407-1152""",Ms.,Erminia,Donatiello,Anti-Bullying Specialist,,,,,"=""201-796-8700""",,1,1,1,1,1,1,,,,,,,,,,"=""00372""",,,
"=""03""",BERGEN,"=""1345""",Elmwood Park School District,"=""080""",Gilbert Avenue School,Mr.,Michael,Alberta,School Principal,malberta@epps.org,151 GILBERT AVENUE," ",ELMWOOD PARK,NJ,"=""07407""",151 GILBERT AVENUE," ",ELMWOOD PARK,NJ,"=""07407""",Mrs.,Haneen,Saleh,Anti-Bullying Specialist,,,,,"=""201-796-8700""",1,1,1,1,1,1,1,,,,,,,,,,"=""00374""",,,
"=""03""",BERGEN,"=""1345""",Elmwood Park School District,"=""060""",Memorial Middle School,Ms.,Karen,Fasouletos,School Principal,kfasouletos@epps.org,375 RIVER DRIVE," ",ELMWOOD PARK,NJ,"=""07407-1622""",375 RIVER DRIVE," ",ELMWOOD PARK,NJ,"=""07407-1622""",Ms.,Dominique,Spataro,Anti-Bullying Specialist,,,,,"=""201-796-8700""",,,,,,,,1,1,1,,,,,,,"=""00075""",,,
"=""03""",BERGEN,"=""1345""",Elmwood Park School District,"=""050""",Memorial Senior High School,Ms.,Corinne,DiMartino,School Principal,DiMartino@epps.org,375 RIVER DR," ",ELMWOOD PARK,NJ,"=""07407-1622""",375 RIVER DR," ",ELMWOOD PARK,NJ,"=""07407-1622""",Ms.,Kelly,Terranova,Anti-Bullying Specialist,,,,,"=""201-796-8700""",,,,,,,,,,,1,1,1,1,,,"=""00368""",,,
"=""03""",BERGEN,"=""1345""",Elmwood Park School District,"=""090""",Sixteenth Avenue School,Ms.,Danielle,Sharples,School Principal,dsharples@epps.org,73 SIXTEENTH AVENUE," ",ELMWOOD PARK,NJ,"=""07407-2925""",73 SIXTEENTH AVENUE," ",ELMWOOD PARK,NJ,"=""07407-2925""",Ms.,Deanna,Palmiere,Anti-Bullying Specialist,,,,,"=""201-796-8700""",1,1,1,1,1,1,1,,,,,,,,,,"=""00376""",,,
"=""03""",BERGEN,"=""1360""",Emerson Public School District,"=""050""",Emerson Jr Sr High,Mr.,Brian,Hutchinson,School Principal,bhutchinson@emersonschools.org,131 Main Street," ",Emerson,NJ,"=""07630""",131 Main Street," ",Emerson,NJ,"=""07630""",Mr.,Brian,Ponchak,Anti-Bullying Specialist,,,,,"=""201-262-4447""",,,,,,,,,1,1,1,1,1,1,,,"=""00380""",,,
"=""03""",BERGEN,"=""1360""",Emerson Public School District,"=""070""",Memorial School,Mrs.,Kristin,Gagliano,School Principal,kgagliano@emersonschools.org,1 Haines Avenue," ",Emerson,NJ,"=""07630""",1 Haines Avenue," ",Emerson,NJ,"=""07630""",Ms.,Ana,Gashi,Anti-Bullying Specialist,,,,,"=""201-599-7580""",1,1,1,1,1,,,,,,,,,,,,"=""00384""",,,
"=""03""",BERGEN,"=""1360""",Emerson Public School District,"=""060""",Patrick M Villano School,Mrs.,Jessica,Espinoza,School Principal,jespinoza@emersonschools.org,175 Linwood Avenue," ",Emerson,NJ,"=""07630-1847""",175 Linwood Avenue," ",Emerson,NJ,"=""07630-1847""",Ms.,Amanda,Binetti,Anti-Bullying Specialist,,,,,"=""201-262-4049""",,,,,,1,1,1,,,,,,,,,"=""00382""",,,
"=""03""",BERGEN,"=""1380""",Englewood Cliffs School District,"=""040""",North Cliff School,Mr.,Colin,Winch,School Principal,cwinch@englewoodcliffs.org,700 FLOYD ST," ",ENGLEWOOD CLIFFS,NJ,"=""07632""",700 FLOYD ST," ",ENGLEWOOD CLIFFS,NJ,"=""07632""",Mrs.,Stephanie,DePiano,Anti-Bullying Specialist,,,,,"=""201-568-4770""",1,1,1,1,,,,,,,,,,,,,"=""00402""",,,
"=""03""",BERGEN,"=""1380""",Englewood Cliffs School District,"=""060""",Upper School,Mr.,Colin,Winch,School Principal,cwinch@englewoodcliffs.org,143 CHARLOTTE PL," ",ENGLEWOOD CLIFFS,NJ,"=""07632""",143 CHARLOTTE PL," ",ENGLEWOOD CLIFFS,NJ,"=""07632""",Mrs.,Jennifer,LaRosa,Anti-Bullying Specialist,,,,,"=""201-567-7292""",,,,,1,1,1,1,1,1,,,,,,,"=""00406""",,,
"=""03""",BERGEN,"=""1370""",Englewood Public School District,"=""070""",Donald A. Quarles Early Childhood Center,Mrs.,Arlene,Ng,School Principal,ang@epsd.org,186 Davison Place," ",ENGLEWOOD,NJ,"=""07631""",186 Davison Place," ",ENGLEWOOD,NJ,"=""07631""",Mrs.,Yolanda,Salazar,Anti-Bullying Specialist,,,,,"=""201-862-6113""",1,1,,,,,,,,,,,,,,,"=""00392""",,,
"=""03""",BERGEN,"=""1370""",Englewood Public School District,"=""086""",Dr. John Grieco Elementary School,Mr.,Lamarr,Thomas,School Principal,lthomas@epsd.org,50 Durie Ave," ",Englewood,NJ,"=""07631""",50 Durie Ave," ",Englewood,NJ,"=""07631""",Ms.,Zeneyda,Cabral,Anti-Bullying Specialist,,,,,"=""201-862-6164""",,,1,1,1,,,,,,,,,,,,"=""03063""",,,
"=""03""",BERGEN,"=""1370""",Englewood Public School District,"=""060""",Dr. Leroy McCloud Elementary School,Mr.,Joseph,Armental,School Principal,jarmental@epsd.org,325 TENAFLY RD," ",ENGLEWOOD,NJ,"=""07631-1742""",325 TENAFLY RD," ",ENGLEWOOD,NJ,"=""07631-1742""",Mr.,Gabriel,Cajes,Anti-Bullying Specialist,,,,,"=""201-862-6155""",,,,,,1,1,1,,,,,,,,,"=""00390""",,,
"=""03""",BERGEN,"=""1370""",Englewood Public School District,"=""040""",Dwight Morrow High School/Academies@Englewood,Mr.,Jorge,Osoria,School Principal,josoria@epsd.org,274 KNICKERBOCKER RD," ",ENGLEWOOD,NJ,"=""07631-1534""",274 KNICKERBOCKER RD," ",ENGLEWOOD,NJ,"=""07631-1534""",Ms.,Juannys,Guzman,Anti-Bullying Specialist,,,,,"=""201-862-6039""",,,,,,,,,,,1,1,1,1,,,"=""00388""",,,
"=""03""",BERGEN,"=""1370""",Englewood Public School District,"=""076""",Janis E. Dismus Middle School,Dr.,Laura,Mathieu,School Principal,lmathieu@epsd.org,325 Tryon Avenue," ",ENGLEWOOD,NJ,"=""07631""",325 Tryon Avenue," ",ENGLEWOOD,NJ,"=""07631""",Mr.,Zuri,Golston,Anti-Bullying Specialist,,,,,"=""201-862-6005""",,,,,,,,,1,1,,,,,,,"=""00394""",,,
"=""03""",BERGEN,"=""1450""",Fair Lawn Public School District,"=""050""",Fair Lawn High School,Mr.,Paul,Gorski,School Principal,pgorski@fairlawnschools.org,14  00 BERDAN AVENUE," ",FAIR LAWN,NJ,"=""07410""",14  00 BERDAN AVENUE," ",FAIR LAWN,NJ,"=""07410""",Ms.,Gillian,Giancaspro,Anti-Bullying Specialist,,,,,"=""201-794-5450""",,,,,,,,,,,1,1,1,1,,,"=""00410""",,,
"=""03""",BERGEN,"=""1450""",Fair Lawn Public School District,"=""080""",Henry B. Milnes Elementary School,Mrs.,Stephanie,Primavera,School Principal,sprimavera@fairlawnschools.org,8-01 PHILLIP ST," ",FAIR LAWN,NJ,"=""07410""",8-01 PHILLIP ST," ",FAIR LAWN,NJ,"=""07410""",Mrs.,Susan,Brosnick,Anti-Bullying Specialist,,,,,"=""201-794-5550""",,1,1,1,1,1,,,,,,,,,,,"=""00416""",,,
"=""03""",BERGEN,"=""1450""",Fair Lawn Public School District,"=""085""",John A. Forrest Elementary School,Mr.,Damon,Placenti,School Principal,dplacenti@fairlawnschools.org,10 - 00 HOPPER AVE," ",FAIR LAWN,NJ,"=""07410-1815""",10 - 00 HOPPER AVE," ",FAIR LAWN,NJ,"=""07410-1815""",Dr.,Lily,Shinkar,Anti-Bullying Specialist,,,,,"=""201-794-5565""",,1,1,1,1,1,,,,,,,,,,,"=""00418""",,,
"=""03""",BERGEN,"=""1450""",Fair Lawn Public School District,"=""100""",Lyncrest Elementary School,Mrs.,Kelly,Diee,School Principal,kdiee@fairlawnschools.org,9-04 MORLOT AVE," ",FAIR LAWN,NJ,"=""07410""",9-04 MORLOT AVE," ",FAIR LAWN,NJ,"=""07410""",Ms.,Kerry,Callahan,Anti-Bullying Specialist,,,,,"=""201-794-5555""",,1,1,1,1,1,,,,,,,,,,,"=""00420""",,,
"=""03""",BERGEN,"=""1450""",Fair Lawn Public School District,"=""070""",Memorial Middle School,Mrs.,Nancy,Schwindt,School Principal,nschwindt@fairlawnschools.org,12 - 00 FIRST STREET," ",FAIR LAWN,NJ,"=""07410""",12 - 00 FIRST STREET," ",FAIR LAWN,NJ,"=""07410""",Ms.,Katelyn,Cofrancesco,Anti-Bullying Specialist,,,,,"=""201-794-5470""",,,,,,,1,1,1,1,,,,,,,"=""00414""",,,
"=""03""",BERGEN,"=""1450""",Fair Lawn Public School District,"=""110""",Radburn Elementary School,Mrs.,Jill,Lindsay,School Principal,jlindsay@fairlawnschools.org,18-00 RADBURN RD," ",FAIR LAWN,NJ,"=""07410""",18-00 RADBURN RD," ",FAIR LAWN,NJ,"=""07410""",Ms.,Christine,Murphy,Anti-Bullying Specialist,,,,,"=""201-794-5480""",,1,1,1,1,1,,,,,,,,,,,"=""00422""",,,
"=""03""",BERGEN,"=""1450""",Fair Lawn Public School District,"=""060""",Thomas Jefferson Middle School,Mr.,Michael,Weaver,School Principal,mweaver@fairlawnschools.org,35 - 01 MORLOT AVENUE," ",FAIR LAWN,NJ,"=""07410-4919""",35 - 01 MORLOT AVENUE," ",FAIR LAWN,NJ,"=""07410-4919""",Ms.,Danielle,Hichak,Anti-Bullying Specialist,,,,,"=""201-703-2240""",,,,,,,1,1,1,1,,,,,,,"=""00053""",,,
"=""03""",BERGEN,"=""1450""",Fair Lawn Public School District,"=""140""",Warren Point Elementary School,Mrs.,Suzanne,Gons,School Principal,sgons@fairlawnschools.org,30-07 BROADWAY," ",FAIR LAWN,NJ,"=""07410-3918""",30-07 BROADWAY," ",FAIR LAWN,NJ,"=""07410-3918""",Mrs.,Jamie,Cerelli,Anti-Bullying Specialist,,,,,"=""201-794-5571""",,1,1,1,1,1,,,,,,,,,,,"=""00426""",,,
"=""03""",BERGEN,"=""1450""",Fair Lawn Public School District,"=""160""",Westmoreland Elementary School,Mrs.,Christine,Dell Aglio,School Principal,cdellaglio@fairlawnschools.org,16-50 Parmelee Ave.," ",FAIR LAWN,NJ,"=""07410""",16-50 Parmelee Ave.," ",FAIR LAWN,NJ,"=""07410""",Ms.,Katherine,Wiseman,Anti-Bullying Specialist,,,,,"=""201-794-5490""",1,1,1,1,1,1,,,,,,,,,,,"=""00430""",,,
"=""03""",BERGEN,"=""1470""",Fairview Public School District,"=""060""",Lincoln School,Mrs.,Betty,Puente,School Principal,bpuente@fairviewps.org,140 ANDERSON  AVENUE," ",FAIRVIEW,NJ,"=""07022""",140 ANDERSON  AVENUE," ",FAIRVIEW,NJ,"=""07022""",Ms.,ChrisAnne,Nielsen,Anti-Bullying Specialist,,,,,"=""201-943-0560""",1,,,,1,1,1,1,1,1,,,,,,,"=""00436""",,,
"=""03""",BERGEN,"=""1470""",Fairview Public School District,"=""065""",Lincoln School Annex,Mrs.,Veronica,Scerbo,School Principal,vscerbo@fairviewps.org,130 HAMILTON AVENUE," ",FAIRVIEW,NJ,"=""07022""",130 HAMILTON AVENUE," ",FAIRVIEW,NJ,"=""07022""",Mrs.,ChrisAnne,Nielsen,Anti-Bullying Specialist,,,,,"=""201-943-0564""",1,1,,,,,,,,,,,,,,,"=""00256""",,,
"=""03""",BERGEN,"=""1470""",Fairview Public School District,"=""080""",Number Three School,Mrs.,Maria,Kushi,School Principal,mkushi@fairviewps.org,403 CLIFF STREET," ",FAIRVIEW,NJ,"=""07022""",403 CLIFF STREET," ",FAIRVIEW,NJ,"=""07022""",Ms.,Genesis,Garcia,Anti-Bullying Specialist,,,,,"=""201-943-0563""",1,1,1,1,1,1,,,,,,,,,,,"=""00438""",,,
"=""03""",BERGEN,"=""1550""",Fort Lee School District,"=""050""",Fort Lee High School,Ms.,Lauren,Glynn,School Principal,lglynn@flboe.com,3000 LEMOINE AVE," ",FORT LEE,NJ,"=""07024""",3000 LEMOINE AVE," ",FORT LEE,NJ,"=""07024""",Mr.,David,Cuozzo,Anti-Bullying Specialist,,,,,"=""201-585-4675""",,,,,,,,,,,1,1,1,1,,,"=""00442""",,,
"=""03""",BERGEN,"=""1550""",Fort Lee School District,"=""100""",Lewis F. Cole Middle School,Mr.,William,Diaz,School Principal,wdiaz@flboe.com,467 STILLWELL AVENUE," ",FORT LEE,NJ,"=""07024-2140""",467 STILLWELL AVENUE," ",FORT LEE,NJ,"=""07024-2140""",Ms.,Katie,Dublirer,Anti-Bullying Specialist,,,,,"=""201-585-4660""",,,,,,,1,1,1,1,,,,,,,"=""00452""",,,
"=""03""",BERGEN,"=""1550""",Fort Lee School District,"=""060""",School No. 1,Ms.,Mariette,Ng,School Principal,mng@flboe.com,250 HOYM STREET," ",FORT LEE,NJ,"=""07024""",250 HOYM STREET," ",FORT LEE,NJ,"=""07024""",Ms.,Marisa,Buonomo,Anti-Bullying Specialist,,,,,"=""201-585-4620""",,1,1,1,1,1,,,,,,,,,,,"=""00444""",,,
"=""03""",BERGEN,"=""1550""",Fort Lee School District,"=""070""",School No. 2,Mr.,John,Brennan,School Principal,jbrennan@flboe.com,2047 JONES ROAD," ",FORT LEE,NJ,"=""07024""",2047 JONES ROAD," ",FORT LEE,NJ,"=""07024""",Ms.,Krista,Rambala,Anti-Bullying Specialist,,,,,"=""201-585-4630""",1,1,1,1,1,1,,,,,,,,,,,"=""00446""",,,
"=""03""",BERGEN,"=""1550""",Fort Lee School District,"=""080""",School No. 3,Ms.,Viveca,Glover,School Principal,vglover@flboe.com,2405 SECOND STREET," ",FORT LEE,NJ,"=""07024""",2405 SECOND STREET," ",FORT LEE,NJ,"=""07024""",Ms.,Aimee,DeSheplo,Anti-Bullying Specialist,,,,,"=""201-585-4640""",,1,1,1,1,1,,,,,,,,,,,"=""00448""",,https://www.instagram.com/flschoolno3,
"=""03""",BERGEN,"=""1550""",Fort Lee School District,"=""090""",School No. 4,Mr.,Patrick,Ambrosio,School Principal,pambrosio@flboe.com,1193 ANDERSON AVE," ",FORT LEE,NJ,"=""07024-1761""",1193 ANDERSON AVE," ",FORT LEE,NJ,"=""07024-1761""",Ms.,Andria,Fusco,Anti-Bullying Specialist,,,,,"=""201-585-4650""",,1,1,1,1,1,,,,,,,,,,,"=""00450""",,,
"=""03""",BERGEN,"=""1580""",Franklin Lakes School District,"=""040""",Colonial Road School,Ms.,Christine,Gagliardo,School Principal,cgagliardo@franklinlakes.k12.nj.us,749 Colonial Road," ",Franklin Lakes,NJ,"=""07417""",749 Colonial Road," ",Franklin Lakes,NJ,"=""07417""",Ms.,Jennie,Ballas,Anti-Bullying Specialist,,,,,"=""201-337-0336""",1,1,1,1,1,1,1,,,,,,,,,,"=""00532""",,https://www.instagram.com/crspandas,
"=""03""",BERGEN,"=""1580""",Franklin Lakes School District,"=""015""",Franklin Avenue Middle School,Mr.,Joseph,Keiser,School Principal,jkeiser@franklinlakes.k12.nj.us,755 Franklin Avenue," ",Franklin Lakes,NJ,"=""07417""",755 Franklin Avenue," ",Franklin Lakes,NJ,"=""07417""",Ms.,Allison,Larson,Anti-Bullying Specialist,,,,,"=""201-891-0202""",,,,,,,,1,1,1,,,,,,,"=""00117""",,,
"=""03""",BERGEN,"=""1580""",Franklin Lakes School District,"=""020""",High Mountain Road School,Ms.,Jaclyn,Bajzath,School Principal,jbajzath@franklinlakes.k12.nj.us,765 High Mountain Road," ",Franklin Lakes,NJ,"=""07417-2914""",765 High Mountain Road," ",Franklin Lakes,NJ,"=""07417-2914""",Ms.,Sarah,Fontana,Anti-Bullying Specialist,,,,,"=""201-891-4433""",1,1,1,1,1,1,1,,,,,,,,,,"=""00460""",,https://www.instagram.com/high_mountain_road_school,
"=""03""",BERGEN,"=""1580""",Franklin Lakes School District,"=""030""",Woodside Avenue School,Ms.,Ann,Jameson,School Principal,ajameson@franklinlakes.k12.nj.us,305 Woodside Avenue," ",Franklin Lakes,NJ,"=""07417-2030""",305 Woodside Avenue," ",Franklin Lakes,NJ,"=""07417-2030""",Ms.,Kate,Lowenfels,Anti-Bullying Specialist,,,,,"=""201-891-5600""",,1,1,1,1,1,1,,,,,,,,,,"=""00462""",,,
"=""03""",BERGEN,"=""1700""",Garfield Public School District,"=""080""",Abraham Lincoln School #6,Dr.,Elaine,Mendez,School Principal,emendez@gboe.org,111 PALISADE AVE," ",GARFIELD,NJ,"=""07026""",111 PALISADE AVE," ",GARFIELD,NJ,"=""07026""",Mr.,Caitlyn,O'Connor,Anti-Bullying Specialist,,,,,"=""973-340-5036""",1,1,1,1,1,1,1,,,,,,,,,,"=""00472""",,,
"=""03""",BERGEN,"=""1700""",Garfield Public School District,"=""060""",Christopher Columbus School #8,Mrs.,Kathleen,Mazzola,School Principal,kmazzola@gboe.org,147 CEDAR STREET," ",GARFIELD,NJ,"=""07026""",147 CEDAR STREET," ",GARFIELD,NJ,"=""07026""",Mrs.,Allison,Mayer,Anti-Bullying Specialist,,,,,"=""973-340-5038""",1,1,1,1,1,1,1,,,,,,,,,,"=""00468""",,,
"=""03""",BERGEN,"=""1700""",Garfield Public School District,"=""040""",Garfield Early Childhood Learning Center,Dr.,Nicole,Grillo,School Principal,ngrillo@gboe.org,241 RAY STREET," ",GARFIELD,NJ,"=""07026""",241 RAY STREET," ",GARFIELD,NJ,"=""07026""",Ms.,Jennette,Morel,Anti-Bullying Specialist,,,,,"=""973-253-6615""",1,,,,,,,,,,,,,,,,"=""06110""",,,
"=""03""",BERGEN,"=""1700""",Garfield Public School District,"=""050""",Garfield High School,Mrs.,Dorotea,D'Amico,School Principal,ddamico@gboe.org,500 PALISADE AVE," ",GARFIELD,NJ,"=""07026-2637""",500 PALISADE AVE," ",GARFIELD,NJ,"=""07026-2637""",Ms.,Megan,Menezes,Anti-Bullying Specialist,,,,,"=""973-340-5010""",,,,,,,,,,,1,1,1,1,,,"=""00466""",,,
"=""03""",BERGEN,"=""1700""",Garfield Public School District,"=""070""",Garfield Middle School,Mr.,Richard,Rigoglioso,School Principal,rrigoglioso@gboe.org,175 LANZA AVE," ",GARFIELD,NJ,"=""07026""",175 LANZA AVE," ",GARFIELD,NJ,"=""07026""",Ms.,Nadia,Kotsev,Anti-Bullying Specialist,,,,,"=""973-272-7020""",,,,,,,,1,1,1,,,,,,,"=""00470""",,,
"=""03""",BERGEN,"=""1700""",Garfield Public School District,"=""086""",Garfield Public Preschool Annex,Mrs.,David,Nelke,School Principal,dnelke@gboe.org,464 OUTWATER LANE," ",GARFIELD,NJ,"=""07026""",464 OUTWATER LANE," ",GARFIELD,NJ,"=""07026""",Ms.,Brigid,Caffrey,Anti-Bullying Specialist,,,,,"=""973-272-7470""",1,,,,,,,,,,,,,,,,"=""""",,,
"=""03""",BERGEN,"=""1700""",Garfield Public School District,"=""205""",James Madison School #10,Mrs.,Jennifer,Alfonso,School Principal,jalfonso@gboe.org,55 Lincoln Place," ",GARFIELD,NJ,"=""07026""",55 Lincoln Place," ",GARFIELD,NJ,"=""07026""",Mrs.,Domenica,Biasucci,Anti-Bullying Specialist,,,,,"=""862-306-7190""",1,1,1,1,1,1,1,,,,,,,,,,"=""00387""",,,
"=""03""",BERGEN,"=""1700""",Garfield Public School District,"=""100""",Roosevelt School #7,Dr.,Charles,Bonanno,School Principal,cbonanno@gboe.org,225 LINCOLN PL," ",GARFIELD,NJ,"=""07026""",225 LINCOLN PL," ",GARFIELD,NJ,"=""07026""",Ms.,Angelica,Toczko,Anti-Bullying Specialist,,,,,"=""973-340-5037""",1,1,1,1,1,1,1,,,,,,,,,,"=""00476""",,,
"=""03""",BERGEN,"=""1700""",Garfield Public School District,"=""300""",Thomas Jefferson School #9,Mrs.,Sally,Bulger,School Principal,sbulger@gboe.org,62 Alpine Street," ",Garfield,NJ,"=""07026""",62 Alpine Street," ",Garfield,NJ,"=""07026""",Ms.,Lauren,Weiss,Anti-Bullying Specialist,,,,,"=""973-340-5039""",1,1,1,1,1,1,1,,,,,,,,,,"=""""",,,
"=""03""",BERGEN,"=""1700""",Garfield Public School District,"=""120""",Washington Irving School #4,Mr.,Jeffrey,Wilson,School Principal,jwilson@gboe.org,12 MADONNA PLACE," ",GARFIELD,NJ,"=""07026""",12 MADONNA PLACE," ",GARFIELD,NJ,"=""07026""",Mr.,Christopher,Picchierri,Anti-Bullying Specialist,,,,,"=""973-340-5034""",1,1,1,1,1,1,1,,,,,,,,,,"=""00478""",,,
"=""03""",BERGEN,"=""1760""",Glen Rock Public School District,"=""065""",Alexander Hamilton School,Mrs.,Kristin,Gomez,School Principal,gomezk@glenrocknj.org,380 HARRISTOWN ROAD," ",GLEN ROCK,NJ,"=""07452""",380 HARRISTOWN ROAD," ",GLEN ROCK,NJ,"=""07452""",Ms.,Amy,Tillison,Anti-Bullying Specialist,,,,,"=""201-445-7700""",,1,1,1,1,1,1,,,,,,,,,,"=""00482""",,,
"=""03""",BERGEN,"=""1760""",Glen Rock Public School District,"=""080""",Central School,Mrs.,Krista,LaCroix,School Principal,lacroixk@glenrocknj.org,600 S MAPLE AVE," ",GLEN ROCK,NJ,"=""07452-1821""",600 S MAPLE AVE," ",GLEN ROCK,NJ,"=""07452-1821""",Mrs.,Diane,Conklin-Tenga,Anti-Bullying Specialist,,,,,"=""201-445-7700""",,1,1,1,1,1,1,,,,,,,,,,"=""00488""",,,
"=""03""",BERGEN,"=""1760""",Glen Rock Public School District,"=""090""",Clara E Coleman School,Mr.,Edward,Thompson,School Principal,thompsone@glenrocknj.org,100 PINELYNN RD," ",GLEN ROCK,NJ,"=""07452-3025""",100 PINELYNN RD," ",GLEN ROCK,NJ,"=""07452-3025""",Mrs.,Kristin,Hyde,Anti-Bullying Specialist,,,,,"=""201-445-7700""",,1,1,1,1,1,1,,,,,,,,,,"=""00490""",,,
"=""03""",BERGEN,"=""1760""",Glen Rock Public School District,"=""050""",Glen Rock High School,Mrs.,Michelle,Giurlando,School Principal,giurlandom@glenrocknj.org,400 HAMILTON AVENUE," ",GLEN ROCK,NJ,"=""07452-2328""",400 HAMILTON AVENUE," ",GLEN ROCK,NJ,"=""07452-2328""",Ms.,Marina,Majbour,Anti-Bullying Specialist,,,,,"=""201-445-7700""",,,,,,,,,,,1,1,1,1,,,"=""00484""",,,
"=""03""",BERGEN,"=""1760""",Glen Rock Public School District,"=""060""",Glen Rock Middle School,Mrs.,Michelle,Giurlando,School Principal,giurlandom@glenrocknj.org,600 HARRISTOWN ROAD," ",GLEN ROCK,NJ,"=""07452""",600 HARRISTOWN ROAD," ",GLEN ROCK,NJ,"=""07452""",Mrs.,Melissa,Brinton,Anti-Bullying Specialist,,,,,"=""201-445-7700""",1,,,,,,,1,1,1,,,,,,,"=""00077""",,,
"=""03""",BERGEN,"=""1760""",Glen Rock Public School District,"=""070""",Richard E Byrd School,Ms.,Kelly,Hughes,School Principal,hugheskelly@glenrocknj.org,640 DOREMUS AVE," ",GLEN ROCK,NJ,"=""07452-2033""",640 DOREMUS AVE," ",GLEN ROCK,NJ,"=""07452-2033""",Mrs.,Christine,Sattler,Anti-Bullying Specialist,,,,,"=""201-445-7700""",,1,1,1,1,1,1,,,,,,,,,,"=""00486""",,,
"=""03""",BERGEN,"=""1860""",Hackensack School District,"=""100""",Fairmount,Ms.,Nicole,Adams,School Principal,nadams@hackensackschools.org,105 GRAND AVENUE," ",HACKENSACK,NJ,"=""07601""",105 GRAND AVENUE," ",HACKENSACK,NJ,"=""07601""",Ms.,Jennifer,Zanca,Anti-Bullying Specialist,,,,,"=""201-646-7890""",1,1,1,1,1,1,,,,,,,,,,,"=""00500""",,,
"=""03""",BERGEN,"=""1860""",Hackensack School District,"=""110""",Fanny Meyer Hillers,Dr.,Judith,Soto-Holland,School Principal,jsoto-holland@hackensackschools.org,56 LONGVIEW AVENUE," ",HACKENSACK,NJ,"=""07601""",56 LONGVIEW AVENUE," ",HACKENSACK,NJ,"=""07601""",Ms.,Jennifer,Zanca,Anti-Bullying Specialist,,,,,"=""201-646-7870""",1,1,1,1,1,1,,,,,,,,,,,"=""00502""",,,
"=""03""",BERGEN,"=""1860""",Hackensack School District,"=""050""",Hackensack High School,Mr.,James,Montesano,School Principal,jimmontesano@hackensackschools.org,FIRST & BEECH STREETS," ",HACKENSACK,NJ,"=""07601""",FIRST & BEECH STREETS," ",HACKENSACK,NJ,"=""07601""",Ms.,Heather,Coleman,Anti-Bullying Specialist,,,,,"=""201-646-7900""",,,,,,,,,,,1,1,1,1,,,"=""00496""",,,
"=""03""",BERGEN,"=""1860""",Hackensack School District,"=""300""",Hackensack Middle School,Dr.,Joy,Dorsey-Whiting,School Principal,jdorsey-whiting@hackensackschools.org,360 Union Street," ",Hackensack,NJ,"=""07601""",360 Union Street," ",Hackensack,NJ,"=""07601""",Ms.,Heather,Coleman,Anti-Bullying Specialist,,,,,"=""201-646-7842""",,,,,,,1,1,1,1,,,,,,,"=""""",,,
"=""03""",BERGEN,"=""1860""",Hackensack School District,"=""120""",Jackson Avenue,Dr.,Anibal,Galiana,Acting Principal,agaliana@hackensackschools.org,421 JACKSON AVENUE," ",HACKENSACK,NJ,"=""07601""",421 JACKSON AVENUE," ",HACKENSACK,NJ,"=""07601""",Ms.,Jennifer,Zanca,Anti-Bullying Specialist,,,,,"=""201-646-7990""",1,1,1,1,1,1,,,,,,,,,,,"=""00504""",,,
"=""03""",BERGEN,"=""1860""",Hackensack School District,"=""090""",Nellie K. Parker,Ms.,Donna,Petrin-Wall,School Principal,dpetrin_wall@hackensackschools.org,261 MAPLE HILL DRIVE," ",HACKENSACK,NJ,"=""07601""",261 MAPLE HILL DRIVE," ",HACKENSACK,NJ,"=""07601""",Ms.,Jennifer,Zanca,Anti-Bullying Specialist,,,,,"=""201-646-8020""",1,1,1,1,1,1,,,,,,,,,,,"=""00498""",,,
"=""03""",BERGEN,"=""2050""",Harrington Park School District,"=""050""",Harrington Park School,Mrs.,Jessica,Nitzberg,School Principal,nitzberg@hpsd.org,191 HARRIOT AVE," ",HARRINGTON PARK,NJ,"=""07640-1401""",191 HARRIOT AVE," ",HARRINGTON PARK,NJ,"=""07640-1401""",Ms.,Amanda,Barreto,Anti-Bullying Specialist,,,,,"=""201-768-5700""",1,1,1,1,1,1,1,1,1,1,,,,,,,"=""00508""",https://www.facebook.com/HarringtonParkSchoolDistrict,https://www.instagram.com/harrington_park_school,
"=""03""",BERGEN,"=""2080""",Hasbrouck Heights School District,"=""060""",Euclid Elementary School,Mr.,Michael,Sickels,School Principal,sickelsm@hhschools.org,1 BURTON AVENUE," ",HASBROUCK HEIGHTS,NJ,"=""07604""",1 BURTON AVENUE," ",HASBROUCK HEIGHTS,NJ,"=""07604""",Mrs.,Maria,Philp,Anti-Bullying Specialist,,,,,"=""201-288-6150""",1,1,1,1,1,1,1,,,,,,,,,,"=""00514""",,,
"=""03""",BERGEN,"=""2080""",Hasbrouck Heights School District,"=""050""",Hasbrouck Heights High School,Mr.,Vincenzo,Barchini,School Principal,barchiniv@hhschools.org,365 BOULEVARD," ",HASBROUCK HEIGHTS,NJ,"=""07604-1402""",365 BOULEVARD," ",HASBROUCK HEIGHTS,NJ,"=""07604-1402""",Ms.,Barbara,Christianson,Anti-Bullying Specialist,,,,,"=""201-288-6150""",,,,,,,,,,,1,1,1,1,,,"=""00512""",,,
"=""03""",BERGEN,"=""2080""",Hasbrouck Heights School District,"=""055""",Hasbrouck Heights Middle School,Mr.,Joseph,Mastropietro,School Principal,mastropietroj@hhschools.org,365 BOULEVARD," ",HASBROUCK HEIGHTS,NJ,"=""07604-1402""",365 BOULEVARD," ",HASBROUCK HEIGHTS,NJ,"=""07604-1402""",Ms.,Barbara,Christianson,Anti-Bullying Specialist,,,,,"=""201-393-8170""",,,,,,,,1,1,1,,,,,,,"=""00491""",,,
"=""03""",BERGEN,"=""2080""",Hasbrouck Heights School District,"=""080""",Lincoln Elementary School,Ms.,Shane,Zeigler,School Principal,zeiglersha@hhschools.org,BURTON & PATERSON AVES," ",HASBROUCK HEIGHTS,NJ,"=""07604""",BURTON & PATERSON AVES," ",HASBROUCK HEIGHTS,NJ,"=""07604""",Ms.,Katherine,Baptista,Anti-Bullying Specialist,,,,,"=""201-288-6150""",1,1,1,1,1,1,1,,,,,,,,,,"=""00518""",,,
"=""03""",BERGEN,"=""2090""",Haworth Public School District,"=""050""",Haworth Public School,Mrs.,Adrienne,Huettenmoser,School Principal,huettenmoser@nvnet.org,205 VALLEY RD," ",HAWORTH,NJ,"=""07641-1218""",205 VALLEY RD," ",HAWORTH,NJ,"=""07641-1218""",Mrs.,Shari,Peykar,Anti-Bullying Specialist,,,,,"=""201-384-5526""",1,1,1,1,1,1,1,1,1,1,,,,,,,"=""00520""",,,
"=""03""",BERGEN,"=""2180""",Hillsdale School District,"=""010""",Ann Blanche Smith,Mrs.,Christine,Higgins,School Principal,chiggins@hillsdaleschools.com,1000 HILLSDALE AVE," ",HILLSDALE,NJ,"=""07642""",1000 HILLSDALE AVE," ",HILLSDALE,NJ,"=""07642""",Mr.,Dante,Casolaro,Anti-Bullying Specialist,,,,,"=""201-664-1188""",,1,1,1,1,1,1,,,,,,,,,,"=""00524""",,,
"=""03""",BERGEN,"=""2180""",Hillsdale School District,"=""020""",George G White,Mrs.,Jaclyn,Derwin,School Principal,jderwin@hillsdaleschools.com,345 HILLSDALE AVE," ",HILLSDALE,NJ,"=""07642-2131""",345 HILLSDALE AVE," ",HILLSDALE,NJ,"=""07642-2131""",Ms.,Jenna,Pizzo,Anti-Bullying Specialist,,,,,"=""201-664-0286""",,,,,,,,1,1,1,,,,,,,"=""00526""",,,
"=""03""",BERGEN,"=""2180""",Hillsdale School District,"=""030""",Meadowbrook,Mr.,Christopher,Bell,School Principal,cbell@hillsdaleschools.com,50 PIERMONT AVE," ",HILLSDALE,NJ,"=""07642""",50 PIERMONT AVE," ",HILLSDALE,NJ,"=""07642""",Ms.,Deanna,Nelsen-DeFalco,Anti-Bullying Specialist,,,,,"=""201-664-8088""",1,1,1,1,1,1,1,,,,,,,,,,"=""00528""",,,
"=""03""",BERGEN,"=""2200""",Ho-Ho-Kus School District,"=""050""",Ho-Ho-Kus Public School,Dr.,Martha,Walsh,School Principal,mwalsh@hohokus.org,70 LLOYD ROAD," ",HO  HO  KUS,NJ,"=""07423""",70 LLOYD ROAD," ",HO  HO  KUS,NJ,"=""07423""",Ms.,Jannette,DiPasquale,Anti-Bullying Specialist,Dr.,Martha,Walsh,School Homeless Liaison,"=""201-652-4555""",1,1,1,1,1,1,1,1,1,1,,,,,,,"=""00530""",,,
"=""03""",BERGEN,"=""2620""",Leonia Public School District,"=""060""",Anna C. Scott Elementary School,Mrs.,Magdalen,Neyra,School Principal,magdalen.neyra@leoniaschools.org,281 Broad Avenue," ",Leonia,NJ,"=""07605""",100 Highland Street," ",Leonia,NJ,"=""07605""",Mr.,Justin,Cooper,Anti-Bullying Specialist,,,,,"=""201-302-5200""",1,1,1,1,1,1,,,,,,,,,,,"=""00538""",,,
"=""03""",BERGEN,"=""2620""",Leonia Public School District,"=""050""",Leonia High School,Mr.,Charles,Kalender,School Principal,charles.kalender@leoniaschools.org,100 Christie Heights Street," ",Leonia,NJ,"=""07605-1525""",100 Christie Heights Street," ",Leonia,NJ,"=""07605-1525""",Ms.,Allyson,Lundy,Anti-Bullying Specialist,,,,,"=""201-302-5200""",,,,,,,,,,,1,1,1,1,,,"=""00534""",,,
"=""03""",BERGEN,"=""2620""",Leonia Public School District,"=""055""",Leonia Middle School,Mr.,David,Saco,School Principal,david.saco@leoniaschools.org,500 Broad Avenue," ",Leonia,NJ,"=""07605""",500 Broad Avenue," ",Leonia,NJ,"=""07605""",Mrs.,Kelly,Whalen,Anti-Bullying Specialist,,,,,"=""201-302-5200""",,,,,,,1,1,1,1,,,,,,,"=""00536""",,,
"=""03""",BERGEN,"=""2710""",Little Ferry Public School District,"=""030""",Memorial Middle  School,Mr.,George,Peakler,School Principal,gpeakler@lfboe.org,130 LIBERTY ST," ",LITTLE FERRY,NJ,"=""07643-1756""",130 LIBERTY ST," ",LITTLE FERRY,NJ,"=""07643-1756""",Ms.,Joselyn,Miller,Anti-Bullying Specialist,Mrs.,Jocelyn,Miller,School Homeless Liaison,"=""201-641-6186""",,,,,,,1,1,1,1,,,,,,,"=""00542""",,,
"=""03""",BERGEN,"=""2710""",Little Ferry Public School District,"=""050""",Washington Elementary School,Mrs.,Tonilyn,Peragallo,School Principal,tperagallo@lfboe.org,130 A LIBERTY ST," ",LITTLE FERRY,NJ,"=""07643-1710""",130  A LIBERTY ST," ",LITTLE FERRY,NJ,"=""07643-1710""",Ms.,Ariel,Stanziale,Anti-Bullying Specialist,Mrs.,Jocelyn,Miller,School Homeless Liaison,"=""201-641-6760""",1,1,1,1,1,1,,,,,,,,,,,"=""00544""",,https://www.instagram.com/littleferryps,
"=""03""",BERGEN,"=""2740""",Lodi School District,"=""060""",Columbus School,Mr.,Robert,Cannizzaro,School Principal,robert.cannizzaro@lodi.k12.nj.us,370 WESTERVELT PLACE," ",LODI,NJ,"=""07644""",370 WESTERVELT PLACE," ",LODI,NJ,"=""07644""",Mrs.,Olha,Mykula,Anti-Bullying Specialist,,,,,"=""973-478-0514""",1,1,1,1,1,1,1,,,,,,,,,,"=""00060""",,,
"=""03""",BERGEN,"=""2740""",Lodi School District,"=""065""",Hilltop School,Mr.,Glenn,Focarino,School Principal,glenn.focarino@lodi.k12.nj.us,200 KIPP AVENUE," ",LODI,NJ,"=""07644""",200 KIPP AVENUE," ",LODI,NJ,"=""07644""",Mrs.,Tina,Skinner,Anti-Bullying Specialist,,,,,"=""973-778-1213""",1,1,1,1,1,1,1,,,,,,,,,,"=""00065""",,,
"=""03""",BERGEN,"=""2740""",Lodi School District,"=""050""",Lodi High School,Mr.,Michael,Attanasio,School Principal,michael.attanasio@lodi.k12.nj.us,99 PUTNAM STREET," ",LODI,NJ,"=""07644""",99 PUTNAM STREET," ",LODI,NJ,"=""07644""",Ms.,Geraldine,Passano,Anti-Bullying Specialist,,,,,"=""973-478-6100""",,,,,,,,,,,1,1,1,1,,,"=""00050""",,,
"=""03""",BERGEN,"=""2740""",Lodi School District,"=""080""",Roosevelt School,Mr.,Jack,Lipari,School Principal,jack.lipari@lodi.k12.nj.us,435 PASSAIC AVENUE," ",LODI,NJ,"=""07644""",435 PASSAIC AVENUE," ",LODI,NJ,"=""07644""",Ms.,Caitlin,D'Angelo,Anti-Bullying Specialist,,,,,"=""973-777-8511""",1,1,1,1,1,1,1,,,,,,,,,,"=""00080""",,,
"=""03""",BERGEN,"=""2740""",Lodi School District,"=""067""",Thomas Jefferson Middle School,Mr.,Michael,Cardone,School Principal,michael.cardone@lodi.k12.nj.us,75 FIRST STREET," ",LODI,NJ,"=""07644""",75 FIRST STREET," ",LODI,NJ,"=""07644""",Mrs.,Jodi,Borrometi,Anti-Bullying Specialist,,,,,"=""973-478-8662""",,,,,,,,1,1,1,,,,,,,"=""00067""",,,
"=""03""",BERGEN,"=""2740""",Lodi School District,"=""090""",Washington School,Mr.,Kevin,Dowson,School Principal,kevin.dowson@lodi.k12.nj.us,310 N  MAIN STREET," ",LODI,NJ,"=""07644""",310 N  MAIN STREET," ",LODI,NJ,"=""07644""",Mrs.,Teaghan,Darling,Anti-Bullying Specialist,,,,,"=""973-777-8513""",1,1,1,1,1,1,1,,,,,,,,,,"=""00090""",,,
"=""03""",BERGEN,"=""2740""",Lodi School District,"=""100""",Wilson School,Mrs.,Jared,Fowler,School Principal,jared.fowler@lodi.k12.nj.us,80 UNION STREET," ",LODI,NJ,"=""07644""",80 UNION STREET," ",LODI,NJ,"=""07644""",Ms.,Jasmine,DeLaPaz,Anti-Bullying Specialist,,,,,"=""973-473-8189""",1,1,1,1,1,1,1,,,,,,,,,,"=""00100""",,,
"=""03""",BERGEN,"=""2860""",Lyndhurst Public School District,"=""060""",Columbus School,,Robert,Giangeruso,School Principal,robertgiangeruso@lyndhurst.k12.nj.us,640 LAKE AVE," ",LYNDHURST,NJ,"=""07071-1207""",640 LAKE AVE," ",LYNDHURST,NJ,"=""07071-1207""",,Maria,Fagan,Anti-Bullying Specialist,,,,,"=""201-896-2075""",,1,1,1,,,,,,,,,,,,,"=""00570""",,,
"=""03""",BERGEN,"=""2860""",Lyndhurst Public School District,"=""070""",Franklin School,,Jennifer,Scardino,School Principal,jenniferscardino@lyndhurst.k12.nj.us,360 STUYVESANT AVE," ",LYNDHURST,NJ,"=""07071-2122""",360 STUYVESANT AVE," ",LYNDHURST,NJ,"=""07071-2122""",,Maria,Fagan,Anti-Bullying Specialist,,,,,"=""201-896-2077""",,1,1,1,,,,,,,,,,,,,"=""00572""",,,
"=""03""",BERGEN,"=""2860""",Lyndhurst Public School District,"=""080""",Jefferson School,Mr.,Joseph,Vastola,School Principal,joevastola@lyndhurst.k12.nj.us,336 LAKE AVE.," ",LYNDHURST,NJ,"=""07071-1416""",336 LAKE AVE.," ",LYNDHURST,NJ,"=""07071-1416""",Mrs.,Alexa,DeJoseph,Anti-Bullying Specialist,,,,,"=""201-896-2065""",,,,,1,1,1,,,,,,,,,,"=""00574""",,,
"=""03""",BERGEN,"=""2860""",Lyndhurst Public School District,"=""050""",Lyndhurst High School,Mrs.,Laura,Vuono,School Principal,lauravuono@lyndhurst.k12.nj.us,400 Weart Avenue," ",LYNDHURST,NJ,"=""07071""",400 Weart Avenue," ",LYNDHURST,NJ,"=""07071""",Mrs.,Susan,Leidemer,Anti-Bullying Specialist,,,,,"=""201-896-2100""",,,,,,,,,,,1,1,1,1,,,"=""00568""",,,
"=""03""",BERGEN,"=""2860""",Lyndhurst Public School District,"=""302""",Lyndhurst Middle School,Mr.,Michael,Rizzo,School Principal,michaelrizzo@lyndhurst.k12.nj.us,625 Page Avenue," ",Lyndhurst,NJ,"=""07071""",625 Page Avenue," ",Lyndhurst,NJ,"=""07071""",Ms.,MaryAnn,Mule,Anti-Bullying Specialist,,,,,"=""201-438-5683""",,,,,,,,1,1,1,,,,,,,"=""03491""",,,
"=""03""",BERGEN,"=""2860""",Lyndhurst Public School District,"=""300""",Memorial School,Mrs.,Christina,Bernardo,School Principal,christinabernardo@lyndhurst.k12.nj.us,319 New York Avenue," ",LYNDHURST,NJ,"=""07071""",319 New York Avenue," ",LYNDHURST,NJ,"=""07071""",Ms.,Marisa,Hanrahan,Anti-Bullying Specialist,,,,,"=""201-438-6390""",1,,,,,,,,,,,,,,,,"=""""",,,
"=""03""",BERGEN,"=""2860""",Lyndhurst Public School District,"=""110""",Roosevelt School,Mr.,Peter,Strumolo,School Principal,peterstrumolo@lyndhurst.k12.nj.us,530 STUYVESANT AVE," ",LYNDHURST,NJ,"=""07071-2628""",530 STUYVESANT AVE," ",LYNDHURST,NJ,"=""07071-2628""",Mrs.,Alyssa,Radigan,Anti-Bullying Specialist,,,,,"=""201-896-2068""",,,,,1,1,1,,,,,,,,,,"=""00580""",,,
"=""03""",BERGEN,"=""2860""",Lyndhurst Public School District,"=""120""",Washington School,Ms.,Christina,Bernardo,School Principal,christinabernardo@lyndhurst.k12.nj.us,709 RIDGE RD," ",LYNDHURST,NJ,"=""07071-3215""",709 RIDGE RD," ",LYNDHURST,NJ,"=""07071-3215""",Mrs.,Maria,Fagan,Anti-Bullying Specialist,,,,,"=""201-896-2072""",1,1,1,1,,,,,,,,,,,,,"=""00582""",,,
"=""03""",BERGEN,"=""2900""",Mahwah Township Public School District,"=""060""",Betsy Ross Elementary,Mr.,Michael,Henzel,School Principal,mhenzel@mahwah.k12.nj.us,20 MALCOLM RD," ",MAHWAH,NJ,"=""07430-1822""",20 MALCOLM RD," ",MAHWAH,NJ,"=""07430-1822""",Ms.,Cydney,Brockman,Anti-Bullying Specialist,,,,,"=""201-762-2250""",,1,1,1,1,,,,,,,,,,,,"=""00588""",,https://www.instagram.com/betsyrossmahwah,
"=""03""",BERGEN,"=""2900""",Mahwah Township Public School District,"=""080""",George Washington School,Mr.,Michael,Hagopian,School Principal,mhagopian@mahwah.k12.nj.us,39 FARDALE AVENUE," ",MAHWAH,NJ,"=""07430""",39 FARDALE AVENUE," ",MAHWAH,NJ,"=""07430""",Dr.,John,Macri,Anti-Bullying Specialist,,,,,"=""201-762-2242""",,1,1,1,1,,,,,,,,,,,,"=""00596""",,https://www.instagram.com/mahwahgw,
"=""03""",BERGEN,"=""2900""",Mahwah Township Public School District,"=""075""",Joyce Kilmer School,Dr.,Billy,Bowie,School Principal,bbowie@mahwah.k12.nj.us,80 RIDGE ROAD," ",MAHWAH,NJ,"=""07430""",80 RIDGE ROAD," ",MAHWAH,NJ,"=""07430""",Mrs.,Ashley,Adams,Anti-Bullying Specialist,,,,,"=""201-762-2270""",,,,,,1,1,,,,,,,,,,"=""00592""",,https://www.instagram.com/JKSMahwah,
"=""03""",BERGEN,"=""2900""",Mahwah Township Public School District,"=""065""",Lenape Meadows,Mr.,Paul,Wyka,School Principal,pwyka@mahwah.k12.nj.us,160 RIDGE ROAD," ",MAHWAH,NJ,"=""07430""",160 RIDGE ROAD," ",MAHWAH,NJ,"=""07430""",Mrs.,Natasha,Carrera,Anti-Bullying Specialist,,,,,"=""201-762-2260""",1,1,1,1,1,,,,,,,,,,,,"=""00492""",,https://www.instagram.com/lmmahwah,
"=""03""",BERGEN,"=""2900""",Mahwah Township Public School District,"=""050""",Mahwah High School,Ms.,Danielle,Wood,School Principal,dwood@mahwah.k12.nj.us,50 RIDGE ROAD," ",MAHWAH,NJ,"=""07430""",50 RIDGE ROAD," ",MAHWAH,NJ,"=""07430""",Mr.,Craig,Jandoli,Anti-Bullying Specialist,,,,,"=""201-762-2300""",,,,,,,,,,,1,1,1,1,,,"=""00586""",https://www.facebook.com/MahwahHS,https://www.instagram.com/MahwahHS,https://x.com/MahwahHS
"=""03""",BERGEN,"=""2900""",Mahwah Township Public School District,"=""076""",Ramapo Ridge,Mr.,Brian,Cory,School Principal,bcory@mahwah.k12.nj.us,150 RIDGE ROAD," ",MAHWAH,NJ,"=""07430""",150 RIDGE ROAD," ",MAHWAH,NJ,"=""07430""",Ms.,Cassidy,Sarka,Anti-Bullying Specialist,,,,,"=""201-762-2380""",,,,,,,,1,1,1,,,,,,,"=""00594""",,https://www.instagram.com/RamapoRidgeMS,
"=""03""",BERGEN,"=""3060""",Maywood School District,"=""060""",Maywood Avenue School,Mr.,Michael,Jordan,School Principal,mjordan@maywoodschools.org,452 MAYWOOD AVE," ",MAYWOOD,NJ,"=""07607-1969""",452 MAYWOOD AVE," ",MAYWOOD,NJ,"=""07607-1969""",Mr.,Keith,Timmins,Anti-Bullying Specialist,,,,,"=""201-845-9114""",,,,,,1,1,1,1,1,,,,,,,"=""00602""",,,
"=""03""",BERGEN,"=""3060""",Maywood School District,"=""070""",Memorial School,Mr.,Michael,Halligan,School Principal,mhalligan@maywoodschools.org,764 GRANT AVE," ",MAYWOOD,NJ,"=""07607-1621""",764 GRANT AVE," ",MAYWOOD,NJ,"=""07607-1621""",Ms.,Carly,Byrnes,Anti-Bullying Specialist,,,,,"=""201-845-9113""",1,1,1,1,1,,,,,,,,,,,,"=""00604""",,,
"=""03""",BERGEN,"=""3170""",Midland Park School District,"=""300""",Godwin Elementary School,Ms.,Danielle,Bache,School Principal,dbache@mpsnj.org,41 E. Center Street," ",Midland Park,NJ,"=""07432""",41 E. Center Street," ",Midland Park,NJ,"=""07432""",Mrs.,Anna,Zayac,Anti-Bullying Specialist,,,,,"=""201-445-5350""",1,1,1,1,,,,,,,,,,,,,"=""""",,,
"=""03""",BERGEN,"=""3170""",Midland Park School District,"=""070""",Highland Elementary School,Mr.,Andrew,Bianco,School Principal,abianco@mpsnj.org,31 HIGHLAND AVE," ",MIDLAND PARK,NJ,"=""07432-1803""",31 HIGHLAND AVE," ",MIDLAND PARK,NJ,"=""07432-1803""",Mrs.,Kelly,Scala,Anti-Bullying Specialist,,,,,"=""201-445-3880""",,,,,1,1,1,1,,,,,,,,,"=""00612""",,,
"=""03""",BERGEN,"=""3170""",Midland Park School District,"=""050""",Midland Park Jr./Sr. High School,Mr.,Nicholas,Capuano,School Principal,ncapuano@mpsnj.org,250 PROSPECT ST," ",MIDLAND PARK,NJ,"=""07432""",250 PROSPECT ST," ",MIDLAND PARK,NJ,"=""07432""",Ms.,Margaret,Owens,Anti-Bullying Specialist,,,,,"=""201-444-7400""",,,,,,,,,1,1,1,1,1,1,,,"=""00608""",,,
"=""03""",BERGEN,"=""3330""",Montvale Board of Education School District,"=""020""",Fieldstone Middle School,Mr.,Michael,Lauricella,School Principal,mlauricella@montvalek8.org,47 Spring Valley Road," ",Montvale,NJ,"=""07645""",47 Spring Valley Road," ",Montvale,NJ,"=""07645""",Mrs.,Debra,Walker,Anti-Bullying Specialist,,,,,"=""201-391-9000""",,,,,,,1,1,1,1,,,,,,,"=""00616""",,,
"=""03""",BERGEN,"=""3330""",Montvale Board of Education School District,"=""030""",Memorial Elementary School,Mrs.,Alyson,Puzzo,School Principal,apuzzo@montvalek8.org,53 Grand Avenue West," ",Montvale,NJ,"=""07645""",53 Grand Avenue West," ",Montvale,NJ,"=""07645""",Mrs.,Nina,Fasano,Anti-Bullying Specialist,,,,,"=""201-391-2900""",1,1,1,1,1,1,,,,,,,,,,,"=""00618""",,,
"=""03""",BERGEN,"=""3350""",Moonachie School District,"=""060""",Robert L. Craig School,Mr.,James,Knipper,School Administrator,jknipper@moonachieschool.org,20 WEST PARK STREET," ",MOONACHIE,NJ,"=""07074-1115""",20 WEST PARK STREET," ",MOONACHIE,NJ,"=""07074-1115""",Ms.,Dana,Genatt,Anti-Bullying Specialist,,,,,"=""201-641-5833""",1,1,1,1,1,1,1,1,1,1,,,,,,,"=""00620""",,,
"=""03""",BERGEN,"=""3550""",New Milford Public School District,"=""060""",Berkley Street School,Dr.,Caridad,Chrisomalis,School Principal,cchrisomalis@nmpsd.org,812 BERKLEY STREET," ",NEW MILFORD,NJ,"=""07646""",812 BERKLEY STREET," ",NEW MILFORD,NJ,"=""07646""",Ms.,Nicole,DeGrezia,Anti-Bullying Specialist,,,,,"=""201-262-0191""",1,1,1,1,1,1,1,,,,,,,,,,"=""00626""",,,
"=""03""",BERGEN,"=""3550""",New Milford Public School District,"=""070""",Bertrand F. Gibbs Elementary School,Ms.,Nevin,Werner,School Principal,nwerner@nmpsd.org,195 SUTTON PLACE," ",NEW MILFORD,NJ,"=""07646""",195 SUTTON PLACE," ",NEW MILFORD,NJ,"=""07646""",Ms.,Jamie,Vinolas,Anti-Bullying Specialist,,,,,"=""201-261-0939""",1,1,1,1,1,1,1,,,,,,,,,,"=""00628""",,,
"=""03""",BERGEN,"=""3550""",New Milford Public School District,"=""085""",David E. Owens Middle School,Mr.,James,DeLalla,School Principal,jdelalla@nmpsd.org,470 MARION AVENUE," ",NEW MILFORD,NJ,"=""07646""",470 MARION AVENUE," ",NEW MILFORD,NJ,"=""07646""",Ms.,Sara,Grompone,Anti-Bullying Specialist,,,,,"=""201-265-8661""",1,,,,,,,1,1,1,,,,,,,"=""00632""",,,
"=""03""",BERGEN,"=""3550""",New Milford Public School District,"=""050""",New Milford High School,Mr.,Louis,Manuppelli,School Principal,lmanuppelli@nmpsd.org,330 River Road," ",NEW MILFORD,NJ,"=""07646""",330 River Road," ",NEW MILFORD,NJ,"=""07646""",Ms.,Carina,Porr,Anti-Bullying Specialist,,,,,"=""201-262-0172""",,,,,,,,,,,1,1,1,1,,,"=""00624""",,,
"=""03""",BERGEN,"=""3600""",North Arlington School District,"=""070""",Franklin D Roosevelt Elementary School,Mrs.,Alicia,Giammanco,School Principal,agiammanco@navikings.org,50 Webster Street," ",North Arlington,NJ,"=""07031""",50 Webster Street," ",North Arlington,NJ,"=""07031""",Ms.,Carolyn,Kropp,Anti-Bullying Specialist,,,,,"=""201-991-6800""",1,1,1,1,1,1,1,,,,,,,,,,"=""00640""",,,
"=""03""",BERGEN,"=""3600""",North Arlington School District,"=""080""",George Washington Elementary School,Mrs.,Melissa,Cutrali,School Principal,mcutrali@navikings.org,175 Albert Street," ",North Arlington,NJ,"=""07031""",175 Albert Street," ",North Arlington,NJ,"=""07031""",Ms.,Lidia,Vigna,Anti-Bullying Specialist,,,,,"=""201-991-6800""",1,1,1,1,1,1,1,,,,,,,,,,"=""00642""",,,
"=""03""",BERGEN,"=""3600""",North Arlington School District,"=""050""",North Arlington High School,Mr.,Patrick,Bott,School Principal,pbott@navikings.org,222 Ridge Road," ",North Arlington,NJ,"=""07031""",222 Ridge Road," ",North Arlington,NJ,"=""07031""",Ms.,Isabella,Ussia,Anti-Bullying Specialist,,,,,"=""201-991-6800""",1,,,,,,,,,,1,1,1,1,,,"=""00636""",,,
"=""03""",BERGEN,"=""3600""",North Arlington School District,"=""300""",Susan B. Anthony Elementary School,Mrs.,Jennifer,Rodriguez,School Principal,jrodriguez@navikings.org,45 Beech Street," ",North Arlington,NJ,"=""07031""",45 Beech Street," ",North Arlington,NJ,"=""07031""",Mrs.,Carolyn,Kropp,Anti-Bullying Specialist,,,,,"=""201-991-6800""",1,1,1,1,1,1,1,,,,,,,,,,"=""03492""",,,
"=""03""",BERGEN,"=""3600""",North Arlington School District,"=""060""",Thomas Jefferson Elementary School,Mrs.,Marie,Griggs,School Principal,mgriggs@navikings.org,100 Prospect Avenue," ",North Arlington,NJ,"=""07031""",100 Prospect Avenue," ",North Arlington,NJ,"=""07031""",Ms.,Alexa,Juncosa,Anti-Bullying Specialist,,,,,"=""201-991-6800""",,1,1,1,1,1,1,,,,,,,,,,"=""00638""",,,
"=""03""",BERGEN,"=""3600""",North Arlington School District,"=""090""",Veterans Middle School,Ms.,Nicole,Russo,School Principal,nrusso@navikings.org,191 Rutherford Place," ",North Arlington,NJ,"=""07031""",191 Rutherford Place," ",North Arlington,NJ,"=""07031""",Mrs.,Samantha,Dembowski,Anti-Bullying Specialist,,,,,"=""201-991-6800""",,,,,,,,1,1,1,,,,1,,,"=""00644""",,,
"=""03""",BERGEN,"=""3700""",Northern Highlands Regional High School District,"=""050""",Northern Highlands Regional High School,Mr.,Joseph,Occhino,School Principal,occhinoj@northernhighlands.org,298 HILLSIDE AVE," ",ALLENDALE,NJ,"=""07401-1447""",298 HILLSIDE AVE," ",ALLENDALE,NJ,"=""07401-1447""",Mr.,Paul,Albarella,Anti-Bullying Specialist,,,,,"=""201-327-8700""",,,,,,,,,,,1,1,1,1,,,"=""00646""",,,
"=""03""",BERGEN,"=""3710""",Northern Valley Regional High School District,"=""300""",Northern Valley Central,Ms.,Cara,Bayer,School Principal,bayerc@nvnet.org,200 Summit Street," ",Norwood,NJ,"=""07648""",200 Summit Street," ",Norwood,NJ,"=""07648""",Ms.,Lindsay,Sullivan,Anti-Bullying Specialist,,,,,"=""201-767-7224""",1,1,1,1,1,1,1,1,1,1,1,1,1,1,,,"=""""",,,
"=""03""",BERGEN,"=""3710""",Northern Valley Regional High School District,"=""050""",Northern Valley Regional High School at Demarest,Mr.,Keith,Johnson,School Principal,johnsonk@nvnet.org,150 Knickerbocker Road," ",Demarest,NJ,"=""07627-1026""",150 Knickerbocker Road," ",Demarest,NJ,"=""07627-1026""",Mr.,Howie,Tiell,Anti-Bullying Specialist,,,,,"=""201-768-3200""",,,,,,,,,,,1,1,1,1,,,"=""00650""",,,
"=""03""",BERGEN,"=""3710""",Northern Valley Regional High School District,"=""060""",Northern Valley Regional High School at Old Tappan,Ms.,Taylor,West,School Principal,westt@nvnet.org,140 Central Avenue," ",Old Tappan,NJ,"=""07675""",140 Central Avenue," ",Old Tappan,NJ,"=""07675""",Ms.,Barbara,Battaglia,Anti-Bullying Specialist,,,,,"=""201-784-1600""",,,,,,,,,,,1,1,1,1,,,"=""00652""",,,
"=""03""",BERGEN,"=""3730""",Northvale Public School District,"=""050""",Northvale Public School,Mr.,Edward,Bertolini,School Principal,bertolinie@nvnet.org,441 TAPPAN ROAD," ",NORTHVALE,NJ,"=""07647""",441 TAPPAN ROAD," ",NORTHVALE,NJ,"=""07647""",Mrs.,Katherine,Dodds,Anti-Bullying Specialist,,,,,"=""201-768-8484""",1,1,1,1,1,1,1,1,1,1,,,,,,,"=""00656""",,,
"=""03""",BERGEN,"=""3740""",Norwood Public School District,"=""020""",Norwood Public School,Mr.,Steven,Pellegrino,School Administrator,pellegrinos@wearenorwood.com,177 SUMMIT ST," ",NORWOOD,NJ,"=""07648-1812""",177 SUMMIT ST," ",NORWOOD,NJ,"=""07648-1812""",Ms.,Deanna,DeLuca,Anti-Bullying Specialist,,,,,"=""201-768-6363""",1,1,1,1,1,1,1,1,1,1,,,,,,,"=""00660""",,,
"=""03""",BERGEN,"=""3760""",Oakland Public School District,"=""040""",Dogwood Hill Elementary School,Mr.,Sean,Bowe,School Principal,bowe@oaklandschoolsnj.org,25 DOGWOOD DR," ",OAKLAND,NJ,"=""07436-2659""",25 DOGWOOD DR," ",OAKLAND,NJ,"=""07436-2659""",Mr.,Justin,Verile,Anti-Bullying Specialist,,,,,"=""201-337-5822""",,1,1,1,1,1,1,,,,,,,,,,"=""00664""",,,
"=""03""",BERGEN,"=""3760""",Oakland Public School District,"=""050""",Heights Elementary School,Ms.,Jacqueline,Micari-Christiano,School Principal,christiano@oaklandschoolsnj.org,114 SEMINOLE AVE," ",OAKLAND,NJ,"=""07436-2924""",114 SEMINOLE AVE," ",OAKLAND,NJ,"=""07436-2924""",Ms.,Kimberly,Jacobson,Anti-Bullying Specialist,,,,,"=""201-337-4147""",,1,1,1,1,1,1,,,,,,,,,,"=""00666""",,,
"=""03""",BERGEN,"=""3760""",Oakland Public School District,"=""060""",Manito Elementary School,Mr.,Adam,Silverstein,School Principal,silverstein@oaklandschoolsnj.org,111 MANITO AVE," ",OAKLAND,NJ,"=""07436-4012""",111 MANITO AVE," ",OAKLAND,NJ,"=""07436-4012""",Mr.,Christopher,Liquori,Anti-Bullying Specialist,,,,,"=""201-337-6106""",,1,1,1,1,1,1,,,,,,,,,,"=""00668""",,,
"=""03""",BERGEN,"=""3760""",Oakland Public School District,"=""300""",TOPS Early Learning Childhood Learning,Ms.,Jennifer,Zimmerle,Director,zimmerle@oaklandschoolsnj.org,117C Franklin Avenue," ",Oakland,NJ,"=""07436-2924""",117C Franklin Avenue," ",Oakland,NJ,"=""07436-2924""",Ms.,Kimberly,Jacobson,Anti-Bullying Specialist,,,,,"=""201-337-4442""",1,,,,,,,,,,,,,,,,"=""06172""",,,
"=""03""",BERGEN,"=""3760""",Oakland Public School District,"=""080""",Valley Middle School,Mr.,Gregg,Desiderio,School Principal,desiderio@oaklandschoolsnj.org,71 OAK ST," ",OAKLAND,NJ,"=""07436-1944""",71 OAK ST," ",OAKLAND,NJ,"=""07436-1944""",Mr.,Christopher,Lawrence,Anti-Bullying Specialist,,,,,"=""201-337-8185""",,,,,,,,1,1,1,,,,,,,"=""00670""",,,
"=""03""",BERGEN,"=""3850""",Old Tappan Public School District,"=""030""",Charles DeWolf Middle School,Ms.,Jennifer,Santa,School Principal,santaj@nvnet.org,275 OLD TAPPAN RD," ",OLD TAPPAN,NJ,"=""07675-7047""",275 OLD TAPPAN RD," ",OLD TAPPAN,NJ,"=""07675-7047""",Mr.,Phillip,Lee,Anti-Bullying Specialist,,,,,"=""201-664-1475""",,,,,,,1,1,1,1,,,,,,,"=""00674""",,,
"=""03""",BERGEN,"=""3850""",Old Tappan Public School District,"=""060""",T. Baldwin Demarest Elementary School,Ms.,Kathleen,Boyce,School Principal,boycek@nvnet.org,1 SCHOOL ST," ",OLD TAPPAN,NJ,"=""07675""",1 SCHOOL ST," ",OLD TAPPAN,NJ,"=""07675""",Mr.,Phillip,Lee,Anti-Bullying Specialist,,,,,"=""201-664-7176""",1,1,1,1,1,1,,,,,,,,,,,"=""00676""",,,
"=""03""",BERGEN,"=""3870""",Oradell Public School District,"=""050""",Oradell Public School,Ms.,Michelle,Hawley,School Principal,hawleym@oradellschoo.org,350 PROPECT AVENUE," ",ORADELL,NJ,"=""07649""",350 PROPECT AVENUE," ",ORADELL,NJ,"=""07649""",Mr.,Nevin,Werner,Anti-Bullying Specialist,,,,,"=""201-261-1180""",1,1,1,1,1,1,1,1,,,,,,,,,"=""00678""",,,
"=""03""",BERGEN,"=""3910""",Palisades Park School District,"=""080""",Charles R Smith Early Childhood Center,Ms.,Jillian,Romero,School Principal,jromero@palpkschools.org,270 FIRST STREET," ",PALISADES PARK,NJ,"=""07650""",270 FIRST STREET," ",PALISADES PARK,NJ,"=""07650""",Ms.,Jillian,Romero,Anti-Bullying Specialist,,,,,"=""201-947-2761""",1,1,,,,,,,,,,,,,,,"=""00789""",,,
"=""03""",BERGEN,"=""3910""",Palisades Park School District,"=""070""",Lindbergh Elementary School,Mrs.,Laura,Pieratos,School Principal,lpieratos@palpkschools.org,401 GLEN AVE," ",PALISADES PARK,NJ,"=""07650""",401 GLEN AVE," ",PALISADES PARK,NJ,"=""07650""",Mrs.,Laura,Pieratos,Anti-Bullying Specialist,,,,,"=""201-947-3556""",,,1,1,1,1,1,1,,,,,,,,,"=""00684""",,,
"=""03""",BERGEN,"=""3910""",Palisades Park School District,"=""050""",Palisades Park Jr-Sr High School,Mr.,Nick,Cipriano,School Principal,ncipriano@palpkschools.org,VETERANS PLAZA," ",PALISADES PARK,NJ,"=""07650""",VETERANS PLAZA," ",PALISADES PARK,NJ,"=""07650""",Mr.,Dino,Eliopoulos,Anti-Bullying Specialist,,,,,"=""201-941-1100""",,,,,,,,,1,1,1,1,1,1,,,"=""00682""",,,
"=""03""",BERGEN,"=""3930""",Paramus Public School District,"=""065""",East Brook Middle School,Mr.,Ryan,Aupperlee,School Principal,raupperlee@paramusschools.org,190 SPRING VALLEY ROAD," ",PARAMUS,NJ,"=""07652-5342""",190 SPRING VALLEY ROAD," ",PARAMUS,NJ,"=""07652-5342""",Ms.,Kerri,Afromsky,Anti-Bullying Specialist,,,,,"=""201-261-7800""",,,,,,,1,1,1,1,,,,,,,"=""00692""",,,
"=""03""",BERGEN,"=""3930""",Paramus Public School District,"=""080""",Memorial Elementary School,Ms.,Michele,Higgins,School Principal,mhiggins@paramusschools.org,EAST 203 MIDLAND AVENUE," ",PARAMUS,NJ,"=""07652""",EAST 203 MIDLAND AVENUE," ",PARAMUS,NJ,"=""07652""",Ms.,Poonam,Aier,Anti-Bullying Specialist,,,,,"=""201-261-7800""",1,1,1,1,1,1,,,,,,,,,,,"=""00696""",,,
"=""03""",BERGEN,"=""3930""",Paramus Public School District,"=""090""",Midland Elementary School,Mr.,Thomas,LoBue,School Principal,tlobue@paramusschools.org,241 WEST MIDLAND AVENUE," ",PARAMUS,NJ,"=""07652""",241 WEST MIDLAND AVENUE," ",PARAMUS,NJ,"=""07652""",Ms.,Samantha,Incremona,Anti-Bullying Specialist,,,,,"=""201-261-7800""",,1,1,1,1,1,,,,,,,,,,,"=""00400""",,,
"=""03""",BERGEN,"=""3930""",Paramus Public School District,"=""050""",Paramus High School,Mr.,Dominick,Miller,School Principal,dmiller@paramusschools.org,99 EAST CENTURY ROAD," ",PARAMUS,NJ,"=""07652""",99 EAST CENTURY ROAD," ",PARAMUS,NJ,"=""07652""",Mr.,Joseph,Traina,Anti-Bullying Specialist,,,,,"=""201-261-7800""",1,,,,,,,,,,1,1,1,1,,,"=""00688""",,,
"=""03""",BERGEN,"=""3930""",Paramus Public School District,"=""100""",Parkway Elementary School,Mrs.,Suzanne,Barbi,School Principal,sbarbi@paramusschools.org,145 E. RIDGEWOOD AVENUE," ",PARAMUS,NJ,"=""07652""",145 E. RIDGEWOOD AVENUE," ",PARAMUS,NJ,"=""07652""",Ms.,Andrea,Stone,Anti-Bullying Specialist,,,,,"=""201-261-7800""",1,1,1,1,1,1,,,,,,,,,,,"=""00700""",,,
"=""03""",BERGEN,"=""3930""",Paramus Public School District,"=""110""",Ridge Ranch Elementary School,Ms.,Jeanine,Nostrame,School Principal,jnostrame@paramusschools.org,345 LOCKWOOD DRIVE," ",PARAMUS,NJ,"=""07652""",345 LOCKWOOD DRIVE," ",PARAMUS,NJ,"=""07652""",Ms.,Laurie,Corizzo,Anti-Bullying Specialist,,,,,"=""201-261-7800""",,1,1,1,1,1,,,,,,,,,,,"=""00702""",,,
"=""03""",BERGEN,"=""3930""",Paramus Public School District,"=""130""",Stony Lane Elementary School,Mr.,Thomas,Marshall,School Principal,tmarshall@paramusschools.org,W 110 RIDGEWOOD AVENUE," ",PARAMUS,NJ,"=""07652-4131""",W 110 RIDGEWOOD AVENUE," ",PARAMUS,NJ,"=""07652-4131""",Ms.,Melissa,Shah,Anti-Bullying Specialist,,,,,"=""201-261-7800""",,1,1,1,1,1,,,,,,,,,,,"=""00706""",,,
"=""03""",BERGEN,"=""3930""",Paramus Public School District,"=""060""",West Brook Middle School,Dr.,Deirdre,Spollen-LaRaia,School Principal,dspollenlaraia@paramusschools.org,560 ROOSEVELT BOULEVARD," ",PARAMUS,NJ,"=""07652""",560 ROOSEVELT BOULEVARD," ",PARAMUS,NJ,"=""07652""",Ms.,Jamie,Dalzell,Anti-Bullying Specialist,,,,,"=""201-261-7800""",,,,,,,1,1,1,1,,,,,,,"=""00690""",,,
"=""03""",BERGEN,"=""3940""",Park Ridge School District,"=""060""",East Brook Elementary School,Mr.,Kevin,Stokes,School Principal,kevinstokes@parkridge.k12.nj.us,167 SIBBALD DR," ",PARK RIDGE,NJ,"=""07656""",167 SIBBALD DR," ",PARK RIDGE,NJ,"=""07656""",Ms.,Gianna,Gravinese,Anti-Bullying Specialist,,,,,"=""201-573-6000""",,1,1,1,1,1,1,1,,,,,,,,,"=""00712""",,,
"=""03""",BERGEN,"=""3940""",Park Ridge School District,"=""050""",Park Ridge High School,Mr.,Troy,Lederman,School Principal,troylederman@parkridge.k12.nj.us,2 PARK AVE," ",PARK RIDGE,NJ,"=""07656-1240""",2 PARK AVE," ",PARK RIDGE,NJ,"=""07656-1240""",Mr.,Andrew,Yeager,Anti-Bullying Specialist,,,,,"=""201-573-6000""",,,,,,,,,1,1,1,1,1,1,,,"=""00710""",,,
"=""03""",BERGEN,"=""3940""",Park Ridge School District,"=""070""",West Ridge Elementary School,Ms.,Melissa,Ballaera,School Principal,melissaballaera@parkridge.k12.nj.us,18 South  First Street," ",PARK RIDGE,NJ,"=""07656""",18 South  First Street," ",PARK RIDGE,NJ,"=""07656""",Ms.,Tatum,Gonzales,Anti-Bullying Specialist,,,,,"=""201-573-6000""",1,1,1,1,1,1,1,1,,,,,,,,,"=""00714""",,,
"=""03""",BERGEN,"=""3960""",Pascack Valley Regional High School District,"=""040""",Pascack Hills High School,Ms.,Christine,Pollinger,School Principal,cpollinger@pascack.org,225 West Grand Avenue," ",Montvale,NJ,"=""07645""",225 West Grand Avenue," ",Montvale,NJ,"=""07645""",Dr.,Sean,Struncis,Anti-Bullying Specialist,,,,,"=""201-358-7020""",,,,,,,,,,,1,1,1,1,,,"=""00718""",,,
"=""03""",BERGEN,"=""3960""",Pascack Valley Regional High School District,"=""050""",Pascack Valley High School,Mr.,John,Puccio,School Principal,jpuccio@pascack.org,200 Piermont Avenue," ",Hillsdale,NJ,"=""07642""",200 Piermont Avenue," ",Hillsdale,NJ,"=""07642""",Ms.,Margarat,Montenare,Anti-Bullying Specialist,,,,,"=""201-358-7060""",,,,,,,,,,,1,1,1,1,,,"=""00720""",,,
"=""03""",BERGEN,"=""4300""",Ramapo Indian Hills Regional High School District,"=""030""",Indian Hills High School,Dr.,Gregory,Vacca,School Principal,gvacca@rih.org,97 YAWPO AVE," ",OAKLAND,NJ,"=""07436-2740""",97 YAWPO AVE," ",OAKLAND,NJ,"=""07436-2740""",Ms.,Andrea,Saladino,Anti-Bullying Specialist,,,,,"=""201-337-0100""",,,,,,,,,,,1,1,1,1,,,"=""00724""",,,
"=""03""",BERGEN,"=""4300""",Ramapo Indian Hills Regional High School District,"=""050""",Ramapo High School,Ms.,Claudia,Dargento,School Principal,cdargento@rih.org,331 GEORGE STREET," ",FRANKLIN LAKES,NJ,"=""07417""",331 GEORGE STREET," ",FRANKLIN LAKES,NJ,"=""07417""",Ms.,Jasmine,Mantashian,Anti-Bullying Specialist,,,,,"=""201-891-1500""",,,,,,,,,,,1,1,1,1,,,"=""00726""",,,
"=""03""",BERGEN,"=""4310""",Ramsey School District,"=""055""",Eric S. Smith Middle School,Dr.,Ryan,Esdale,School Principal,resdale@ramsey.k12.nj.us,2 MONROE STREET," ",RAMSEY,NJ,"=""07446-1411""",2 MONROE STREET," ",RAMSEY,NJ,"=""07446-1411""",Mrs.,Christine,Larsen,Anti-Bullying Specialist,,,,,"=""201-785-2313""",,,,,,,,1,1,1,,,,,,,"=""00732""",,,
"=""03""",BERGEN,"=""4310""",Ramsey School District,"=""060""",John Y Dater Elementary School,Ms.,Jennifer,Glebocki,School Principal,jglebocki@ramsey.k12.nj.us,35 SCHOOL STREET," ",RAMSEY,NJ,"=""07446-1833""",35 SCHOOL STREET," ",RAMSEY,NJ,"=""07446-1833""",Ms.,Jennifer,Hicks,Anti-Bullying Specialist,,,,,"=""201-785-2325""",,,,,,1,1,,,,,,,,,,"=""00734""",,,
"=""03""",BERGEN,"=""4310""",Ramsey School District,"=""070""",Mary A. Hubbard Elementary School,Ms.,Stacey,Linzenbold,School Principal,slinzenbold@ramsey.k12.nj.us,10 HUBBARD LANE," ",RAMSEY,NJ,"=""07446-2202""",10 HUBBARD LANE," ",RAMSEY,NJ,"=""07446-2202""",Ms.,Brittany,Toby-Small,Anti-Bullying Specialist,,,,,"=""201-785-2301""",1,1,1,1,1,,,,,,,,,,,,"=""00736""",,,
"=""03""",BERGEN,"=""4310""",Ramsey School District,"=""050""",Ramsey High School,Dr.,Michael,Thumm,School Principal,mthumm@ramsey.k12.nj.us,256 E  MAIN STREET," ",RAMSEY,NJ,"=""07446-1927""",256 E  MAIN STREET," ",RAMSEY,NJ,"=""07446-1927""",Mr.,Dan,DeMartino,Anti-Bullying Specialist,,,,,"=""201-785-2300""",,,,,,,,,,,1,1,1,1,,,"=""00730""",,,
"=""03""",BERGEN,"=""4310""",Ramsey School District,"=""080""",Wesley D Tisdale Elementary School,Mrs.,Gina,Aliano,School Principal,galiano@ramsey.k12.nj.us,200 ISLAND AVENUE," ",RAMSEY,NJ,"=""07446-1566""",200 ISLAND AVENUE," ",RAMSEY,NJ,"=""07446-1566""",Mrs.,Lisa,Moment,Anti-Bullying Specialist,,,,,"=""201-785-2336""",1,1,1,1,1,,,,,,,,,,,,"=""00738""",,,
"=""03""",BERGEN,"=""4380""",Ridgefield Park Public School District,"=""060""",Grant Elementary School,Mrs.,Natasha,Hernandez,School Principal,nhernandez@rpschools.net,104 HENRY ST," ",RIDGEFIELD PARK,NJ,"=""07660-2209""",104 HENRY ST," ",RIDGEFIELD PARK,NJ,"=""07660-2209""",Mrs.,Julianne,Mastroianni,Anti-Bullying Specialist,,,,,"=""201-641-0441""",1,1,1,1,1,1,1,1,,,,,,,,,"=""00756""",,https://www.instagram.com/rpgrantbulldogs,
"=""03""",BERGEN,"=""4380""",Ridgefield Park Public School District,"=""070""",Lincoln Elementary School,Dr.,Stephen,Ferraro,School Principal,sferraro@rpschools.net,712 LINCOLN AVENUE," ",RIDGEFIELD PARK,NJ,"=""07660""",712 LINCOLN AVENUE," ",RIDGEFIELD PARK,NJ,"=""07660""",Mrs.,Nancy,Alkin,Anti-Bullying Specialist,,,,,"=""201-994-1830""",1,1,1,1,1,1,1,1,,,,,,,,,"=""00257""",,https://www.instagram.com/lincolnlions_nj,
"=""03""",BERGEN,"=""4380""",Ridgefield Park Public School District,"=""050""",Ridgefield Park Jr Sr High School,Ms.,Melissa,Cavins,School Principal,mcavins@rpschools.net,1 OZZIE NELSON DRIVE," ",RIDGEFIELD PARK,NJ,"=""07660""",1 OZZIE NELSON DRIVE," ",RIDGEFIELD PARK,NJ,"=""07660""",Mr.,Taylor,Jarvis,Anti-Bullying Specialist,,,,,"=""201-440-1440""",,,,,,,,,1,1,1,1,1,1,,,"=""00754""",,https://www.instagram.com/rpjshs_scarlets,
"=""03""",BERGEN,"=""4380""",Ridgefield Park Public School District,"=""080""",Roosevelt  Elementary School,Mr.,Jason,Cata,School Principal,jcata@rpschools.net,508 TEANECK ROAD," ",RIDGEFIELD PARK,NJ,"=""07660""",508 TEANECK ROAD," ",RIDGEFIELD PARK,NJ,"=""07660""",Mr.,James,Kenny,Anti-Bullying Specialist,,,,,"=""201-440-0808""",1,1,1,1,1,1,1,1,,,,,,,,,"=""00760""",,https://www.instagram.com/rprooseveltpride,
"=""03""",BERGEN,"=""4370""",Ridgefield School District,"=""065""",Bergen Boulevard School,Mr.,Peter,Mastrangelo,School Principal,pmastrangelo@ridgefieldschools.com,635 BERGEN BLVD," ",RIDGEFIELD,NJ,"=""07657""",635 BERGEN BLVD," ",RIDGEFIELD,NJ,"=""07657""",Ms.,Isabelle,Querques,Anti-Bullying Specialist,,,,,"=""201-943-1861""",,,1,1,1,1,,,,,,,,,,,"=""06057""",,,
"=""03""",BERGEN,"=""4370""",Ridgefield School District,"=""050""",Ridgefield Memorial High School,Mr.,Joseph,Romeo,School Principal,jromeo@ridgefieldschools.com,555 WALNUT ST," ",RIDGEFIELD,NJ,"=""07657""",555 WALNUT ST," ",RIDGEFIELD,NJ,"=""07657""",Ms.,Anna,Georgiou,Anti-Bullying Specialist,,,,,"=""201-945-4455""",,,,,,,,,,,1,1,1,1,,,"=""00742""",,,
"=""03""",BERGEN,"=""4370""",Ridgefield School District,"=""090""",Shaler Academy,Ms.,Jeanine,McGlynn,School Principal,jmcglynn@ridgefieldschools.com,455 SHALER BOULEVARD," ",RIDGEFIELD,NJ,"=""07657""",455 SHALER BOULEVARD," ",RIDGEFIELD,NJ,"=""07657""",Mrs.,Isabelle,Querques,Anti-Bullying Specialist,,,,,"=""201-313-2476""",1,1,1,1,1,,,,,,,,,,,,"=""00078""",,,
"=""03""",BERGEN,"=""4370""",Ridgefield School District,"=""100""",Slocum Skewes School,Mr.,Timothy,Yang,School Principal,tyang@ridgefieldschools.com,650 PROSPECT AVE," ",RIDGEFIELD,NJ,"=""07657""",650 PROSPECT AVE," ",RIDGEFIELD,NJ,"=""07657""",Ms.,Karen,Johnson,Anti-Bullying Specialist,,,,,"=""201-943-4299""",,,,,1,1,1,1,1,1,,,,,,,"=""00750""",,,
"=""03""",BERGEN,"=""4390""",Ridgewood Public School District,"=""060""",Benjamin Franklin Middle School,Ms.,Stacey,Wisniewski,School Principal,swisniewskii@rpsnj.us,335 NORTH VAN DIEN AVE," ",RIDGEWOOD,NJ,"=""07451""",335 NORTH VAN DIEN AVE," ",RIDGEWOOD,NJ,"=""07451""",Ms.,Lara,Sheer,Anti-Bullying Specialist,,,,,"=""201-670-2780""",,,,,,,,1,1,1,,,,,,,"=""00766""",,https://www.instagram.com/RPS_BFMS,
"=""03""",BERGEN,"=""4390""",Ridgewood Public School District,"=""070""",George Washington Middle School,Mr.,David,Bailey,School Principal,dbailey@rpsnj.us,155 WASHINGTON PL," ",RIDGEWOOD,NJ,"=""07451""",155 WASHINGTON PL," ",RIDGEWOOD,NJ,"=""07451""",Mr.,Michael,Piacenza,Anti-Bullying Specialist,,,,,"=""201-670-2790""",,,,,,,,1,1,1,,,,,,,"=""00768""",,https://www.instagram.com/RPS_GWMS,
"=""03""",BERGEN,"=""4390""",Ridgewood Public School District,"=""080""",Glen School,Mrs.,Janel,Nese,Education Coordinator,jnese@rpsnj.us,865 EAST GLEN AVENUE," ",RIDGEWOOD,NJ,"=""07451""",865 EAST GLEN AVENUE," ",RIDGEWOOD,NJ,"=""07451""",Mrs.,Jane,Gerald,Anti-Bullying Specialist,,,,,"=""201-251-3140""",1,,,,,,,,,,,,,,,,"=""00221""",,,
"=""03""",BERGEN,"=""4390""",Ridgewood Public School District,"=""085""",Hawes Elementary School,Ms.,Shauna,Stovell,School Principal,sstovell@rpsnj.us,531 STEVENS AVENUE," ",RIDGEWOOD,NJ,"=""07451""",531 STEVENS AVENUE," ",RIDGEWOOD,NJ,"=""07451""",Ms.,Suh Young,Nam,Anti-Bullying Specialist,,,,,"=""201-670-2720""",,1,1,1,1,1,1,,,,,,,,,,"=""00772""",,https://www.instagram.com/RPS_HAWES,
"=""03""",BERGEN,"=""4390""",Ridgewood Public School District,"=""120""",Orchard Elementary School,Mrs.,Mary,Ferreri,School Principal,mkferreri@rpsnj.us,230 DEMAREST ST," ",RIDGEWOOD,NJ,"=""07451""",230 DEMAREST ST," ",RIDGEWOOD,NJ,"=""07451""",Ms.,Lindsay,Rubin,Anti-Bullying Specialist,,,,,"=""201-670-2730""",,1,1,1,1,1,1,,,,,,,,,,"=""00780""",,https://www.instagram.com/RPS_ORCHARD,
"=""03""",BERGEN,"=""4390""",Ridgewood Public School District,"=""090""",Ridge Elementary School,Mr.,Justin,Jasper,School Principal,jjasper@rpsnj.us,325 WEST RIDGEWOOD AVE," ",RIDGEWOOD,NJ,"=""07450-3624""",325 WEST RIDGEWOOD AVE," ",RIDGEWOOD,NJ,"=""07450-3624""",Ms.,Lindsay,Mitchell,Anti-Bullying Specialist,,,,,"=""201-670-2740""",,1,1,1,1,1,1,,,,,,,,,,"=""00774""",,https://www.instagram.com/RPS_RIDGE,
"=""03""",BERGEN,"=""4390""",Ridgewood Public School District,"=""050""",Ridgewood High School,Mr.,Jeffrey,Nyhuis,School Principal,jnyhuis@rpsnj.us,627 EAST RIDGEWOOD AVE," ",RIDGEWOOD,NJ,"=""07451""",627 EAST RIDGEWOOD AVE," ",RIDGEWOOD,NJ,"=""07451""",Mr.,Meredith,Yannone,Anti-Bullying Specialist,,,,,"=""201-670-2800""",,,,,,,,,,,1,1,1,1,,,"=""00764""",,,
"=""03""",BERGEN,"=""4390""",Ridgewood Public School District,"=""100""",Somerville Elementary School,Dr.,Lorna Jane,Oates-Santos,School Principal,loates@rpsnj.us,45 SOUTH PLEASANT AVE," ",RIDGEWOOD,NJ,"=""07451""",45 SOUTH PLEASANT AVE," ",RIDGEWOOD,NJ,"=""07451""",Ms.,Kathleen,Finnegan,Anti-Bullying Specialist,,,,,"=""201-670-2750""",,1,1,1,1,1,1,,,,,,,,,,"=""00776""",,https://www.instagram.com/RPS_SOMERVILLE,
"=""03""",BERGEN,"=""4390""",Ridgewood Public School District,"=""110""",Travell Elementary School,Ms.,Lauren,Carr,School Principal,lcarr@rpsnj.us,340 BOGERT AVE," ",RIDGEWOOD,NJ,"=""07451""",340 BOGERT AVE," ",RIDGEWOOD,NJ,"=""07451""",Ms.,Melissa,Miller,Anti-Bullying Specialist,,,,,"=""201-670-2760""",,1,1,1,1,1,1,,,,,,,,,,"=""00778""",,https://www.instagram.com/RPS_TRAVELL,
"=""03""",BERGEN,"=""4390""",Ridgewood Public School District,"=""130""",Willard Elementary School,Mrs.,Caroline,Hoffman,School Principal,choffman@rpsnj.us,601 MORNINGSIDE RD," ",RIDGEWOOD,NJ,"=""07451""",601 MORNINGSIDE RD," ",RIDGEWOOD,NJ,"=""07451""",Ms.,David,Pfeiffer,Anti-Bullying Specialist,,,,,"=""201-670-2770""",,1,1,1,1,1,1,,,,,,,,,,"=""00782""",,https://www.instagram.com/RPS_WILLARD,
"=""03""",BERGEN,"=""4405""",River Dell Regional School District,"=""060""",River Dell Middle School,Mr.,Robert,Urbanovich,School Principal,robert.urbanovich@riverdell.org,230 WOODLAND AVENUE," ",River Edge,NJ,"=""07661""",230 WOODLAND AVENUE," ",River Edge,NJ,"=""07661""",Mr.,John,Jasinski,Anti-Bullying Specialist,,,,,"=""201-599-7200""",,,,,,,,,1,1,,,,,,,"=""00788""",,,
"=""03""",BERGEN,"=""4405""",River Dell Regional School District,"=""050""",River Dell Regional High School,Mr.,Brian,Pepe,School Principal,brian.pepe@riverdell.org,55 PYLE STREET," ",ORADELL,NJ,"=""07649""",55 PYLE STREET," ",ORADELL,NJ,"=""07649""",Mr.,Brandon,Flanagan,Anti-Bullying Specialist,,,,,"=""201-599-7200""",,,,,,,,,,,1,1,1,1,,,"=""00786""",,,
"=""03""",BERGEN,"=""4410""",River Edge School District,"=""030""",Cherry Hill School,Ms.,Denise,Heitman,School Principal,heitmand@riveredgeschools.org,410 BOGERT RD," ",RIVER EDGE,NJ,"=""07661-1813""",410 BOGERT RD," ",RIVER EDGE,NJ,"=""07661-1813""",Dr.,Evan,Jaffe,Anti-Bullying Specialist,,,,,"=""201-261-3405""",1,1,1,1,1,1,1,1,,,,,,,,,"=""00792""",,,
"=""03""",BERGEN,"=""4410""",River Edge School District,"=""050""",Roosevelt School,Mr.,Nicholas,Grimshaw,School Principal,grimshawn@riverdgeschools.org,711 SUMMIT AVE," ",RIVER EDGE,NJ,"=""07661-2201""",711 SUMMIT AVE," ",RIVER EDGE,NJ,"=""07661-2201""",Dr.,Evan,Jaffe,Anti-Bullying Specialist,,,,,"=""201-261-1546""",,1,1,1,1,1,1,1,,,,,,,,,"=""00794""",,,
"=""03""",BERGEN,"=""4430""",River Vale Public School District,"=""050""",Holdrum Middle School,Mr.,James,Cody,School Principal,jcody@rivervaleschools.com,393 RIVERVALE ROAD," ",RIVER VALE,NJ,"=""07675""",393 RIVERVALE ROAD," ",RIVER VALE,NJ,"=""07675""",Ms.,Erin,Rudolph,Anti-Bullying Specialist,,,,,"=""201-358-4016""",,,,,,,,1,1,1,,,,,,,"=""00798""",,,
"=""03""",BERGEN,"=""4430""",River Vale Public School District,"=""060""",Roberge Elementary School,Mr.,Stephen,Wren,School Principal,swren@rivervaleschools.com,617 WESTWOOD AVE," ",RIVER VALE,NJ,"=""07675-6241""",617 WESTWOOD AVE," ",RIVER VALE,NJ,"=""07675-6241""",Mrs.,Laura,Barnette,Anti-Bullying Specialist,,,,,"=""201-358-4006""",1,1,1,1,1,1,1,,,,,,,,,,"=""00800""",,,
"=""03""",BERGEN,"=""4430""",River Vale Public School District,"=""070""",Woodside Elementary School,Mr.,Christopher,Kirkby,School Principal,ckirkby@rivervaleschools.com,801 RIVERVALE RD," ",RIVER VALE,NJ,"=""07675-6148""",801 RIVERVALE RD," ",RIVER VALE,NJ,"=""07675-6148""",Mrs.,Rachel,Jurjevic,Anti-Bullying Specialist,,,,,"=""201-358-4028""",,1,1,1,1,1,1,,,,,,,,,,"=""00802""",,,
"=""03""",BERGEN,"=""4470""",Rochelle Park School District,"=""050""",Midland School #1,Dr.,Courtney,Carmichael,School Principal,ccarmichael@rochellepark.org,300 ROCHELLE AVE," ",ROCHELLE PARK,NJ,"=""07662-3915""",300 ROCHELLE AVE," ",ROCHELLE PARK,NJ,"=""07662-3915""",Ms.,Klaudia,Lesniak,Anti-Bullying Specialist,,,,,"=""201-843-3120""",1,1,1,1,1,1,1,1,1,1,,,,,,,"=""00804""",,,
"=""03""",BERGEN,"=""4600""",Rutherford School District,"=""070""",Lincoln School,Dr.,Jeanna,Velechko,School Principal,jvelechko@rutherfordschools.org,414 MONTROSS AVENUE," ",RUTHERFORD,NJ,"=""07070-2218""",414 MONTROSS AVENUE," ",RUTHERFORD,NJ,"=""07070-2218""",Ms.,Gabriela,Iadeluca,Anti-Bullying Specialist,,,,,"=""201-438-7675""",1,1,1,1,1,,,,,,,,,,,,"=""00812""",,,
"=""03""",BERGEN,"=""4600""",Rutherford School District,"=""080""",Pierrepont School,Mrs.,Joan,Carrion,School Principal,jcarrion@rutherfordschools.org,70 E PIERREPONT AVE," ",RUTHERFORD,NJ,"=""07070-2333""",70 E PIERREPONT AVE," ",RUTHERFORD,NJ,"=""07070-2333""",Ms.,Francesca,Antoniello,Anti-Bullying Specialist,,,,,"=""201-438-7675""",,,,,,1,1,1,,,,,,,,,"=""00814""",,,
"=""03""",BERGEN,"=""4600""",Rutherford School District,"=""050""",Rutherford High School,Mr.,Frank,Morano,School Principal,fmorano@rutherfordschools.org,56 ELLIOTT PL," ",RUTHERFORD,NJ,"=""07070-1965""",56 ELLIOTT PL," ",RUTHERFORD,NJ,"=""07070-1965""",Ms.,Olivia,Griggs,Anti-Bullying Specialist,,,,,"=""201-438-7675""",,,,,,,,,,,1,1,1,1,,,"=""00810""",,,
"=""03""",BERGEN,"=""4600""",Rutherford School District,"=""100""",Union School,Mr.,Kurt,Schweitzer,School Principal,kschweitzer@rutherfordschools.org,359 UNION AVE," ",RUTHERFORD,NJ,"=""07070-1519""",359 UNION AVE," ",RUTHERFORD,NJ,"=""07070-1519""",Ms.,Kerri,Romano,Anti-Bullying Specialist,,,,,"=""201-438-7675""",,,,,,,,,1,1,1,,,,,,"=""00818""",,,
"=""03""",BERGEN,"=""4600""",Rutherford School District,"=""110""",Washington School,Mrs.,Jessica,Saxon,School Principal,jsaxon@rutherfordschools.org,89 WOOD ST," ",RUTHERFORD,NJ,"=""07070-1571""",89 WOOD ST," ",RUTHERFORD,NJ,"=""07070-1571""",Ms.,Gabriela,Iadeluca,Anti-Bullying Specialist,,,,,"=""201-438-7675""",1,,1,1,1,,,,,,,,,,,,"=""00820""",,,
"=""03""",BERGEN,"=""4610""",Saddle Brook School District,"=""080""",Franklin School,Mr.,James,Robinson,School Principal,jrobinson@sbpsnj.org,95 CALDWELL AVENUE," ",SADDLE BROOK,NJ,"=""07663""",95 CALDWELL AVENUE," ",SADDLE BROOK,NJ,"=""07663""",Mrs.,Amy,Abate,Anti-Bullying Specialist,,,,,"=""201-843-1142""",,1,1,1,1,1,1,1,,,,,,,,,"=""00826""",,,
"=""03""",BERGEN,"=""4610""",Saddle Brook School District,"=""085""",Helen I. Smith School,Mrs.,Deborah,Wunder,School Principal,dwunder@sbpsnj.org,30 CAMBRIDGE AVENUE," ",SADDLE BROOK,NJ,"=""07663""",30 CAMBRIDGE AVENUE," ",SADDLE BROOK,NJ,"=""07663""",Ms.,Kristina,Damato,Anti-Bullying Specialist,,,,,"=""201-843-1142""",,1,1,1,1,1,1,1,,,,,,,,,"=""00828""",,,
"=""03""",BERGEN,"=""4610""",Saddle Brook School District,"=""050""",Saddle Brook Middle/High School,Mr.,Donald,Meisch,School Principal,dmeisch@sbpsnj.org,355 MAYHILL STREET," ",SADDLE BROOK,NJ,"=""07663""",355 MAYHILL STREET," ",SADDLE BROOK,NJ,"=""07663""",Mr.,Colin,Shallcross,Anti-Bullying Specialist,,,,,"=""201-843-2880""",,,,,,,,,1,1,1,1,1,1,,,"=""00824""",,,
"=""03""",BERGEN,"=""4610""",Saddle Brook School District,"=""090""",Salome H. Long Memorial School,Mrs.,Jacquelyn,Mansfield,School Principal,jmansfield@sbpsnj.org,260 FLORAL LANE," ",SADDLE BROOK,NJ,"=""07663""",260 FLORAL LANE," ",SADDLE BROOK,NJ,"=""07663""",Ms.,Alessandra,DeLuca,Anti-Bullying Specialist,,,,,"=""201-843-1142""",,1,1,1,1,1,1,1,,,,,,,,,"=""00830""",,,
"=""03""",BERGEN,"=""4610""",Saddle Brook School District,"=""100""",Washington School,Mrs.,Brooke,Hanenberg,School Administrator,bhanenberg@sbpsnj.org,225 Market Street," ",Saddle Brook,NJ,"=""07663""",225 Market Street," ",Saddle Brook,NJ,"=""07663""",Mrs.,Amy,Abate,Anti-Bullying Specialist,,,,,"=""201-843-6740""",1,,,,,,,,,,,,,,,,"=""00119""",,,
"=""03""",BERGEN,"=""4620""",Saddle River School District,"=""050""",Wandell School,Dr.,Jennifer,Macones,Chief School Administrator,jmacones@wandellschool.org,97 E ALLENDALE RD," ",SADDLE RIVER,NJ,"=""07458-3023""",97 E ALLENDALE RD," ",SADDLE RIVER,NJ,"=""07458-3023""",Mrs.,Victoria,Hickey,Anti-Bullying Specialist,,,,,"=""201-327-0727""",1,1,1,1,1,1,1,,,,,,,,,,"=""00834""",https://www.facebook.com/WandellSchool,https://www.instagram.com/wandell_school,
"=""03""",BERGEN,"=""4845""",South  Bergen Jointure Commission School District,"=""050""",Lodi MS HS,Mr.,Joseph,Marszalek,School Principal,jmarszalek@njsbjc.org,123 UNION ST," ",LODI,NJ,"=""07644""",123 UNION ST," ",LODI,NJ,"=""07644""",Ms.,Claudia,Balestier,Anti-Bullying Specialist,,,,,"=""973-249-0995""",,,,,,,,1,1,1,1,1,1,1,,,"=""00578""",,,
"=""03""",BERGEN,"=""4845""",South  Bergen Jointure Commission School District,"=""060""",Maywood Campus,Ms.,Lauren,Rosicki,School Principal,lrosicki@njsbjc.org,404 MAYWOOD AVENUE," ",MAYWOOD,NJ,"=""07607""",404 MAYWOOD AVENUE," ",MAYWOOD,NJ,"=""07607""",Ms.,Bonnie,Kraft,Anti-Bullying Specialist,,,,,"=""201-845-8818""",1,1,1,1,1,1,1,1,,,,,,,,,"=""00081""",,,
"=""03""",BERGEN,"=""4845""",South  Bergen Jointure Commission School District,"=""070""",Moonachie Campus,Mr.,Shane,Miller,School Administrator,hehle@njsbjc.org,Robert L. Craig School,"20 West Park Street ",Moonachie,NJ,"=""07074""",Lodi Campus,"123 Union Street ",Lodi,NJ,"=""07644""",Ms.,Hillary,Sobol,Anti-Bullying Specialist,,,,,"=""973-249-0995""",1,1,1,1,1,1,1,1,1,1,,,,,,,"=""00083""",,,
"=""03""",BERGEN,"=""4870""",South Hackensack School District,"=""050""",Memorial School,Dr.,Letizia,Pantoliano,Interim Principal,lpantoliano@shmemorial.org,DYER AVENUE,"Memorial School ",SOUTH HACKENSACK,NJ,"=""07606-1537""",DYER AVENUE,Memorial School Dyer Avenue,SOUTH HACKENSACK,NJ,"=""07606-1537""",Mr.,James,Wagner,Anti-Bullying Specialist,Mrs.,Stephanie,Kropp,School Homeless Liaison,"=""201-440-2782""",1,1,1,1,1,1,1,1,1,1,,,,,,,"=""00836""",,,
"=""03""",BERGEN,"=""5150""",Teaneck School District,"=""060""",Benjamin Franklin Middle School,Mr.,Terrence,Williams,School Principal,twilliams@teaneckschools.org,1315 TAFT ROAD," ",TEANECK,NJ,"=""07666""",1315 TAFT ROAD," ",TEANECK,NJ,"=""07666""",Mrs.,Lillian,Garcia,Anti-Bullying Specialist,,,,,"=""201-833-5451""",,,,,,,1,1,1,1,,,,,,,"=""00842""",,,
"=""03""",BERGEN,"=""5150""",Teaneck School District,"=""130""",James Russell Lowell Elementary School,Mr.,Pedro,Valdes III,School Principal,pvaldes@teaneckschools.org,1025 LINCOLN PLACE," ",TEANECK,NJ,"=""07666""",1025 LINCOLN PLACE," ",TEANECK,NJ,"=""07666""",Ms.,Lisa,Guyden,Anti-Bullying Specialist,,,,,"=""201-833-5550""",,1,1,1,1,1,,,,,,,,,,,"=""00856""",,,
"=""03""",BERGEN,"=""5150""",Teaneck School District,"=""150""",John Greenleaf Whittier Elementary School,Mrs.,Debra,Nussbaum,School Principal,dnussbaum@teaneckschools.org,491 W ENGLEWOOD AVENUE," ",TEANECK,NJ,"=""07666""",491 W ENGLEWOOD AVENUE," ",TEANECK,NJ,"=""07666""",Ms.,Danette,Coston,Anti-Bullying Specialist,,,,,"=""201-833-5535""",,1,1,1,1,1,,,,,,,,,,,"=""00860""",,,
"=""03""",BERGEN,"=""5150""",Teaneck School District,"=""110""",Nathaniel Hawthorne Elementary School,Mr.,Emilio,Jennette,School Principal,ejennette@teaneckschools.org,201 FYCKE LANE," ",TEANECK,NJ,"=""07666""",201 FYCKE LANE," ",TEANECK,NJ,"=""07666""",Ms.,Colette,Brantley,Anti-Bullying Specialist,,,,,"=""201-833-5540""",,1,1,1,1,1,,,,,,,,,,,"=""00852""",,,
"=""03""",BERGEN,"=""5150""",Teaneck School District,"=""050""",Teaneck High School,Mr.,Piero,LoGiudice,School Principal,plogiudice@teaneckschools.org,100 ELIZABETH AVE," ",TEANECK,NJ,"=""07666-4713""",100 ELIZABETH AVE," ",TEANECK,NJ,"=""07666-4713""",Ms.,Susie,Cipriano,Anti-Bullying Specialist,,,,,"=""201-833-5400""",,,,,,,,,,,1,1,1,1,,,"=""00840""",,,
"=""03""",BERGEN,"=""5150""",Teaneck School District,"=""300""",Theodora Smiley Lacey Elementary School,Ms.,Leslie,King,School Principal,lking@teaneckschools.org,ONE MERRISON STREET," ",TEANECK,NJ,"=""07666""",ONE MERRISON STREET," ",TEANECK,NJ,"=""07666""",Ms.,Jessica,Brown,Anti-Bullying Specialist,,,,,"=""201-862-2508""",1,,,,,,,,,,,,,,,,"=""03493""",,,
"=""03""",BERGEN,"=""5150""",Teaneck School District,"=""070""",Thomas Jefferson Middle School,Ms.,Nina,Odatalla,School Principal,nodatalla@teaneckschools.org,655 TEANECK RD," ",TEANECK,NJ,"=""07666-4249""",655 TEANECK RD," ",TEANECK,NJ,"=""07666-4249""",Mr.,Robert,Davis,Anti-Bullying Specialist,,,,,"=""201-833-5471""",,,,,,,1,1,1,1,,,,,,,"=""00844""",,,
"=""03""",BERGEN,"=""5150""",Teaneck School District,"=""080""",William Cullen Bryant School,Mr.,David,Deubel,School Principal,ddeubel@teaneckschools.org,1 TRYON AVENUE," ",TEANECK,NJ,"=""07666""",1 TRYON AVENUE," ",TEANECK,NJ,"=""07666""",Mr.,David,Deubel,Anti-Bullying Specialist,,,,,"=""201-833-5546""",1,1,,,,,,,,,,,,,,,"=""00846""",,,
"=""03""",BERGEN,"=""5160""",Tenafly Public School District,"=""070""",J Spencer Smith School,Mr.,John,Fabbo,School Principal,jfabbo@tenafly.k12.nj.us,101 DOWNEY DRIVE," ",TENAFLY,NJ,"=""07670""",101 DOWNEY DRIVE," ",TENAFLY,NJ,"=""07670""",Mrs.,Nicole,Lahanas,Anti-Bullying Specialist,,,,,"=""201-816-7715""",,1,1,1,1,1,1,,,,,,,,,,"=""00866""",,,
"=""03""",BERGEN,"=""5160""",Tenafly Public School District,"=""080""",Malcolm S Mackay School,Ms.,Heidi,Chizzik,School Principal,hchizzik@tenafly.k12.nj.us,111 JEFFERSON AVENUE," ",TENAFLY,NJ,"=""07670""",111 JEFFERSON AVENUE," ",TENAFLY,NJ,"=""07670""",Ms.,Jennifer,Angerson,Anti-Bullying Specialist,,,,,"=""201-816-7700""",,1,1,1,1,1,1,,,,,,,,,,"=""00868""",,,
"=""03""",BERGEN,"=""5160""",Tenafly Public School District,"=""090""",Ralph S Maugham School,Ms.,Esther,Loor,School Principal,eloor@tenafly.k12.nj.us,111 MAGNOLIA AVENUE," ",TENAFLY,NJ,"=""07670""",111 MAGNOLIA AVENUE," ",TENAFLY,NJ,"=""07670""",Ms.,Maria,Casteline-Krebs,Anti-Bullying Specialist,,,,,"=""201-816-7705""",,1,1,1,1,1,1,,,,,,,,,,"=""00870""",,,
"=""03""",BERGEN,"=""5160""",Tenafly Public School District,"=""050""",Tenafly High School,Mr.,James,Morrison,School Principal,jmorrison@tenafly.k12.nj.us,19 COLUMBUS DRIVE," ",TENAFLY,NJ,"=""07670""",19 COLUMBUS DRIVE," ",TENAFLY,NJ,"=""07670""",Ms.,Christine,Enrico,Anti-Bullying Specialist,,,,,"=""201-816-6614""",,,,,,,,,,,1,1,1,1,,,"=""00864""",,,
"=""03""",BERGEN,"=""5160""",Tenafly Public School District,"=""095""",Tenafly Middle School,Mr.,Patrick,Comey,School Principal,pcomey@teanfly.k12.nj.us,10 SUNSET LANE," ",TENAFLY,NJ,"=""07670""",10 SUNSET LANE," ",TENAFLY,NJ,"=""07670""",Ms.,Lisa,Rossi,Anti-Bullying Specialist,,,,,"=""201-816-4530""",,,,,,,,1,1,1,,,,,,,"=""00872""",,,
"=""03""",BERGEN,"=""5160""",Tenafly Public School District,"=""100""",Walter Stillman School,Mrs.,Gayle,Lander,School Principal,glander@tenafly.k12.nj.us,75 TENAFLY ROAD," ",TENAFLY,NJ,"=""07670""",75 TENAFLY ROAD," ",TENAFLY,NJ,"=""07670""",Ms.,Jodi,Droutman,Anti-Bullying Specialist,,,,,"=""201-816-7710""",1,1,1,1,1,1,1,,,,,,,,,,"=""00874""",,,
"=""03""",BERGEN,"=""5330""",Upper Saddle River School District,"=""060""",Edith A. Bogert Elementary School,Mr.,David,Kaplan,School Principal,dkaplan@usrschoolsk8.com,391 W  SADDLE RIVER RD," ",UPPER SADDLE RIVER,NJ,"=""07458""",391 W  SADDLE RIVER RD," ",UPPER SADDLE RIVER,NJ,"=""07458""",Mr.,John,Edwards,Anti-Bullying Specialist,,,,,"=""201-961-6350""",,,,,1,1,1,,,,,,,,,,"=""00882""",,,
"=""03""",BERGEN,"=""5330""",Upper Saddle River School District,"=""050""",Emil A. Cavallini Middle School,Mr.,James,McCusker,School Principal,jmccusker@usrschoolsk8.com,392 W  SADDLE RIVER RD," ",UPPER SADDLE RIVER,NJ,"=""07458""",392 W  SADDLE RIVER RD," ",UPPER SADDLE RIVER,NJ,"=""07458""",Mrs.,Salliann,Ran,Anti-Bullying Specialist,,,,,"=""201-961-6400""",,,,,,,,1,1,1,,,,,,,"=""00880""",,,
"=""03""",BERGEN,"=""5410""",Waldwick School District,"=""040""",Crescent Elementary School,Mr.,Brian,Cannici,School Principal,cannicib@waldwickschools.org,165 CRESCENT AVENUE," ",WALDWICK,NJ,"=""07463""",165 CRESCENT AVENUE," ",WALDWICK,NJ,"=""07463""",Ms.,Andrea,Hused,Anti-Bullying Specialist,,,,,"=""201-445-0690""",,1,1,1,1,1,1,,,,,,,,,,"=""00890""",,,
"=""03""",BERGEN,"=""5410""",Waldwick School District,"=""050""",Julia A Traphagen School,Mr.,Robert,Sileo,School Principal,sileor@waldwickschools.org,153 SUMMIT AVENUE," ",WALDWICK,NJ,"=""07463""",153 SUMMIT AVENUE," ",WALDWICK,NJ,"=""07463""",Ms.,Andrea,Hused,Anti-Bullying Specialist,,,,,"=""201-445-0730""",1,1,1,1,1,1,1,,,,,,,,,,"=""00892""",,,
"=""03""",BERGEN,"=""5410""",Waldwick School District,"=""030""",Waldwick High School,Mr.,Kevin,Carroll,School Principal,carrollk@waldwickschools.org,155 WYCKOFF AVENUE," ",WALDWICK,NJ,"=""07463""",155 WYCKOFF AVENUE," ",WALDWICK,NJ,"=""07463""",Ms.,Andrea,Hused,Anti-Bullying Specialist,,,,,"=""201-652-9000""",,,,,,,,,,,1,1,1,1,,,"=""00888""",,,
"=""03""",BERGEN,"=""5410""",Waldwick School District,"=""070""",Waldwick Middle School,Mr.,Michael,Meyers,School Principal,meyersm@waldwickschools.org,155 WYCKOFF AVENUE," ",WALDWICK,NJ,"=""07463""",155 WYCKOFF AVENUE," ",WALDWICK,NJ,"=""07463""",Ms.,Andrea,Hused,Anti-Bullying Specialist,,,,,"=""201-652-9000""",,,,,,,,1,1,1,,,,,,,"=""00537""",,,
"=""03""",BERGEN,"=""5430""",Wallington Boro School District,"=""055""",Frank W. Gavlak Elementary School,Mr.,Alessandro,Barchi,School Principal,barchi@wboe.org,106 KING ST," ",WALLINGTON,NJ,"=""07057""",106 KING ST," ",WALLINGTON,NJ,"=""07057""",Mrs.,Maria,Mangieri,Anti-Bullying Specialist,,,,,"=""973-777-4420""",,,,,1,1,1,1,,,,,,,,,"=""00900""",,,
"=""03""",BERGEN,"=""5430""",Wallington Boro School District,"=""060""",Jefferson (Annex) Elementary School,Mr.,Michael,Luterzo,School Principal,luterzo@wboe.org,6 Bond Street," ",WALLINGTON,NJ,"=""07057""",6 Bond Street," ",WALLINGTON,NJ,"=""07057""",Ms.,Natalie,Cantatore,Anti-Bullying Specialist,,,,,"=""973-836-4700""",,1,1,1,,,,,,,,,,,,,"=""00902""",,,
"=""03""",BERGEN,"=""5430""",Wallington Boro School District,"=""050""",Wallington Junior Senior High School,Mr.,Fred,Fromfield,School Principal,fromfield@wboe.org,234 MAIN AVE," ",WALLINGTON,NJ,"=""07057-1523""",234 MAIN AVE," ",WALLINGTON,NJ,"=""07057-1523""",Ms.,Jaclynn,Schwartzer,Anti-Bullying Specialist,,,,,"=""973-777-0808""",,,,,,,,,1,1,1,1,1,1,,,"=""00898""",,,
"=""03""",BERGEN,"=""5755""",Westwood Regional School District,"=""060""",Berkeley Elementary,Mr.,Michael,Fiorello,School Principal,michael.fiorello@wwrsd.org,47 BERKELEY AVE," ",WESTWOOD,NJ,"=""07675-2401""",47 BERKELEY AVE," ",WESTWOOD,NJ,"=""07675-2401""",Ms.,Sandra,Massaro,Anti-Bullying Specialist,,,,,"=""201-664-7760""",,1,1,1,1,1,1,,,,,,,,,,"=""00910""",https://www.facebook.com/BerkeleyElementarySchool,https://www.instagram.com/berkeleyelementaryschool,https://x.com/BerkeleyWWRSD
"=""03""",BERGEN,"=""5755""",Westwood Regional School District,"=""070""",Brookside Elementary School,Ms.,Jessica,Gluck,School Principal,jessica.gluck@wwrsd.org,20 LAKE DRIVE," ",WESTWOOD,NJ,"=""07675-2935""",20 LAKE DRIVE," ",WESTWOOD,NJ,"=""07675-2935""",Mr.,Justin,Liechty,Anti-Bullying Specialist,,,,,"=""201-664-9000""",,1,1,1,1,1,1,,,,,,,,,,"=""00916""",,,
"=""03""",BERGEN,"=""5755""",Westwood Regional School District,"=""065""",Jessie F. George Elementary,Ms.,Christina,Scaduto,School Principal,christina.scaduto@wwrsd.org,1 PALM STREET," ",TOWNSHIP OF WASHINGTON,NJ,"=""07676""",1 PALM STREET," ",TOWNSHIP OF WASHINGTON,NJ,"=""07676""",Ms.,Bianca,Bisig,Anti-Bullying Specialist,,,,,"=""201-664-3033""",,1,1,1,1,1,1,,,,,,,,,,"=""00914""",https://www.facebook.com/JessieFGeorgeElementarySchool,https://www.instagram.com/jfgcardinals,https://x.com/JFGelementary
"=""03""",BERGEN,"=""5755""",Westwood Regional School District,"=""080""",Washington Elementary School,Mrs.,Melissa,Palianto,School Principal,melissa.palianto@wwrsd.org,600 SCHOOL STREET," ",TOWNSHIP OF WASHINGTON,NJ,"=""07676""",600 SCHOOL STREET," ",TOWNSHIP OF WASHINGTON,NJ,"=""07676""",Ms.,Christina,Santagato,Anti-Bullying Specialist,,,,,"=""201-664-6440""",,1,1,1,1,1,1,,,,,,,,,,"=""00918""",https://www.facebook.com/WashingtonElementarySchool,https://www.instagram.com/washington_cardinals,https://x.com/WashCardinals
"=""03""",BERGEN,"=""5755""",Westwood Regional School District,"=""050""",Westwood Regional High School,Mr.,Frank,Connelly,School Principal,frank.connelly@wwrsd.org,701 RIDGEWOOD ROAD," ",TOWNSHIP OF WASHINGTON,NJ,"=""07676""",701 RIDGEWOOD ROAD," ",TOWNSHIP OF WASHINGTON,NJ,"=""07676""",Ms.,Araceli,DeBrody,Anti-Bullying Specialist,,,,,"=""201-664-0880""",1,,,,,,,,,,1,1,1,1,,,"=""00906""",https://www.facebook.com/westwoodregionalhighschool,https://www.instagram.com/westwoodregionalhighschool,https://x.com/westwoodreghs
"=""03""",BERGEN,"=""5755""",Westwood Regional School District,"=""062""",Westwood Regional Middle School,Mr.,Michael,Andriulli,School Principal,michael.andriulli@wwrsd.org,23 THIRD AVENUE," ",WESTWOOD,NJ,"=""07675-3331""",23 THIRD AVENUE," ",WESTWOOD,NJ,"=""07675-3331""",Mrs.,Christie,Androulakis,Anti-Bullying Specialist,,,,,"=""201-664-5560""",,,,,,,,1,1,1,,,,,,,"=""00912""",https://www.facebook.com/WestwoodRegionialMiddleSchool,https://www.instagram.com/wrmscardinals,https://x.com/wrmscardinals
"=""03""",BERGEN,"=""5830""",Wood-Ridge School District,"=""060""",Catherine E. Doyle Elementary School,Ms.,Lara,Schmitt,School Principal,lschmitt@wood-ridgeschools.org,250 WOOD  RIDGE AVE," ",WOOD  RIDGE,NJ,"=""07075-1510""",250 WOOD  RIDGE AVE," ",WOOD  RIDGE,NJ,"=""07075-1510""",Ms.,Julia,Bracco,Anti-Bullying Specialist,,,,,"=""201-933-6777""",1,1,1,1,1,1,,,,,,,,,,,"=""00924""",,,
"=""03""",BERGEN,"=""5830""",Wood-Ridge School District,"=""300""",Wood-Ridge Intermediate School,Ms.,Ryan Ann,Guglielmotti,School Principal,rguglielmotti@wood-ridgeschools.org,151 FIRST STREET," ",WOOD-RIDGE,NJ,"=""07075""",151 FIRST STREET," ",WOOD-RIDGE,NJ,"=""07075""",Mr.,Joseph,LaBelle,Anti-Bullying Specialist,,,,,"=""201-933-6777""",,,,,,,1,1,,,,,,,,,"=""""",,,
"=""03""",BERGEN,"=""5830""",Wood-Ridge School District,"=""050""",Wood-Ridge Jr/Sr High School,Mrs.,Sivlia,Ruiz,School Principal,sruiz@wood-ridgeschools.org,258 HACKENSACK ST," ",WOOD  RIDGE,NJ,"=""07075-1207""",258 HACKENSACK ST," ",WOOD  RIDGE,NJ,"=""07075-1207""",Mr.,Marc,Sinclair,Anti-Bullying Specialist,,,,,"=""201-933-6777""",,,,,,,,,1,1,1,1,1,1,,,"=""00922""",,,
"=""03""",BERGEN,"=""5880""",Woodcliff Lake School District,"=""030""",Dorchester Elementary School,Mrs.,Stefanie,Marsich,School Principal,smarsich@woodcliff-lake.com,100 DORCHESTER ROAD," ",WOODCLIFF LAKE,NJ,"=""07677""",100 DORCHESTER ROAD," ",WOODCLIFF LAKE,NJ,"=""07677""",Mrs.,Stefanie,Marsich,Anti-Bullying Specialist,,,,,"=""201-930-5600""",1,1,1,1,1,1,1,,,,,,,,,,"=""00934""",,,
"=""03""",BERGEN,"=""5880""",Woodcliff Lake School District,"=""050""",Woodcliff Middle School,Mr.,Michael,Andriulli,School Principal,mandriulli@woodcliff-lake.com,134 WOODCLIFF AVE," ",WOODCLIFF LAKE,NJ,"=""07677-8245""",134 WOODCLIFF AVE," ",WOODCLIFF LAKE,NJ,"=""07677-8245""",Ms.,Courtney,Deloughery,Anti-Bullying Specialist,,,,,"=""201-930-5600""",,,,,,,,1,1,1,,,,,,,"=""00936""",,,
"=""03""",BERGEN,"=""5920""",Wyckoff Township Public School District,"=""010""",Abraham Lincoln Elementary School,Mr.,Patrick,Lee,School Principal,plee@wyckoffschools.org,325 MASON AVE," ",WYCKOFF,NJ,"=""07481-2822""",325 MASON AVE," ",WYCKOFF,NJ,"=""07481-2822""",Ms.,Lynn,Soriano,Anti-Bullying Specialist,,,,,"=""201-848-5720""",,1,1,1,1,1,1,,,,,,,,,,"=""00940""",,,
"=""03""",BERGEN,"=""5920""",Wyckoff Township Public School District,"=""020""",Calvin Coolidge Elementary School,Mrs.,Jessica,Torre,School Principal,jtorre@wyckoffschools.org,420 GRANDVIEW AVE," ",WYCKOFF,NJ,"=""07481-2517""",420 GRANDVIEW AVE," ",WYCKOFF,NJ,"=""07481-2517""",Mrs.,Erica,Ward,Anti-Bullying Specialist,,,,,"=""201-848-5710""",,1,1,1,1,1,1,,,,,,,,,,"=""00942""",,,
"=""03""",BERGEN,"=""5920""",Wyckoff Township Public School District,"=""025""",Dwight D. Eisenhower Middle School,Mr.,Brian,Faehndrich,School Principal,bfaehndrich@wyckoffschools.org,344 CALVIN CT," ",WYCKOFF,NJ,"=""07481-2227""",344 CALVIN CT," ",WYCKOFF,NJ,"=""07481-2227""",Mrs.,Susan,Dobson,Anti-Bullying Specialist,,,,,"=""201-848-5750""",,,,,,,,1,1,1,,,,,,,"=""00944""",,,
"=""03""",BERGEN,"=""5920""",Wyckoff Township Public School District,"=""030""",George Washington Elementary School,Ms.,Kelly,O'Brien,School Principal,kobrien@wyckoffschools.org,270 WOODLAND AVE," ",WYCKOFF,NJ,"=""07481-1935""",270 WOODLAND AVE," ",WYCKOFF,NJ,"=""07481-1935""",Ms.,Tara,Timpone,Anti-Bullying Specialist,,,,,"=""201-848-5740""",,1,1,1,1,1,1,,,,,,,,,,"=""00946""",,,
"=""03""",BERGEN,"=""5920""",Wyckoff Township Public School District,"=""050""",Sicomac Elementary School,Mr.,Keith,Dunbar,School Principal,kdunbar@wyckoffschools.org,356 SICOMAC AVE," ",WYCKOFF,NJ,"=""07481-2129""",356 SICOMAC AVE," ",WYCKOFF,NJ,"=""07481-2129""",Ms.,Sheila,McLean,Anti-Bullying Specialist,,,,,"=""201-848-5730""",1,1,1,1,1,1,1,,,,,,,,,,"=""00948""",,,
"=""05""",BURLINGTON,"=""0380""",Beverly City School District,"=""025""",Beverly City School District,Dr.,Elizabeth,Giacobbe,School Principal,egiacobbe@beverlycityschool.org,601 BENTLEY AVE," ",BEVERLY,NJ,"=""08010""",601 BENTLEY AVE," ",BEVERLY,NJ,"=""08010""",Mrs.,Chelsea,Light,Anti-Bullying Specialist,,,,,"=""609-387-2200""",1,1,1,1,1,1,1,1,1,1,,,,,,,"=""00952""",,,
"=""05""",BURLINGTON,"=""0475""",Bordentown Regional School District,"=""050""",Bordentown Regional High School,Ms.,Michelle,Spaventa,School Principal,mspaventa@bordentown.k12.nj.us,318 WARD AVE," ",BORDENTOWN,NJ,"=""08505-9615""",318 WARD AVE," ",BORDENTOWN,NJ,"=""08505-9615""",Ms.,Nell,Geiger,Anti-Bullying Specialist,Ms.,Tina,Zack,School Homeless Liaison,"=""609-298-0025""",,,,,,,,,,,1,1,1,1,,,"=""00960""",,,
"=""05""",BURLINGTON,"=""0475""",Bordentown Regional School District,"=""055""",Bordentown Regional Middle School,Mr.,Joseph,Sprague,School Principal,jsprague@bordentown.k12.nj.us,50 DUNNS MILL ROAD," ",BORDENTOWN,NJ,"=""08505""",50 DUNNS MILL ROAD," ",BORDENTOWN,NJ,"=""08505""",Mr.,Michael,McQuarrie,Anti-Bullying Specialist,,,,,"=""609-298-0674""",,,,,,,,1,1,1,,,,,,,"=""00801""",,,
"=""05""",BURLINGTON,"=""0475""",Bordentown Regional School District,"=""060""",Clara Barton Elementary,Ms.,Heather,Wawrzyniak,School Principal,hwawrzyniak@bordentown.k12.nj.us,100 CROSSWICKS ST," ",BORDENTOWN,NJ,"=""08505-1739""",100 CROSSWICKS ST," ",BORDENTOWN,NJ,"=""08505-1739""",Ms.,Marina,Hannen,Anti-Bullying Specialist,,,,,"=""609-298-0676""",,,,1,1,,,,,,,,,,,,"=""05925""",,,
"=""05""",BURLINGTON,"=""0475""",Bordentown Regional School District,"=""090""",Mac Farland Intermediate,Mr.,Daniel,Riether,School Principal,driether@bordentown.k12.nj.us,87 CROSSWICKS ST," ",BORDENTOWN,NJ,"=""08505-1767""",87 CROSSWICKS ST," ",BORDENTOWN,NJ,"=""08505-1767""",Ms.,Katerina,Devito,Anti-Bullying Specialist,,,,,"=""609-291-7192""",,,,,,1,1,,,,,,,,,,"=""05926""",,,
"=""05""",BURLINGTON,"=""0475""",Bordentown Regional School District,"=""100""",Peter Muschal Elementary,Mr.,James,Lymper,School Principal,jlymper@bordentown.k12.nj.us,323 WARD AVE," ",BORDENTOWN,NJ,"=""08505-2326""",323 WARD AVE," ",BORDENTOWN,NJ,"=""08505-2326""",Ms.,Margaret,Muha,Anti-Bullying Specialist,,,,,"=""609-298-2600""",1,1,1,,,,,,,,,,,,,,"=""05927""",,,
"=""05""",BURLINGTON,"=""0600""",Burlington City Public School District,"=""020""",Burlington City High School,Mr.,Juan,Arbelaez,School Principal,jarbelaez@burlington-nj.net,100 Blue Devil Way," ",BURLINGTON,NJ,"=""08016""",100 Blue Devil Way," ",BURLINGTON,NJ,"=""08016""",Mrs.,Megan,DeMaise,Anti-Bullying Specialist,,,,,"=""609-387-5800""",,,,,,,,,1,1,1,1,1,1,,,"=""00966""",,,
"=""05""",BURLINGTON,"=""0600""",Burlington City Public School District,"=""040""",Captain James Lawrence Elementary School,Dr.,Marilyn,Dunham,Director,mdunham@burlington-nj.net,315 BARCLAY ST," ",BURLINGTON,NJ,"=""08016""",315 BARCLAY ST," ",BURLINGTON,NJ,"=""08016""",Mrs.,Kari,Ham,Anti-Bullying Specialist,,,,,"=""609-387-5859""",,1,1,1,,,,,,,,,,,,,"=""00968""",,,
"=""05""",BURLINGTON,"=""0600""",Burlington City Public School District,"=""080""",Samuel Smith Elementary School,Dr.,Marilyn,Dunham,Director,mdunham@burlington-nj.net,250 FARNER AVENUE," ",BURLINGTON,NJ,"=""08016""",250 FARNER AVENUE," ",BURLINGTON,NJ,"=""08016""",Ms.,Karen,Breisacher,Anti-Bullying Specialist,,,,,"=""609-387-5854""",1,1,1,1,,,,,,,,,,,,,"=""00974""",,,
"=""05""",BURLINGTON,"=""0600""",Burlington City Public School District,"=""085""",Wilbur Watts Intermediate School,Ms.,Dawn,Lambert,School Principal,dlambert@burlington-nj.net,550 HIGH STREET," ",BURLINGTON,NJ,"=""08016""",550 HIGH STREET," ",BURLINGTON,NJ,"=""08016""",Ms.,Laura,Bates,Anti-Bullying Specialist,,,,,"=""609-387-5834""",,,,,1,1,1,1,,,,,,,,,"=""00976""",,,
"=""05""",BURLINGTON,"=""0610""",Burlington County Institute of Technology School District,"=""060""",Burlington County Institute of Technology - Evening,Mr.,Andrew,McAlpin,School Principal,amcalpin@burlcoschools.org,695 Woodlane Road," ",Westampton,NJ,"=""08060""",695 Woodlane Road," ",Westampton,NJ,"=""08060""",Mr.,Jaime,Mungo,Anti-Bullying Specialist,,,,,"=""609-267-4226""",,,,,,,,,,,,,,,,1,"=""""",https://www.facebook.com/BCITAE,https://www.instagram.com/bcit.ae,
"=""05""",BURLINGTON,"=""0610""",Burlington County Institute of Technology School District,"=""040""",Burlington County Institute of Technology - Medford,Mr.,Michael,Parker,School Principal,mparker@burlcoschools.org,10 Hawkin Road," ",Medford,NJ,"=""08055-9412""",10 Hawkin Road," ",Medford,NJ,"=""08055-9412""",Mr.,Jeff,Pensabene,Anti-Bullying Specialist,,,,,"=""609-654-0200""",,,,,,,,,,,1,1,1,1,,,"=""00998""",,,
"=""05""",BURLINGTON,"=""0610""",Burlington County Institute of Technology School District,"=""030""",Burlington County Institute of Technology - Westampton,Mr.,Joseph,Venuto,School Principal,jvenuto@burlcoschools.org,695 Woodlane Road," ",Westampton,NJ,"=""08060-9614""",695 Woodlane Road," ",Westampton,NJ,"=""08060-9614""",Ms.,Colleen,Cech Stevens,Anti-Bullying Specialist,,,,,"=""609-267-4226""",,,,,,,,,,,1,1,1,1,,,"=""00996""",,,
"=""05""",BURLINGTON,"=""0605""",Burlington County Special Services School District,"=""011""",Burlington County Alternative High School,Mrs.,LaGreta,Brown,Interim Principal,lbrown@burlcoschools.org,1020 Briggs Road," ",Mt. Laurel,NJ,"=""08054""",20 Pioneer Blvd," ",Westampton,NJ,"=""08060-3824""",Ms.,James,Codianni,Anti-Bullying Specialist,,,,,"=""609-261-5600""",,,,,,,,1,1,1,1,1,1,1,,,"=""""",,,
"=""05""",BURLINGTON,"=""0605""",Burlington County Special Services School District,"=""030""",Westampton Campus,Mr.,Dennis,Leigh,School Principal,dleigh@burlcoschools.org,20 PIONEER BLVD," ",WESTAMPTON,NJ,"=""08060-3824""",20 PIONEER BLVD," ",WESTAMPTON,NJ,"=""08060-3824""",Ms.,Jennifer,Moses,Anti-Bullying Specialist,,,,,"=""609-261-5600""",1,1,1,1,1,1,1,1,1,1,1,1,1,1,,,"=""00982""",,,
"=""05""",BURLINGTON,"=""0620""",Burlington Township School District,"=""030""",B. Bernice Young Elementary School,Ms.,Casey,Kocsis,School Principal,ckocsis@burltwpsch.org,1203 Neck Rd," ",BURLINGTON,NJ,"=""08016""",1203 Neck Rd," ",BURLINGTON,NJ,"=""08016""",Mrs.,Catherine,Grau,Anti-Bullying Specialist,,,,,"=""609-386-3520""",1,1,1,,,,,,,,,,,,,,"=""01010""",,,
"=""05""",BURLINGTON,"=""0620""",Burlington Township School District,"=""010""",Burlington Township High School,Dr.,Phillip,Brownridge,School Principal,pbrownridge@burltwpsch.org,610 FOUNTAIN AVENUE," ",BURLINGTON,NJ,"=""08016""",610 FOUNTAIN AVENUE," ",BURLINGTON,NJ,"=""08016""",Mr.,Troy,Scott,Anti-Bullying Specialist,,,,,"=""609-387-1713""",,,,,,,,,,,1,1,1,1,,,"=""01004""",,,
"=""05""",BURLINGTON,"=""0620""",Burlington Township School District,"=""051""",Burlington Township Middle School at Springside,Mr.,Matthew,Andris,School Principal,mandris@burltwpsch.org,1600 BURLINGTON BY  PASS," ",BURLINGTON,NJ,"=""08016""",1600 BURLINGTON BY  PASS," ",BURLINGTON,NJ,"=""08016""",Dr.,Lana,Garris-Sha,Anti-Bullying Specialist,,,,,"=""609-699-4021""",,,,,,,,1,1,1,,,,,,,"=""02939""",,,
"=""05""",BURLINGTON,"=""0620""",Burlington Township School District,"=""037""",Fountain Woods Elementary School,Ms.,April,Gittens,School Principal,agittens@burltwpsch.org,601 FOUNTAIN AVENUE," ",BURLINGTON,NJ,"=""08016""",601 FOUNTAIN AVENUE," ",BURLINGTON,NJ,"=""08016""",Ms.,Tina,Dietrich,Anti-Bullying Specialist,,,,,"=""609-387-1799""",,,,1,1,1,1,,,,,,,,,,"=""00260""",,,
"=""05""",BURLINGTON,"=""0830""",Chesterfield Township School District,"=""025""",Chesterfield Township Elementary School,Mrs.,Coletta,Graham,School Principal,cgraham@chesterfieldschool.com,30 Saddle Way," ",Chesterfield,NJ,"=""08515""",30 Saddle Way," ",Chesterfield,NJ,"=""08515""",Ms.,Daralynne,McCaughey,Anti-Bullying Specialist,,,,,"=""609-298-6900""",1,1,1,1,1,1,1,1,,,,,,,,,"=""01016""",,,
"=""05""",BURLINGTON,"=""0840""",Cinnaminson Township School District,"=""030""",Cinnaminson High School,Mr.,Ryan,Gorman,School Principal,gormanr@cinnaminson.com,1197 RIVERTON ROAD," ",CINNAMINSON,NJ,"=""08077""",1197 RIVERTON ROAD," ",CINNAMINSON,NJ,"=""08077""",Mr.,Anthony,Faltz,Anti-Bullying Specialist,,,,,"=""856-829-7770""",,,,,,,,,,,1,1,1,1,,,"=""01020""",,,
"=""05""",BURLINGTON,"=""0840""",Cinnaminson Township School District,"=""300""",Cinnaminson Memorial School,,Sherry,Spier,Director,spiers@cinnaminson.com,2195 Riverton Road," ",Cinnaminson,NJ,"=""08077-0224""",2195 Riverton Road," ",Cinnaminson,NJ,"=""08077-0224""",,Devon,Miller,Anti-Bullying Specialist,,,,,"=""856-829-7600""",1,,,,,,,,,,,,,,,,"=""03526""",,,
"=""05""",BURLINGTON,"=""0840""",Cinnaminson Township School District,"=""053""",Cinnaminson Middle School,Mrs.,Kerry,DiSimone,School Principal,disimonek@cinnaminson.com,312 N  FORKLANDING ROAD," ",CINNAMINSON,NJ,"=""08077""",312 N  FORKLANDING ROAD," ",CINNAMINSON,NJ,"=""08077""",Mr.,Bill,Sinn,Anti-Bullying Specialist,,,,,"=""856-786-8012""",,,,,,,,1,1,1,,,,,,,"=""01024""",,,
"=""05""",BURLINGTON,"=""0840""",Cinnaminson Township School District,"=""060""",Eleanor Rush Intermediate School,Mrs.,Kate,Mele,School Principal,melek@cinnaminson.com,1200 WYNWOOD DRIVE," ",CINNAMINSON,NJ,"=""08077-2404""",1200 WYNWOOD DRIVE," ",CINNAMINSON,NJ,"=""08077-2404""",Mr.,Taylor,Igboin,Anti-Bullying Specialist,,,,,"=""856-829-7778""",,,,,1,1,1,,,,,,,,,,"=""01028""",,,
"=""05""",BURLINGTON,"=""0840""",Cinnaminson Township School District,"=""055""",New Albany Elementary School,Mrs.,Valerie,Jones,School Principal,jonesv@cinnaminson.com,2701 NEW ALBANY ROAD," ",CINNAMINSON,NJ,"=""08077""",2701 NEW ALBANY ROAD," ",CINNAMINSON,NJ,"=""08077""",Ms.,Devon,Miller,Anti-Bullying Specialist,,,,,"=""856-786-2284""",,1,1,1,,,,,,,,,,,,,"=""01026""",,,
"=""05""",BURLINGTON,"=""1030""",Delanco Township School District,"=""030""",M. Joan Pearson School,Dr.,Ronnie,Tarchichi,Chief School Administrator,rtarchichi@delanco.com,1301 BURLINGTON AVE," ",DELANCO,NJ,"=""08075""",1301 BURLINGTON AVE," ",DELANCO,NJ,"=""08075""",Mrs.,Allison,Canty,Anti-Bullying Specialist,,,,,"=""856-461-1976""",1,1,1,1,1,1,1,,,,,,,,,,"=""01032""",,,
"=""05""",BURLINGTON,"=""1030""",Delanco Township School District,"=""060""",Walnut Street School,Dr.,Ronnie,Tarchichi,Chief School Administrator,rtarchichi@delanco.com,411 WALNUT ST," ",DELANCO,NJ,"=""08075-4645""",411 WALNUT ST," ",DELANCO,NJ,"=""08075-4645""",Mrs.,Allison,Canty,Anti-Bullying Specialist,,,,,"=""856-461-0874""",,,,,,,,1,1,1,,,,,,,"=""01036""",,,
"=""05""",BURLINGTON,"=""1060""",Delran Township School District,"=""005""",Delran High School,Mr.,Brian,Stolarick,School Principal,bstolarick@delranschools.org,50 HARTFORD ROAD," ",DELRAN,NJ,"=""08075""",50 HARTFORD ROAD," ",DELRAN,NJ,"=""08075""",Dr.,Danielle,Bowen,Anti-Bullying Specialist,,,,,"=""856-461-6100""",,,,,,,,,,,1,1,1,1,,,"=""01040""",,,
"=""05""",BURLINGTON,"=""1060""",Delran Township School District,"=""015""",Delran Intermediate School,Mrs.,Kimberly,Hickson,School Principal,khickson@delranschools.org,20 CREEK ROAD," ",DELRAN,NJ,"=""08075""",20 CREEK ROAD," ",DELRAN,NJ,"=""08075""",Mr.,Brett,McLaughlin,Anti-Bullying Specialist,,,,,"=""856-764-5100""",,,,,1,1,1,,,,,,,,,,"=""00123""",,,
"=""05""",BURLINGTON,"=""1060""",Delran Township School District,"=""007""",Delran Middle School,,N/A,N/A,School Principal,N/A,905 CHESTER AVENUE," ",DELRAN,NJ,"=""08075""",905 CHESTER AVENUE," ",DELRAN,NJ,"=""08075""",Mr.,Jeffrey,DeNick,Anti-Bullying Specialist,,,,,"=""856-461-8822""",,,,,,,,1,1,1,,,,,,,"=""01042""",,,
"=""05""",BURLINGTON,"=""1060""",Delran Township School District,"=""050""",Millbridge Elementary School,Mrs.,Stacy,Murphy,School Principal,smurphy@delranschools.org,282 CONROW ROAD," ",DELRAN,NJ,"=""08075-9751""",282 CONROW ROAD," ",DELRAN,NJ,"=""08075-9751""",Mrs.,Susan,Lovato,Anti-Bullying Specialist,,,,,"=""856-461-2900""",1,1,1,1,,,,,,,,,,,,,"=""01050""",,,
"=""05""",BURLINGTON,"=""1250""",Eastampton Township School District,"=""060""",Eastampton Township Community School,Mrs.,Lianne,Kane,Chief School Administrator,lkane@etsdnj.us,1 STUDENT DRIVE," ",EASTAMPTON,NJ,"=""08060-9626""",1 STUDENT DRIVE," ",EASTAMPTON,NJ,"=""08060-9626""",Mrs.,Erin,D Addona,Anti-Bullying Specialist,,,,,"=""609-267-9172""",1,1,1,1,1,1,1,1,1,1,,,,,,,"=""01056""",,,
"=""05""",BURLINGTON,"=""1280""",Edgewater Park Township School District,"=""050""",Mildred Magowan Elementary School,Mrs.,Shelby,Larison,School Principal,slarison@edgewaterparksd.org,405 CHERRIX AVENUE," ",EDGEWATER PARK,NJ,"=""08010""",405 CHERRIX AVENUE," ",EDGEWATER PARK,NJ,"=""08010""",Ms.,Lori,Nicosia,Anti-Bullying Specialist,,,,,"=""609-877-1430""",1,1,1,1,1,1,,,,,,,,,,,"=""01062""",,,
"=""05""",BURLINGTON,"=""1280""",Edgewater Park Township School District,"=""070""",Samuel M Ridgway Middle School,Mr.,Michael,Melvin,School Principal,mmelvin@edgewaterparksd.org,300 DELANCO RD," ",EDGEWATER PARK,NJ,"=""08010""",300 DELANCO RD," ",EDGEWATER PARK,NJ,"=""08010""",Mrs.,Kathleen,McKone,Anti-Bullying Specialist,,,,,"=""609-871-3434""",,,,,,,1,1,1,1,,,,,,,"=""01064""",,,
"=""05""",BURLINGTON,"=""1420""",Evesham Township School District,"=""030""",Frances DeMasi Elementary School,Mr.,Nicholas,DiBlasi,School Principal,diblasin@evesham.k12.nj.us,199 EVESBORO  MEDFORD RD," ",MARLTON,NJ,"=""08053""",199 EVESBORO  MEDFORD RD," ",MARLTON,NJ,"=""08053""",Mr.,Andrew,Fort,Anti-Bullying Specialist,,,,,"=""856-988-0777""",,1,1,1,1,1,1,,,,,,,,,,"=""00056""",,,
"=""05""",BURLINGTON,"=""1420""",Evesham Township School District,"=""040""",Frances DeMasi Middle School,Mr.,Nicholas,DiBlasi,School Principal,diblasin@evesham.k12.nj.us,199 EVESBORO  MEDFORD RD," ",MARLTON,NJ,"=""08053""",199 EVESBORO  MEDFORD RD," ",MARLTON,NJ,"=""08053""",Mr.,Matthew,Robinson,Anti-Bullying Specialist,,,,,"=""856-988-0777""",,,,,,,,1,1,1,,,,,,,"=""00057""",,,
"=""05""",BURLINGTON,"=""1420""",Evesham Township School District,"=""055""",Helen L Beeler,Mr.,Ryan,Mahlman,School Principal,Mahlmanr@evesham.k12.nj.us,60 CALDWELL AVE," ",MARLTON,NJ,"=""08053""",60 CALDWELL AVE," ",MARLTON,NJ,"=""08053""",Ms.,Mia,Long,Anti-Bullying Specialist,,,,,"=""856-988-0619""",,1,1,1,1,1,1,,,,,,,,,,"=""01070""",,,
"=""05""",BURLINGTON,"=""1420""",Evesham Township School District,"=""057""",J Harold Van Zant,Ms.,Amanda,Fry,School Principal,frya@evesham.k12.nj.us,270 CONESTOGA DRIVE," ",MARLTON,NJ,"=""08053""",270 CONESTOGA DRIVE," ",MARLTON,NJ,"=""08053""",Ms.,Rosemarie,Thackston,Anti-Bullying Specialist,,,,,"=""856-988-0687""",,1,1,1,1,1,1,,,,,,,,,,"=""01072""",,,
"=""05""",BURLINGTON,"=""1420""",Evesham Township School District,"=""058""",Marlton Elementary,Ms.,Sara,Smith,School Principal,smiths@evesham.k12.nj.us,190 TOMLINSON MILL ROAD," ",MARLTON,NJ,"=""08053""",190 TOMLINSON MILL ROAD," ",MARLTON,NJ,"=""08053""",Ms.,Rebecca,White,Anti-Bullying Specialist,,,,,"=""856-988-9811""",,1,1,1,1,1,1,,,,,,,,,,"=""00058""",,,
"=""05""",BURLINGTON,"=""1420""",Evesham Township School District,"=""060""",Marlton Middle,Dr.,Marnee,Morris,School Principal,hoffmang@evesham.k12.nj.us,150 TOMLINSON MILL ROAD," ",MARLTON,NJ,"=""08053""",150 TOMLINSON MILL ROAD," ",MARLTON,NJ,"=""08053""",Ms.,Laura,Mason,Anti-Bullying Specialist,,,,,"=""856-988-0684""",1,,,,,,,1,1,1,,,,,,,"=""01074""",,,
"=""05""",BURLINGTON,"=""1420""",Evesham Township School District,"=""065""",Richard L Rice School,Ms.,Beverly,Green,School Principal,greenb@evesham.k12.nj.us,50 CROWN ROYAL PARKWAY," ",MARLTON,NJ,"=""08053""",50 CROWN ROYAL PARKWAY," ",MARLTON,NJ,"=""08053""",Ms.,Stacey,Donnelly,Anti-Bullying Specialist,,,,,"=""856-988-0685""",1,1,1,1,1,1,1,,,,,,,,,,"=""06065""",,,
"=""05""",BURLINGTON,"=""1420""",Evesham Township School District,"=""070""",Robert B Jaggard School,Mr.,Robert,Fox,School Principal,Morrism@evesham.k12.nj.us,2 WESTCOTT ROAD," ",MARLTON,NJ,"=""08053""",2 WESTCOTT ROAD," ",MARLTON,NJ,"=""08053""",Ms.,Stephanie,Rice,Anti-Bullying Specialist,,,,,"=""856-988-0679""",,1,1,1,1,1,1,,,,,,,,,,"=""01076""",,,
"=""05""",BURLINGTON,"=""1520""",Florence Township School District,"=""055""",Florence Riverfront School,Mrs.,Nancy,Hoch,School Principal,nhoch@florence.k12.nj.us,500 East Front Street," ",FLORENCE,NJ,"=""08518""",500 East Front Street," ",FLORENCE,NJ,"=""08518""",Ms.,Jennifer,Fulton,Anti-Bullying Specialist,,,,,"=""609-499-4647""",1,,,,,1,1,1,1,1,,,,,,,"=""06066""",,,
"=""05""",BURLINGTON,"=""1520""",Florence Township School District,"=""050""",Florence Township Memorial High School,Mr.,John,Cogan,School Principal,jcogan@florence.k12.nj.us,1050 CEDAR LANE," ",BURLINGTON,NJ,"=""08016""",1050 CEDAR LANE," ",BURLINGTON,NJ,"=""08016""",Mr.,John,Lamaestra,Anti-Bullying Specialist,,,,,"=""609-499-4620""",,,,,,,,,,,1,1,1,1,,,"=""01082""",,,
"=""05""",BURLINGTON,"=""1520""",Florence Township School District,"=""070""",Roebling Elementary School,Ms.,Barbara,Fazekas,School Principal,bfazekas@florence.k12.nj.us,1330 HORNBERGER AVE," ",ROEBLING,NJ,"=""08554""",1330 HORNBERGER AVE," ",ROEBLING,NJ,"=""08554""",Ms.,Sara,Trombly,Anti-Bullying Specialist,,,,,"=""609-499-4640""",1,1,1,1,1,,,,,,,,,,,,"=""01086""",,,
"=""05""",BURLINGTON,"=""1910""",Hainesport Township School District,"=""050""",Hainesport Township School,Mr.,Alex,Fisher,School Principal,fisher@hainesport.k12.nj.us,211 BROAD STREET,"PO BOX 538 ",HAINESPORT,NJ,"=""08036""",211 BROAD STREET,"PO BOX 538 ",HAINESPORT,NJ,"=""08036""",Ms.,Jennifer,Humes,Anti-Bullying Specialist,Ms.,Tracey,Huster,School Homeless Liaison,"=""609-267-1316""",1,1,1,1,1,1,1,1,1,1,,,,,,,"=""01088""",,,
"=""05""",BURLINGTON,"=""2610""",Lenape Regional High School District,"=""040""",Cherokee High School,Mrs.,Donna,Charlesworth,School Principal,dcharlesworth@lrhsd.org,120 TOMLINSON MILL ROAD," ",MARLTON,NJ,"=""08053""",120 TOMLINSON MILL ROAD," ",MARLTON,NJ,"=""08053""",Mrs.,Shannon,Bretz,Anti-Bullying Specialist,,,,,"=""856-983-5140""",,,,,,,,,,,1,1,1,1,,,"=""01092""",,,
"=""05""",BURLINGTON,"=""2610""",Lenape Regional High School District,"=""050""",Lenape High School,Mr.,Tony,Cattani,School Principal,vcattani@lrhsd.org,235 HARTFORD ROAD," ",MEDFORD,NJ,"=""08055""",235 HARTFORD ROAD," ",MEDFORD,NJ,"=""08055""",Mr.,Alex,Taliaferro,Anti-Bullying Specialist,,,,,"=""609-654-5111""",,,,,,,,,,,1,1,1,1,,,"=""01094""",,,
"=""05""",BURLINGTON,"=""2610""",Lenape Regional High School District,"=""070""",Seneca High School,Mr.,Dave,New,School Principal,dnew@lrhsd.org,110 CARRANZA ROAD," ",TABERNACLE,NJ,"=""08088""",110 CARRANZA ROAD," ",TABERNACLE,NJ,"=""08088""",Mr.,Dave,Knecht,Anti-Bullying Specialist,,,,,"=""609-268-4600""",,,,,,,,,,,1,1,1,1,,,"=""00701""",,,
"=""05""",BURLINGTON,"=""2610""",Lenape Regional High School District,"=""060""",Shawnee High School,Mr.,Matthew,Campbell,School Principal,mcampbell@lrhsd.org,600 TABERNACLE ROAD," ",MEDFORD,NJ,"=""08055-9701""",600 TABERNACLE ROAD," ",MEDFORD,NJ,"=""08055-9701""",Mr.,Brian,Boland,Anti-Bullying Specialist,,,,,"=""609-654-7544""",,,,,,,,,,,1,1,1,1,,,"=""01096""",,,
"=""05""",BURLINGTON,"=""2850""",Lumberton Township Board of Education,"=""010""",Ashbrook Elementary School,Mrs.,Jessica,Kilgore,School Principal,jkilgore@lumberton.k12.nj.us,33 MUNICIPAL DRIVE," ",LUMBERTON,NJ,"=""08048""",33 MUNICIPAL DRIVE," ",LUMBERTON,NJ,"=""08048""",Ms.,Kimberly,Pease,Anti-Bullying Specialist,,,,,"=""609-518-0030""",1,1,1,,,,,,,,,,,,,,"=""00703""",,,
"=""05""",BURLINGTON,"=""2850""",Lumberton Township Board of Education,"=""020""",Bobby's Run Elementary School,Mrs.,Lisely,Mendez,School Principal,lmendez@lumberton.k12.nj.us,32 DIMSDALE DRIVE," ",LUMBERTON,NJ,"=""08048""",32 DIMSDALE DRIVE," ",LUMBERTON,NJ,"=""08048""",Mr.,James,Colon,Anti-Bullying Specialist,,,,,"=""609-702-5555""",,,,1,1,1,1,,,,,,,,,,"=""00222""",,,
"=""05""",BURLINGTON,"=""2850""",Lumberton Township Board of Education,"=""060""",Lumberton Middle School,Mr.,Richard,Brown,School Principal,rbrown@lumberton.k12.nj.us,30 DIMSDALE DRIVE," ",LUMBERTON,NJ,"=""08048""",30 DIMSDALE DRIVE," ",LUMBERTON,NJ,"=""08048""",Mr.,James,Colon,Anti-Bullying Specialist,,,,,"=""609-265-0123""",,,,,,,,1,1,1,,,,,,,"=""06092""",,,
"=""05""",BURLINGTON,"=""2960""",Mansfield Township School District,"=""030""",John Hydock Elementary School,Mrs.,Stacy,Cullari,School Principal,scullari@mansfieldschool.com,19 LOCUST AVE," ",COLUMBUS,NJ,"=""08022-9504""",19 LOCUST AVE," ",COLUMBUS,NJ,"=""08022-9504""",Mrs.,Christa,Edolo,Anti-Bullying Specialist,,,,,"=""609-298-0308""",1,1,1,1,,,,,,,,,,,,,"=""01100""",,,
"=""05""",BURLINGTON,"=""2960""",Mansfield Township School District,"=""040""",Mansfield Township Elementary School,Mr.,Glenn,Kershner,School Principal,gkershner@mansfieldschool.com,200 MANSFIELD ROAD EAST," ",COLUMBUS,NJ,"=""08022""",200 MANSFIELD ROAD EAST," ",COLUMBUS,NJ,"=""08022""",Mrs.,Julie,Katz,Anti-Bullying Specialist,,,,,"=""609-298-2037""",,,,,1,1,1,1,,,,,,,,,"=""00704""",,,
"=""05""",BURLINGTON,"=""3010""",Maple Shade School District,"=""090""",Howard Yocum Elementary,Mrs.,Sarah,Cervo,School Principal,SCervo@msemail.org,748 North Forklanding Road," ",MAPLE SHADE,NJ,"=""08052""",748 North Forklanding Road," ",MAPLE SHADE,NJ,"=""08052""",Ms.,Carol,Gheysens,Anti-Bullying Specialist,,,,,"=""856-779-7423""",1,1,1,,,,,,,,,,,,,,"=""01108""",,,
"=""05""",BURLINGTON,"=""3010""",Maple Shade School District,"=""030""",Maple Shade High School,Ms.,Rebecca,Metzger,School Principal,rmetzger@msemail.org,180 Frederick Ave," ",MAPLE SHADE,NJ,"=""08052""",180 Frederick Ave," ",MAPLE SHADE,NJ,"=""08052""",Mrs.,Jenna,Rech,Anti-Bullying Specialist,,,,,"=""856-779-2880""",,,,,,,,,1,1,1,1,1,1,,,"=""01104""",,,
"=""05""",BURLINGTON,"=""3010""",Maple Shade School District,"=""080""",Maude M. Wilkins Elementary School,Mr.,Steven,Ormsby,School Principal,sormsby@msemail.org,34 WEST MILL ROAD," ",MAPLE SHADE,NJ,"=""08052""",34 WEST MILL ROAD," ",MAPLE SHADE,NJ,"=""08052""",Mrs.,Jessica,Wells,Anti-Bullying Specialist,,,,,"=""856-779-1129""",,,,1,1,1,,,,,,,,,,,"=""01106""",,,
"=""05""",BURLINGTON,"=""3010""",Maple Shade School District,"=""100""",Ralph J. Steinhauer Elementary School,Mr.,Christopher,Edwards,School Principal,cedwards@msemail.org,25 NORTH FELLOWSHIP ROAD," ",MAPLE SHADE,NJ,"=""08052""",25 NORTH FELLOWSHIP ROAD," ",MAPLE SHADE,NJ,"=""08052""",Mr.,Christian,Weiss,Anti-Bullying Specialist,,,,,"=""856-779-7323""",,,,,,,1,1,,,,,,,,,"=""01110""",,,
"=""05""",BURLINGTON,"=""3070""",Medford Lakes School District,"=""040""",Neeta School,Dr.,Anthony,Dent,Chief School Administrator,adent@medford-lakes.k12.nj.us,44 Neeta Trail," ",Medford Lakes,NJ,"=""08055""",44 Neeta Trail," ",Medford Lakes,NJ,"=""08055""",Mrs.,Hannah,Stuby,Anti-Bullying Specialist,,,,,"=""609-654-5155""",,,,,1,1,1,1,1,1,,,,,,,"=""01114""",,,
"=""05""",BURLINGTON,"=""3070""",Medford Lakes School District,"=""050""",Nokomis School,Dr.,Anthony,Dent,School Principal,adent@medford-lakes.k12.nj.us,135 Mudjekeewis Trail," ",Medford Lakes,NJ,"=""08055""",135 Mudjekeewis Trail," ",Medford Lakes,NJ,"=""08055""",Ms.,Shari,Grinceri,Anti-Bullying Specialist,,,,,"=""609-654-0991""",1,1,1,1,,,,,,,,,,,,,"=""01116""",,,
"=""05""",BURLINGTON,"=""3080""",Medford Township School District,"=""030""",Chairville Elementary School,Mr.,Ryan,Winkelspecht,School Principal,rwinkelspecht@medfordschools.net,36 CHAIRVILLE ROAD," ",MEDFORD,NJ,"=""08055""",36 CHAIRVILLE ROAD," ",MEDFORD,NJ,"=""08055""",Ms.,Gina,Neri,Anti-Bullying Specialist,,,,,"=""609-654-9610""",1,1,1,1,1,1,1,,,,,,,,,,"=""06113""",,,
"=""05""",BURLINGTON,"=""3080""",Medford Township School District,"=""040""",Cranberry Pines Elementary,Mrs.,Jen,Petagno,School Principal,jpetagno@medfordschools.net,400 FAIRVIEW ROAD," ",MEDFORD,NJ,"=""08055-9172""",400 FAIRVIEW ROAD," ",MEDFORD,NJ,"=""08055-9172""",Mrs.,Allison,Wallenhurst,Anti-Bullying Specialist,,,,,"=""856-983-2861""",1,1,1,1,1,1,1,,,,,,,,,,"=""01120""",,,
"=""05""",BURLINGTON,"=""3080""",Medford Township School District,"=""050""",Haines Sixth Grade Center,Ms.,Melissa,Barnett,School Principal,mbarnett@medfordschools.net,162 STOKES ROAD," ",MEDFORD,NJ,"=""08055""",162 STOKES ROAD," ",MEDFORD,NJ,"=""08055""",Ms.,Kyra,Denish,Anti-Bullying Specialist,,,,,"=""609-654-4056""",,,,,,,,1,,,,,,,,,"=""01122""",,,
"=""05""",BURLINGTON,"=""3080""",Medford Township School District,"=""045""",Kirby's Mill Elementary School,Mrs.,Heidi,Bouchard,School Principal,hbouchard@medfordschools.net,151 HARTFORD ROAD," ",MEDFORD,NJ,"=""08055""",151 HARTFORD ROAD," ",MEDFORD,NJ,"=""08055""",Mrs.,Megan,Standring,Anti-Bullying Specialist,,,,,"=""609-714-7014""",1,1,1,1,1,1,1,,,,,,,,,,"=""00540""",,,
"=""05""",BURLINGTON,"=""3080""",Medford Township School District,"=""055""",Medford Memorial Middle School,Mr.,Shawn,Ryan,School Principal,sryan@medfordschools.net,55 MILL STREET," ",MEDFORD,NJ,"=""08055""",55 MILL STREET," ",MEDFORD,NJ,"=""08055""",Ms.,Anna Maria,Carchia,Anti-Bullying Specialist,,,,,"=""609-654-7707""",1,,,,,,,,1,1,,,,,,,"=""01124""",,,
"=""05""",BURLINGTON,"=""3080""",Medford Township School District,"=""060""",Milton H. Allen Elementary School,Mr.,Christopher,Clarke,School Principal,cclarke@medfordschools.net,24 ALLEN AVENUE," ",MEDFORD,NJ,"=""08055-2402""",24 ALLEN AVENUE," ",MEDFORD,NJ,"=""08055-2402""",Mrs.,Linda,Palmer,Anti-Bullying Specialist,,,,,"=""609-654-4203""",1,1,1,1,1,1,1,,,,,,,,,,"=""01126""",,,
"=""05""",BURLINGTON,"=""3080""",Medford Township School District,"=""070""",Taunton Forge Elementary School,Mr.,Lucas,Coesfeld,School Principal,lcoesfeld@medfordschools.net,32 EVERGREEN TRAIL," ",MEDFORD,NJ,"=""08055""",32 EVERGREEN TRAIL," ",MEDFORD,NJ,"=""08055""",Mrs.,Kelly,Webster,Anti-Bullying Specialist,,,,,"=""609-654-6723""",1,1,1,1,1,1,1,,,,,,,,,,"=""01128""",,,
"=""05""",BURLINGTON,"=""3360""",Moorestown Township Public School District,"=""060""",George C. Baker Elementary School,Mrs.,Michelle,Rowe,School Principal,mrowe@mtps.com,139 W  MAPLE AVE," ",MOORESTOWN,NJ,"=""08057""",139 W  MAPLE AVE," ",MOORESTOWN,NJ,"=""08057""",Ms.,Maria,McBride,Anti-Bullying Specialist,,,,,"=""856-778-6630""",1,1,1,1,1,,,,,,,,,,,,"=""01134""",,,
"=""05""",BURLINGTON,"=""3360""",Moorestown Township Public School District,"=""100""",Mary E. Roberts Elementary School,Mr.,Brian,Carter,School Principal,bcarter@mtps.com,290 CRESCENT AVENUE," ",MOORESTOWN,NJ,"=""08057""",290 CRESCENT AVENUE," ",MOORESTOWN,NJ,"=""08057""",Ms.,Mindy,Hall,Anti-Bullying Specialist,,,,,"=""856-778-6635""",1,1,1,1,1,,,,,,,,,,,,"=""01138""",,,
"=""05""",BURLINGTON,"=""3360""",Moorestown Township Public School District,"=""040""",Moorestown High School,Mr.,Andrew,Seibel,School Principal,aseibel@mtps.com,350 BRIDGEBORO ROAD," ",MOORESTOWN,NJ,"=""08057-3702""",350 BRIDGEBORO ROAD," ",MOORESTOWN,NJ,"=""08057-3702""",Mrs.,Amilcan,Rodriguez,Anti-Bullying Specialist,,,,,"=""856-778-6610""",,,,,,,,,,,1,1,1,1,,,"=""01132""",,,
"=""05""",BURLINGTON,"=""3360""",Moorestown Township Public School District,"=""115""",Moorestown Upper Elementary School,Dr.,Lindsay,Jablonski,School Principal,ljablonski@mtps.com,325 BORTON LANDING ROAD," ",MOORESTOWN,NJ,"=""08057""",325 BORTON LANDING ROAD," ",MOORESTOWN,NJ,"=""08057""",Ms.,Kimberly,Potter,Anti-Bullying Specialist,,,,,"=""856-793-0333""",,,,,,1,1,1,,,,,,,,,"=""00421""",,,
"=""05""",BURLINGTON,"=""3360""",Moorestown Township Public School District,"=""120""",South Valley Elementary School,Ms.,Heather,Hackl,School Principal,hhackl@mtps.com,210 S  STANWICK RD," ",MOORESTOWN,NJ,"=""08057""",210 S  STANWICK RD," ",MOORESTOWN,NJ,"=""08057""",Ms.,Maureen,Ioannucci,Anti-Bullying Specialist,,,,,"=""856-778-6640""",1,1,1,1,1,,,,,,,,,,,,"=""01142""",,,
"=""05""",BURLINGTON,"=""3360""",Moorestown Township Public School District,"=""110""",William Allen Middle School,Ms.,Cheri,Caravano,School Principal,ccaravano@mtps.com,801 N  STANWICK ROAD," ",MOORESTOWN,NJ,"=""08057""",801 N  STANWICK ROAD," ",MOORESTOWN,NJ,"=""08057""",Ms.,Rachel,Grant,Anti-Bullying Specialist,,,,,"=""856-778-6620""",,,,,,,,,1,1,,,,,,,"=""01140""",,,
"=""05""",BURLINGTON,"=""3430""",Mount Holly Township Public School District,"=""060""",F. W. Holbein Middle School,Dr.,Sonya,Nock,School Principal,snock@@mhtsd.com,333 LEVIS DRIVE," ",MOUNT HOLLY,NJ,"=""08060""",333 LEVIS DRIVE," ",MOUNT HOLLY,NJ,"=""08060""",Mrs.,Diayle,Davis,Anti-Bullying Specialist,,,,,"=""609-267-7200""",,,,,,,1,1,1,1,,,,,,,"=""01152""",,https://www.instagram.com/mhtsd_holbein,
"=""05""",BURLINGTON,"=""3430""",Mount Holly Township Public School District,"=""050""",Gertrude C. Folwell Elementary School,Mr.,Daniel,Finn,School Principal,dfinn@mhtsd.com,455 JACKSONVILLE RD," ",MOUNT HOLLY,NJ,"=""08060-9622""",455 JACKSONVILLE RD," ",MOUNT HOLLY,NJ,"=""08060-9622""",Ms.,Shelby,Mitchell,Anti-Bullying Specialist,,,,,"=""609-267-0071""",,,,1,1,1,,,,,,,,,,,"=""01150""",,https://www.instagram.com/mhtsd_folwell,
"=""05""",BURLINGTON,"=""3430""",Mount Holly Township Public School District,"=""040""",John Brainerd Elementary School,Mrs.,Nicole,Peoples,School Principal,npeoples@mhtsd.com,100 WOLLNER DR," ",MOUNT HOLLY,NJ,"=""08060""",100 WOLLNER DR," ",MOUNT HOLLY,NJ,"=""08060""",Mrs.,Krista,Iannelli,Anti-Bullying Specialist,,,,,"=""609-267-3600""",1,1,1,,,,,,,,,,,,,,"=""01148""",,https://www.instagram.com/mhtsd_brainerd,
"=""05""",BURLINGTON,"=""3440""",Mount Laurel Township School District,"=""010""",Countryside Elementary School,Ms.,Lori,Zataveski,School Principal,lzataveski@mtlaurelschools.org,115 SCHOOLHOUSE LANE," ",MOUNT LAUREL,NJ,"=""08054""",115 SCHOOLHOUSE LANE," ",MOUNT LAUREL,NJ,"=""08054""",Ms.,Rebecca,Cataline,Anti-Bullying Specialist,,,,,"=""856-234-2750""",1,1,1,1,1,1,,,,,,,,,,,"=""01156""",,,
"=""05""",BURLINGTON,"=""3440""",Mount Laurel Township School District,"=""045""",Fleetwood Elementary School,Dr.,Nate',Switzer,School Principal,nswitzer@mtlaurelschools.org,231 FLEETWOOD AVE," ",MOUNT LAUREL,NJ,"=""08054""",231 FLEETWOOD AVE," ",MOUNT LAUREL,NJ,"=""08054""",Ms.,Jennifer,Murphy,Anti-Bullying Specialist,,,,,"=""856-235-3004""",1,1,1,1,1,1,,,,,,,,,,,"=""01158""",,,
"=""05""",BURLINGTON,"=""3440""",Mount Laurel Township School District,"=""047""",Hartford Upper Elementary School,Mr.,Marques,Stanard,School Principal,mstanard@mtlaurelscholls.org,397 HARTFORD ROAD," ",MOUNT LAUREL,NJ,"=""08054""",397 HARTFORD ROAD," ",MOUNT LAUREL,NJ,"=""08054""",Ms.,Simone,Sabatini,Anti-Bullying Specialist,,,,,"=""856-231-5899""",,,,,,,1,1,,,,,,,,,"=""00125""",,,
"=""05""",BURLINGTON,"=""3440""",Mount Laurel Township School District,"=""050""",Hillside Elementary School,Ms.,Shannon,Sonnie,School Principal,ssonnie@mtlaurelschools.org,1370 HAINESPORT MT LAUREL RD," ",MOUNT LAUREL,NJ,"=""08054""",1370 HAINESPORT MT LAUREL RD," ",MOUNT LAUREL,NJ,"=""08054""",Ms.,Jenna,Marcantonio,Anti-Bullying Specialist,,,,,"=""856-235-1341""",1,1,1,1,1,1,,,,,,,,,,,"=""01160""",,,
"=""05""",BURLINGTON,"=""3440""",Mount Laurel Township School District,"=""055""",Larchmont Elementary School,Dr.,Patrice,Clark,School Principal,pclark@mtlaurelschools.org,301 LARCHMONT BLVD," ",MOUNT LAUREL,NJ,"=""08054""",301 LARCHMONT BLVD," ",MOUNT LAUREL,NJ,"=""08054""",Ms.,Aimee,Strobel,Anti-Bullying Specialist,,,,,"=""856-273-3700""",1,1,1,1,1,1,,,,,,,,,,,"=""06070""",,,
"=""05""",BURLINGTON,"=""3440""",Mount Laurel Township School District,"=""065""",Parkway Elementary School,Mr.,Louis,Conti,School Principal,lconti@mtlaurelschools.org,142 RAMBLEWOOD PARKWAY," ",MOUNT LAUREL,NJ,"=""08054""",142 RAMBLEWOOD PARKWAY," ",MOUNT LAUREL,NJ,"=""08054""",Ms.,Jessica,Tisa,Anti-Bullying Specialist,,,,,"=""856-235-3364""",1,1,1,1,1,1,,,,,,,,,,,"=""01166""",,,
"=""05""",BURLINGTON,"=""3440""",Mount Laurel Township School District,"=""075""",Springville Elementary School,Mr.,Wlliam,Grillo,School Principal,wgrillo@mtlaurelschools.org,520 HARTFORD ROAD," ",MT  LAUREL,NJ,"=""08054""",520 HARTFORD ROAD," ",MT  LAUREL,NJ,"=""08054""",Mr.,Michael,Sansone,Anti-Bullying Specialist,,,,,"=""856-231-4140""",1,1,1,1,1,1,,,,,,,,,,,"=""00423""",,,
"=""05""",BURLINGTON,"=""3440""",Mount Laurel Township School District,"=""060""",T. E. Harrington Middle School,Mr.,Drew,Besler,School Principal,dbesler@mtlaurelschools.org,514 MOUNT LAUREL ROAD," ",MOUNT LAUREL,NJ,"=""08054-9523""",514 MOUNT LAUREL ROAD," ",MOUNT LAUREL,NJ,"=""08054-9523""",Mr.,Marc,Cianfrani,Anti-Bullying Specialist,,,,,"=""856-234-1610""",,,,,,,,,1,1,,,,,,,"=""01164""",,,
"=""05""",BURLINGTON,"=""3540""",New Hanover Township,"=""050""",New Hanover Township School,Dr.,Scott,Larkin,Chief School Administrator,slarkin@newhanover.k12.nj.us,122 FORT DIX STREET," ",WRIGHTSTOWN,NJ,"=""08562""",122 FORT DIX STREET," ",WRIGHTSTOWN,NJ,"=""08562""",Mr.,Dan,Yanda,Anti-Bullying Specialist,,,,,"=""609-723-2139""",1,1,1,1,1,1,1,1,1,1,,,,,,,"=""01168""",,,
"=""05""",BURLINGTON,"=""3650""",North Hanover Township School District,"=""040""",Clarence B. Lamb Elementary School,Dr.,Gerald,Paterson,School Principal,gpaterson@nhanover.com,46 SCHOOLHOUSE ROAD," ",WRIGHTSTOWN,NJ,"=""08562""",46 SCHOOLHOUSE ROAD," ",WRIGHTSTOWN,NJ,"=""08562""",Mrs.,Noelle,Schappell,Anti-Bullying Specialist,,,,,"=""609-738-2630""",1,1,1,1,1,,,,,,,,,,,,"=""01178""",,https://www.instagram.com/cblamb.nhtsd,
"=""05""",BURLINGTON,"=""3650""",North Hanover Township School District,"=""300""",Endeavour Elementary School,Ms.,Monica,Hittinger,School Principal,mhittinger@nhanover.com,1 School Road," ",JB MDL,NJ,"=""08641""",1 School Road," ",JB MDL,NJ,"=""08641""",Mrs.,Tara,Castillo,Anti-Bullying Specialist,,,,,"=""609-738-6301""",1,1,1,1,1,1,,,,,,,,,,,"=""03470""",,https://www.instagram.com/endeavour.nhtsd,
"=""05""",BURLINGTON,"=""3650""",North Hanover Township School District,"=""036""",North Hanover Township Upper Elementary School,Mrs.,April,Wawryk,School Principal,awawryk@nhanover.com,351 MONMOUTH ROAD," ",WRIGHTSTOWN,NJ,"=""08652""",351 MONMOUTH ROAD," ",WRIGHTSTOWN,NJ,"=""08652""",Mrs.,Megan,Thompson,Anti-Bullying Specialist,,,,,"=""609-738-2622""",,,,,,1,1,1,,,,,,,,,"=""02943""",,https://www.instagram.com/ues.nhtsd,
"=""05""",BURLINGTON,"=""3690""",Northern Burlington County Regional School District,"=""050""",Northern Burlington County Regional High School,Dr.,Kaitlin,McCann,School Principal,kmccann@nburlington.com,160 MANSFIELD ROAD EAST," ",COLUMBUS,NJ,"=""08022-9738""",160 MANSFIELD ROAD EAST," ",COLUMBUS,NJ,"=""08022-9738""",Dr.,April,Hayes,Anti-Bullying Specialist,,,,,"=""609-298-3900""",,,,,,,,,,,1,1,1,1,,,"=""01182""",,,
"=""05""",BURLINGTON,"=""3690""",Northern Burlington County Regional School District,"=""060""",Northern Burlington County Regional Middle School,Dr.,Andrew,Kearns,School Principal,akearns@nburlington.com,180 MANSFIELD ROAD  EAST," ",COLUMBUS,NJ,"=""08022""",180 MANSFIELD ROAD  EAST," ",COLUMBUS,NJ,"=""08022""",Mr.,Kyle,Lawrence,Anti-Bullying Specialist,,,,,"=""609-298-3900""",,,,,,,,,1,1,,,,,,,"=""01184""",,,
"=""05""",BURLINGTON,"=""3920""",Palmyra Public School District,"=""060""",Charles Street School,Ms.,Devon,Boucher,School Principal,dmurtagh@palmyra.k12.nj.us,100 W  CHARLES STREET," ",PALMYRA,NJ,"=""08065""",100 W  CHARLES STREET," ",PALMYRA,NJ,"=""08065""",Ms.,Alyson,Sperock,Anti-Bullying Specialist,,,,,"=""856-786-9300""",,1,1,1,1,1,1,1,,,,,,,,,"=""01190""",,,
"=""05""",BURLINGTON,"=""3920""",Palmyra Public School District,"=""301""",Delaware Avenue School,Ms.,Octavia,Lee,Director,olee@palmyra.k12.nj.us,301 Delaware Ave," ",Palmyra,NJ,"=""08065""",301 Delaware Ave," ",Palmyra,NJ,"=""08065""",Ms.,Amanda,Rutkowski,Anti-Bullying Specialist,,,,,"=""856-786-9300""",1,,,,,,,,,,,,,,,,"=""06153""",,,
"=""05""",BURLINGTON,"=""3920""",Palmyra Public School District,"=""050""",Palmyra High School,Mr.,Daniel,Licata,School Principal,dlicata@palmyra.k12.nj.us,311 W 5TH STREET," ",PALMYRA,NJ,"=""08065""",311 W 5TH STREET," ",PALMYRA,NJ,"=""08065""",Ms.,Amanda,Rutkowski,Anti-Bullying Specialist,,,,,"=""856-786-9300""",,,,,,,,,1,1,1,1,1,1,,,"=""01190""",,,
"=""05""",BURLINGTON,"=""4050""",Pemberton Township School District,"=""303""",Denbo Crichton School,Mr.,Brett,Thorp,School Principal,bthorp@pemb.org,Two Learning Way," ",Browns Mills,NJ,"=""08015""",Two Learning Way," ",Browns Mills,NJ,"=""08015""",Ms.,Jennifer,Soto,Anti-Bullying Specialist,,,,,"=""609-893-8141""",,1,1,1,1,1,1,,,,,,,,,,"=""03495""",,,
"=""05""",BURLINGTON,"=""4050""",Pemberton Township School District,"=""110""",Fort Dix Elementary School,Ms.,Jamillah,Parker,School Principal,japarker@pemb.org,1199 FORT DIX  JULIUSTOWN ROAD," ",FORT DIX,NJ,"=""08640-5780""",1199 FORT DIX  JULIUSTOWN ROAD," ",FORT DIX,NJ,"=""08640-5780""",Ms.,Jennifer,Quinlan,Anti-Bullying Specialist,,,,,"=""609-893-8141""",1,1,1,1,1,1,1,,,,,,,,,,"=""01216""",,,
"=""05""",BURLINGTON,"=""4050""",Pemberton Township School District,"=""050""",Helen A. Fort Middle School,Mr.,Aaron,Eyler,School Principal,aeyler@pemb.org,301 FORT DIX ROAD," ",PEMBERTON,NJ,"=""08068""",301 FORT DIX ROAD," ",PEMBERTON,NJ,"=""08068""",Ms.,Eileen,Alexander,Anti-Bullying Specialist,,,,,"=""609-893-8141""",,,,,,,,,1,1,,,,,,,"=""01200""",,,
"=""05""",BURLINGTON,"=""4050""",Pemberton Township School District,"=""085""",Howard L. Emmons,Ms.,Lauren,Robinson,School Principal,lrobinson@pemb.org,14 SCRAPETOWN ROAD," ",PEMBERTON,NJ,"=""08068""",14 SCRAPETOWN ROAD," ",PEMBERTON,NJ,"=""08068""",Ms.,Krista,Scarabaggio,Anti-Bullying Specialist,,,,,"=""609-893-8141""",,1,1,1,,,,,,,,,,,,,"=""01208""",,,
"=""05""",BURLINGTON,"=""4050""",Pemberton Township School District,"=""140""",Joseph S. Stackhouse School,Mrs.,Robin,Blue,School Principal,rblue@pemb.org,125A TRENTON ROAD," ",BROWNS MILLS,NJ,"=""08015""",125A TRENTON ROAD," ",BROWNS MILLS,NJ,"=""08015""",Ms.,Jen,Rodier,Anti-Bullying Specialist,,,,,"=""609-893-8141""",,1,1,1,,,,,,,,,,,,,"=""01224""",,,
"=""05""",BURLINGTON,"=""4050""",Pemberton Township School District,"=""302""",Marcus W. Newcomb Middle School,Ms.,Mindy,McCall,School Principal,mmccall@pemb.org,300 Fort Dix Rd," ",Pemberton,NJ,"=""08068""",300 Fort Dix Rd," ",Pemberton,NJ,"=""08068""",Ms.,Mary,Bowlby,Anti-Bullying Specialist,,,,,"=""609-893-8141""",,,,,,,,1,,,,,,,,,"=""""",,,
"=""05""",BURLINGTON,"=""4050""",Pemberton Township School District,"=""300""",Pemberton Early Childhood Education Center,Mrs.,Danielle,Hosey,School Principal,dhosey@pemb.org,100 Arney's Mt. Road," ",Pemberton,NJ,"=""08068""",100 Arney's Mt. Road," ",Pemberton,NJ,"=""08068""",Ms.,Lisa,Harris-Hall,Anti-Bullying Specialist,,,,,"=""609-893-8141""",1,,,,,,,,,,,,,,,,"=""01224""",,,
"=""05""",BURLINGTON,"=""4050""",Pemberton Township School District,"=""055""",Pemberton Township High School,Dr.,Darvis,Holly,School Principal,dholley@pemb.org,148 ARNEYS MOUNT ROAD," ",PEMBERTON,NJ,"=""08068-9701""",148 ARNEYS MOUNT ROAD," ",PEMBERTON,NJ,"=""08068-9701""",Ms.,Rory,Schwemer,Anti-Bullying Specialist,,,,,"=""609-893-8141""",,,,,,,,,,,1,1,1,1,,,"=""01202""",,,
"=""05""",BURLINGTON,"=""4050""",Pemberton Township School District,"=""135""",Samuel T. Busansky School,Mr.,Keith,Swaney,School Principal,kswaney@pemb.org,16 SCRAPETOWN ROAD," ",PEMBERTON,NJ,"=""08068""",16 SCRAPETOWN ROAD," ",PEMBERTON,NJ,"=""08068""",Mr.,Josh,Besserman,Anti-Bullying Specialist,,,,,"=""609-893-8141""",,,,,1,1,1,,,,,,,,,,"=""01222""",,,
"=""05""",BURLINGTON,"=""4320""",Rancocas Valley Regional High School District,"=""050""",Rancocas Valley Regional High School,Mr.,Shawn,Counard,School Principal,scounard@rvrhs.com,520 JACKSONVILLE ROAD," ",MOUNT HOLLY,NJ,"=""08060-9622""",520 JACKSONVILLE ROAD," ",MOUNT HOLLY,NJ,"=""08060-9622""",Mrs.,Leigh,Cvetnich,Anti-Bullying Specialist,,,,,"=""609-267-0830""",,,,,,,,,,,1,1,1,1,,,"=""01230""",,,
"=""05""",BURLINGTON,"=""4450""",Riverside Township School District,"=""060""",Riverside Elementary School,Mr.,Scott,Shumway,School Principal,sshumway@riverside.k12.nj.us,112 E WASHINGTON STREET," ",RIVERSIDE,NJ,"=""08075""",112 E WASHINGTON STREET," ",RIVERSIDE,NJ,"=""08075""",Mrs.,Lauren,Downey,Anti-Bullying Specialist,,,,,"=""856-461-1255""",1,1,1,1,1,1,1,,,,,,,,,,"=""01236""",,,
"=""05""",BURLINGTON,"=""4450""",Riverside Township School District,"=""050""",Riverside High School,Mr.,Buddy,Micucci,School Principal,hmicucci@riverside.k12.nj.us,112 E WASHINGTON STREET," ",RIVERSIDE,NJ,"=""08075""",112 E WASHINGTON STREET," ",RIVERSIDE,NJ,"=""08075""",Ms.,Rachel,Grant,Anti-Bullying Specialist,,,,,"=""856-461-1255""",,,,,,,,,,,1,1,1,1,,,"=""01234""",,,
"=""05""",BURLINGTON,"=""4450""",Riverside Township School District,"=""070""",Riverside Middle School,Ms.,Elizabeth,Follis,School Principal,efollis@riverside.k12.nj.us,112 E WASHINGTON STREET," ",RIVERSIDE,NJ,"=""08075""",112 E WASHINGTON STREET," ",RIVERSIDE,NJ,"=""08075""",Mrs.,Laura,Zebley,Anti-Bullying Specialist,,,,,"=""856-461-1255""",,,,,,,,1,1,1,,,,,,,"=""00085""",,,
"=""05""",BURLINGTON,"=""4460""",Riverton School District,"=""050""",Riverton School District,Mr.,Joshua,Zagorski,School Principal,jzagorski@riverton.k12.nj.us,600 FIFTH STREET," ",RIVERTON,NJ,"=""08077""",600 FIFTH STREET," ",RIVERTON,NJ,"=""08077""",Dr.,Lorna,Sullivan,Anti-Bullying Specialist,,,,,"=""856-829-0087""",1,1,1,1,1,1,1,1,1,1,,,,,,,"=""01238""",,,
"=""05""",BURLINGTON,"=""4740""",Shamong Township School District,"=""050""",Indian Mills Elementary School,Ms.,Nicole,Moore,School Principal,nmoore@shamongschools.org,112 INDIAN MILLS ROAD," ",SHAMONG,NJ,"=""08088-9512""",112 INDIAN MILLS ROAD," ",SHAMONG,NJ,"=""08088-9512""",Ms.,Marlana,Moore,Anti-Bullying Specialist,,,,,"=""609-268-0220""",1,1,1,1,1,1,,,,,,,,,,,"=""01240""",,,
"=""05""",BURLINGTON,"=""4740""",Shamong Township School District,"=""055""",Indian Mills Memorial School,Mr.,Tim,Carroll,School Principal,tcarroll@shamongschools.org,295 INDIAN MILLS ROAD," ",SHAMONG,NJ,"=""08088""",295 INDIAN MILLS ROAD," ",SHAMONG,NJ,"=""08088""",Mr.,Ryan,Vaux,Anti-Bullying Specialist,,,,,"=""609-268-0440""",,,,,,,1,1,1,1,,,,,,,"=""06103""",,,
"=""05""",BURLINGTON,"=""4930""",Southampton Township School District,"=""050""",Southampton Township School #1,Mrs.,Michele,Henry,School Principal,henrym@stsdwarriors.org,26 PLEASANT STREET," ",SOUTHAMPTON,NJ,"=""08088-3310""",26 PLEASANT STREET," ",SOUTHAMPTON,NJ,"=""08088-3310""",Mrs.,Allison,Shaughnessy,Anti-Bullying Specialist,,,,,"=""609-859-2256""",,1,1,1,1,,,,,,,,,,,,"=""01242""",https://www.facebook.com/southamptontownshipschooldistrict,https://www.instagram.com/stsdwarriors,
"=""05""",BURLINGTON,"=""4930""",Southampton Township School District,"=""060""",Southampton Township School #2,Mrs.,Kristine,Bertulis,School Principal,bertulisk@stsdwarriors.org,100 MISS MABEL DRIVE," ",SOUTHAMPTON,NJ,"=""08088-3351""",100 MISS MABEL DRIVE," ",SOUTHAMPTON,NJ,"=""08088-3351""",Mrs.,Allison,Shaughnessy,Anti-Bullying Specialist,,,,,"=""609-859-2256""",1,,,,,1,1,,,,,,,,,,"=""06035""",https://www.facebook.com/southamptontownshipschooldistrict,https://www.instagram.com/stsdwarriors,
"=""05""",BURLINGTON,"=""4930""",Southampton Township School District,"=""070""",Southampton Township School #3,Mrs.,Kristine,Bertulis,School Principal,bertulisk@stsdwarriors.org,100 WARRIOR WAY," ",SOUTHAMPTON,NJ,"=""08088-3349""",100 WARRIOR WAY," ",SOUTHAMPTON,NJ,"=""08088-3349""",Mrs.,Danielle,Madison,Anti-Bullying Specialist,,,,,"=""609-859-2256""",,,,,,,,1,1,1,,,,,,,"=""00127""",https://www.facebook.com/southamptontownshipschooldistrict,https://www.instagram.com/stsdwarriors,
"=""05""",BURLINGTON,"=""5010""",Springfield Township School District,"=""050""",Springfield Township School,Mr.,Craig,Vaughn,School Administrator,cvaughn@springfieldschool.org,2146 JACKSONVILLE ROAD," ",JOBSTOWN,NJ,"=""08041-9629""",2146 JACKSONVILLE ROAD," ",JOBSTOWN,NJ,"=""08041-9629""",Mrs.,Rebecca,Schweitzer,Anti-Bullying Specialist,,,,,"=""609-723-2479""",1,1,1,1,1,1,1,1,,,,,,,,,"=""01244""",,,
"=""05""",BURLINGTON,"=""5130""",Tabernacle Township School District,"=""040""",Kenneth R. Olson Middle School,Mr.,Ryan,Pina,School Principal,pinar@tabschools.org,132 NEW ROAD," ",TABERNACLE,NJ,"=""08088""",132 NEW ROAD," ",TABERNACLE,NJ,"=""08088""",Mrs.,Bridget,Bauer,Anti-Bullying Specialist,,,,,"=""609-268-0153""",,,,,,1,1,1,1,1,,,,,,,"=""05946""",,,https://x.com/tabschools
"=""05""",BURLINGTON,"=""5130""",Tabernacle Township School District,"=""060""",Tabernacle Elementary School,Ms.,Stacey,Arzt,School Principal,arzts@tabschools.org,141 NEW ROAD," ",TABERNACLE,NJ,"=""08088""",141 NEW ROAD," ",TABERNACLE,NJ,"=""08088""",Ms.,Kim,White,Anti-Bullying Specialist,,,,,"=""609-268-0150""",1,1,1,1,1,,,,,,,,,,,,"=""01250""",,,
"=""05""",BURLINGTON,"=""5720""",Westampton Township Public School District,"=""020""",Holly Hills Elementary School,Dr.,Rachel,Feldman,School Principal,rfeldman@westamptonschools.org,500 OGDEN DRIVE," ",WESTAMPTON,NJ,"=""08060""",500 OGDEN DRIVE," ",WESTAMPTON,NJ,"=""08060""",Ms.,Kayla,Kilpatrick,Anti-Bullying Specialist,,,,,"=""609-267-8565""",1,1,1,1,1,,,,,,,,,,,,"=""01256""",,,
"=""05""",BURLINGTON,"=""5720""",Westampton Township Public School District,"=""050""",Westampton Township Middle School,Ms.,Yashanta,Holloway-Taluy,School Principal,yholloway-taluy@westamptonschools.org,700 RANCOCAS ROAD," ",WESTAMPTON,NJ,"=""08060-9601""",700 RANCOCAS ROAD," ",WESTAMPTON,NJ,"=""08060-9601""",Mrs.,Susan,Ho,Anti-Bullying Specialist,,,,,"=""609-267-2722""",,,,,,1,1,1,1,1,,,,,,,"=""01258""",,,
"=""05""",BURLINGTON,"=""5805""",Willingboro Public School District,"=""303""",Garfield East Elementary & ECDC,Mrs.,Theresa,Hipplewith,School Principal,thipplewith@wboe.net,150 Evergreen Dr.," ",Willingboro,NJ,"=""08046""",150 Evergreen Dr.," ",Willingboro,NJ,"=""08046""",Ms.,Nate,Durvin,Anti-Bullying Specialist,,,,,"=""609-835-8990""",1,1,1,1,1,,,,,,,,,,,,"=""03489""",,,
"=""05""",BURLINGTON,"=""5805""",Willingboro Public School District,"=""065""",Hawthorne Park Elementary School,Ms.,Ruhi,Ahmed,School Principal,rahmed@wboe.net,84 Hampshire Lane," ",WILLINGBORO,NJ,"=""08046""",84 Hampshire Lane," ",WILLINGBORO,NJ,"=""08046""",Mr.,Justin,McLaurin,Anti-Bullying Specialist,,,,,"=""609-835-8960""",,1,1,1,1,,,,,,,,,,,,"=""01276""",,,
"=""05""",BURLINGTON,"=""5805""",Willingboro Public School District,"=""302""",J.C.Stuart ECDC,Ms.,Nancy,Sanchez,School Principal,nsanchez@wboe.net,70 Sunset Rd," ",Willingboro,NJ,"=""08046""",70 Sunset Rd," ",Willingboro,NJ,"=""08046""",Ms.,Daria,Durand,Anti-Bullying Specialist,,,,,"=""609-835-3881""",1,,,,,,,,,,,,,,,,"=""""",,,
"=""05""",BURLINGTON,"=""5805""",Willingboro Public School District,"=""301""",James A Cotten Intermediate School,Mr.,Melik,Brown,School Principal,mdbrown@wboe.net,80 Martin Luther King Jr. Pkwy," ",Willingboro,NJ,"=""08046""",80 Martin Luther King Jr. Pkwy," ",Willingboro,NJ,"=""08046""",Mr.,Raul,Rivera,Anti-Bullying Specialist,,,,,"=""609-835-8930""",,,,,,1,1,,,,,,,,,,"=""""",,,
"=""05""",BURLINGTON,"=""5805""",Willingboro Public School District,"=""120""",Twin Hills Elementary School,Mrs.,Rosalind,Friday,School Principal,rfriday@wboe.net,10 Twin Hill Drive," ",WILLINGBORO,NJ,"=""08046""",10 Twin Hill Drive," ",WILLINGBORO,NJ,"=""08046""",Ms.,Tiffany,Purnell,Anti-Bullying Specialist,,,,,"=""609-835-8980""",,1,1,1,1,,,,,,,,,,,,"=""01288""",,,
"=""05""",BURLINGTON,"=""5805""",Willingboro Public School District,"=""080""",W. R. James Sr. Elementary School,Ms.,Shawn,Marshall,School Principal,smarshall@wboe.net,41 PINETREE LANE," ",WILLINGBORO,NJ,"=""08046""",41 PINETREE LANE," ",WILLINGBORO,NJ,"=""08046""",Ms.,Amya,Hodges,Anti-Bullying Specialist,,,,,"=""609-835-8940""",,1,1,1,1,,,,,,,,,,,,"=""01282""",,,
"=""05""",BURLINGTON,"=""5805""",Willingboro Public School District,"=""053""",Willingboro High School,Mr.,Jonathan,Taylor,School Principal,jotaylor@wboe.net,20 JFK WAY," ",WILLINGBORO,NJ,"=""08046-2121""",20 JFK WAY," ",WILLINGBORO,NJ,"=""08046-2121""",Mr.,Douglass,Key,Anti-Bullying Specialist,,,,,"=""609-835-8800""",,,,,,,,,,,1,1,1,1,,,"=""01264""",,,
"=""05""",BURLINGTON,"=""5805""",Willingboro Public School District,"=""057""",Willingboro Memorial Middle School,Mr.,Bobby,Morgan,School Principal,bmorgan@wboe.net,451 Van Sciver Parkway," ",WILLINGBORO,NJ,"=""08046""",451 Van Sciver Parkway," ",WILLINGBORO,NJ,"=""08046""",Ms.,Adrienne,Lepping,Anti-Bullying Specialist,,,,,"=""609-835-8700""",,,,,,,,1,1,1,,,,,,,"=""06108""",,,
"=""05""",BURLINGTON,"=""5890""",Woodland Township School District,"=""030""",Chatsworth Elementary School,Dr.,Christine,Vespe,Chief School Administrator,cvespe@woodlandboe.org,2 John Bowker Jr. Blvd," ",CHATSWORTH,NJ,"=""08019-0477""",PO Box 477," ",CHATSWORTH,NJ,"=""08019-0477""",Mrs.,Monica,Lee,Anti-Bullying Specialist,Mrs.,Carolyn,Fischl,School Homeless Liaison,"=""609-726-1230""",,1,1,1,1,1,1,1,1,1,,,,,,,"=""01294""",,,
"=""07""",CAMDEN,"=""0150""",Audubon Public School District,"=""010""",Audubon Junior/Senior High School,Mr.,Jeffrey,Lebb,School Principal,jlebb@audubonschools.org,350 EDGEWOOD AVENUE," ",AUDUBON,NJ,"=""08106""",350 EDGEWOOD AVENUE," ",AUDUBON,NJ,"=""08106""",Mr.,Michael,Tomasetti,Anti-Bullying Specialist,,,,,"=""856-547-7695""",,,,,,,,,1,1,1,1,1,1,,,"=""01298""",,,
"=""07""",CAMDEN,"=""0150""",Audubon Public School District,"=""300""",Audubon Park Preschool,Mrs.,Barbra,Ledyard,School Principal,bledyard@audubonschools.org,2 Road C," ",Audubon Park,NJ,"=""08106""",2 Road C," ",Audubon Park,NJ,"=""08106""",Ms.,Maria,McCutcheon,Anti-Bullying Specialist,,,,,"=""856-617-0918""",1,,,,,,,,,,,,,,,,"=""06137""",,,
"=""07""",CAMDEN,"=""0150""",Audubon Public School District,"=""040""",Haviland Avenue School,Mrs.,Barbra,Ledyard,School Principal,bledyard@audubonschools.org,240 SOUTH HAVILAND AVENUE," ",AUDUBON,NJ,"=""08106""",240 SOUTH HAVILAND AVENUE," ",AUDUBON,NJ,"=""08106""",Ms.,Maria,McCutcheon,Anti-Bullying Specialist,,,,,"=""856-546-4922""",1,1,1,1,,,,,,,,,,,,,"=""01300""",,,
"=""07""",CAMDEN,"=""0150""",Audubon Public School District,"=""050""",Mansion Avenue School,Ms.,Bonnie,Smeltzer,School Principal,bsmeltzer@audubonschools.org,300 MANSION AVENUE," ",AUDUBON,NJ,"=""08106""",300 MANSION AVENUE," ",AUDUBON,NJ,"=""08106""",Ms.,Cara,Novick,Anti-Bullying Specialist,,,,,"=""856-546-4926""",,,,,1,1,1,1,,,,,,,,,"=""01302""",,,
"=""07""",CAMDEN,"=""0190""",Barrington School District,"=""010""",Avon Elementary School,Mr.,Anthony,Arcodia,School Principal,aarcodia@barringtonschools.net,862 MERCER DR," ",HADDONFIELD,NJ,"=""08033""",862 MERCER DR," ",HADDONFIELD,NJ,"=""08033""",Mrs.,Sara,Plunkett,Anti-Bullying Specialist,,,,,"=""856-547-6632""",1,1,1,1,1,1,,,,,,,,,,,"=""01308""",,,
"=""07""",CAMDEN,"=""0190""",Barrington School District,"=""030""",Woodland Middle School,Mr.,Michael,Silvestri,School Principal,msilvestri@barringtonschools.net,1 SCHOOL LANE," ",BARRINGTON,NJ,"=""08007""",1 SCHOOL LANE," ",BARRINGTON,NJ,"=""08007""",Mrs.,Kristin,Flowers,Anti-Bullying Specialist,,,,,"=""856-547-8402""",,,,,,,1,1,1,1,,,,,,,"=""01312""",,,
"=""07""",CAMDEN,"=""0260""",Bellmawr Public School District,"=""015""",Bell Oaks Upper Elementary School,Mr.,Anthony,Farinelli,School Principal,afarinelli@bellmawrschools.org,256  ANDERSON AVENUE," ",BELLMAWR,NJ,"=""08031""",256  ANDERSON AVENUE," ",BELLMAWR,NJ,"=""08031""",Mr.,Jordan,Bilicki,Anti-Bullying Specialist,,,,,"=""856-931-6273""",,,,,,,1,1,1,1,,,,,,,"=""01316""",,,
"=""07""",CAMDEN,"=""0260""",Bellmawr Public School District,"=""020""",Bellmawr Park Elementary School,Mrs.,Gina,Heller,School Principal,gheller@bellmawrschools.org,29 PEACH ROAD," ",BELLMAWR,NJ,"=""08031""",29 PEACH ROAD," ",BELLMAWR,NJ,"=""08031""",Mr.,Dominick,DiCiano,Anti-Bullying Specialist,,,,,"=""856-931-6272""",1,1,1,1,1,1,,,,,,,,,,,"=""01318""",,,
"=""07""",CAMDEN,"=""0260""",Bellmawr Public School District,"=""030""",Ethel M Burke Elementary School,Mr.,Matthew,Maguire,School Principal,mmaguire@bellmawrschools.org,112 SOUTH BLACK HORSE PIKE," ",BELLMAWR,NJ,"=""08031""",112 SOUTH BLACK HORSE PIKE," ",BELLMAWR,NJ,"=""08031""",Ms.,Alyssa,Friedman,Anti-Bullying Specialist,,,,,"=""856-931-6362""",,1,1,1,1,1,,,,,,,,,,,"=""01320""",,,
"=""07""",CAMDEN,"=""0330""",Berlin Borough School District,"=""020""",Berlin Community School,Ms.,Lindsay,Hickman,School Principal,hickmanl@bcsberlin.org,215 S FRANKLIN AVE," ",BERLIN,NJ,"=""08009-9220""",215 S FRANKLIN AVE," ",BERLIN,NJ,"=""08009-9220""",Ms.,Lindsay,Hickman,Anti-Bullying Specialist,,,,,"=""856-767-0129""",1,1,1,1,1,1,1,1,1,1,,,,,,,"=""01324""",,,
"=""07""",CAMDEN,"=""0340""",Berlin Township School District,"=""030""",Dwight D Eisenhower Middle School,,Open,Open,School Principal,Open,235 Grove Avenue," ",West Berlin,NJ,"=""08091""",235 Grove Avenue," ",West Berlin,NJ,"=""08091""",Ms.,Ashley,Surman,Anti-Bullying Specialist,,,,,"=""856-767-9480""",,,,,,1,1,1,1,1,,,,,,,"=""01328""",,,
"=""07""",CAMDEN,"=""0340""",Berlin Township School District,"=""050""",John F Kennedy Elementary School,Mrs.,Melissa,Carey,School Principal,mcarey@btwpschools.org,228 Mt Vernon Avenue," ",West Berlin,NJ,"=""08091""",228 Mt Vernon Avenue," ",West Berlin,NJ,"=""08091""",Ms.,Elizabeth,Tully,Anti-Bullying Specialist,,,,,"=""856-767-9480""",1,1,1,1,1,,,,,,,,,,,,"=""01332""",,,
"=""07""",CAMDEN,"=""0390""",Black Horse Pike Regional School District,"=""020""",Highland Regional High School,Mr.,Ryan,Varga,School Principal,rvarga@bhprsd.org,450 Erial Road," ",BLACKWOOD,NJ,"=""08012""",450 Erial Road," ",BLACKWOOD,NJ,"=""08012""",Mrs.,Stephanie,Rodgers,Anti-Bullying Specialist,,,,,"=""856-227-4100""",,,,,,,,,,,1,1,1,1,,,"=""01336""",,,
"=""07""",CAMDEN,"=""0390""",Black Horse Pike Regional School District,"=""030""",Timber Creek Regional High School,Mrs.,Kelly,McKenzie,School Principal,kmckenzie@bhprsd.org,501 JARVIS ROAD," ",ERIAL,NJ,"=""08081""",501 JARVIS ROAD," ",ERIAL,NJ,"=""08081""",Mrs.,Nicole,Hohl,Anti-Bullying Specialist,,,,,"=""856-232-9703""",,,,,,,,,,,1,1,1,1,,,"=""00425""",https://www.facebook.com/TimberCreekRegionalHighSchool,,
"=""07""",CAMDEN,"=""0390""",Black Horse Pike Regional School District,"=""050""",Triton Regional High School,Mrs.,Melissa,Sheppard,School Principal,msheppard@bhprsd.org,250 SCHUBERT AVE," ",RUNNEMEDE,NJ,"=""08078""",250 SCHUBERT AVE," ",RUNNEMEDE,NJ,"=""08078""",Mr.,John,Barnett,Anti-Bullying Specialist,,,,,"=""856-939-4500""",,,,,,,,,,,1,1,1,1,,,"=""01338""",https://www.facebook.com/TirtonHighSchool,,
"=""07""",CAMDEN,"=""0580""",Brooklawn Public School District,"=""010""",Alice Costello Elementary School,Dr.,Samuel,Rosetti,Chief School Administrator,srosetti@alicecostello.com,301 Haakon Rd.," ",BROOKLAWN,NJ,"=""08030""",301 Haakon Rd.," ",BROOKLAWN,NJ,"=""08030""",Mrs.,Ashlee,Zykorie,Anti-Bullying Specialist,,,,,"=""856-456-4039""",1,1,1,1,1,1,1,1,1,1,,,,,,,"=""01340""",,,
"=""07""",CAMDEN,"=""0680""",Camden City School District,"=""305""",Camden Big Picture Learning Academy,Ms.,Catherine,Chukwueke,School Principal,cchukwueke@camden.k12.nj.us,1700 Park Blvd," ",CAMDEN,NJ,"=""08103""",1700 Park Blvd," ",CAMDEN,NJ,"=""08103""",,Monica,Witherspoon,Anti-Bullying Specialist,,,,,"=""856-966-5122""",,,,,,,,,1,1,1,1,1,1,,,"=""00579""",,,
"=""07""",CAMDEN,"=""0680""",Camden City School District,"=""030""",Camden High School,Mr.,Catherine,Chukwueke,School Principal,cchukwueke@camden.k12.nj.us,1700 Park Boulevard," ",CAMDEN,NJ,"=""08103""",1700 Park Boulevard," ",CAMDEN,NJ,"=""08103""",,Avis,Satterfield,Anti-Bullying Specialist,,,,,"=""856-966-5100""",,,,,,,,,,,1,1,1,1,,,"=""01346""",,,
"=""07""",CAMDEN,"=""0680""",Camden City School District,"=""165""",Cooper's Poynt Family School,Mr.,Janine,Casella,School Principal,jcasella@camden.k12.nj.us,201 State Street," ",CAMDEN,NJ,"=""08102""",201 State Street," ",CAMDEN,NJ,"=""08102""",,Wayne,Allen,Anti-Bullying Specialist,,,,,"=""856-966-5370""",1,1,1,1,1,1,1,1,1,1,,,,,,,"=""01364""",,,
"=""07""",CAMDEN,"=""0680""",Camden City School District,"=""245""",Creative Arts High School,Ms.,Catherine,Chukwueke,School Principal,cchukwueke@camden.k12.nj.us,1700 Park Blvd," ",CAMDEN,NJ,"=""08103""",1700 Park Blvd," ",CAMDEN,NJ,"=""08103""",,Christine,Abernathy,Anti-Bullying Specialist,,,,,"=""856-966-6267""",,,,,,,,,,,1,1,1,1,,,"=""01384""",,,
"=""07""",CAMDEN,"=""0680""",Camden City School District,"=""029""",Dr. Charles E. Brimm Medical Arts High School,Ms.,Catherine,Chukwueke,School Principal,cchukwueke@camden.k12.nj.us,1700 Park Blvd," ",CAMDEN,NJ,"=""08103""",1700 Park Blvd," ",CAMDEN,NJ,"=""08103""",Ms.,Yvette,Pruitt,Anti-Bullying Specialist,,,,,"=""856-966-2500""",,,,,,,,,,,1,1,1,1,,,"=""00087""",,,
"=""07""",CAMDEN,"=""0680""",Camden City School District,"=""180""",Dr. Henry H. Davis Elementary School,Ms.,Danielle,Montague,School Principal,dmontague@camden.k12.nj.us,3425 Cramer Street," ",CAMDEN,NJ,"=""08105""",3425 Cramer Street," ",CAMDEN,NJ,"=""08105""",,Pierre,Craig,Anti-Bullying Specialist,,,,,"=""856-966-8920""",1,1,1,1,1,1,1,1,1,1,,,,,,,"=""01368""",,,
"=""07""",CAMDEN,"=""0680""",Camden City School District,"=""040""",Eastside High School,Ms.,Gloria,Vega,School Principal,gmartinezvega@camden.k12.nj.us,3100 Federal Street," ",CAMDEN,NJ,"=""08105""",3100 Federal Street," ",CAMDEN,NJ,"=""08105""",,Dina,Smith,Anti-Bullying Specialist,,,,,"=""856-966-5300""",,,,,,,,,,,1,1,1,1,,,"=""01348""",,,
"=""07""",CAMDEN,"=""0680""",Camden City School District,"=""205""",Forest Hill School,Mr.,Darrell,Staton,School Principal,dstaton@camden.k12.nj.us,1625 Wildwood Avenue," ",CAMDEN,NJ,"=""08103""",1625 Wildwood Avenue," ",CAMDEN,NJ,"=""08103""",Dr.,Phyllis,Perez,Anti-Bullying Specialist,,,,,"=""856-966-8930""",,1,1,1,1,1,1,1,1,1,,,,,,,"=""01374""",,,
"=""07""",CAMDEN,"=""0680""",Camden City School District,"=""350""",Henry B. Wilson Family School,Ms.,Nicole,Harrigan-Nash,School Principal,nnash@camden.k12.nj.us,2250 South 8th Street," ",CAMDEN,NJ,"=""08104""",2250 South 8th Street," ",CAMDEN,NJ,"=""08104""",,Mary,Little,Anti-Bullying Specialist,,,,,"=""856-966-3691""",,1,1,1,1,1,1,1,1,1,,,,,,,"=""01406""",,,
"=""07""",CAMDEN,"=""0680""",Camden City School District,"=""025""",Martha F. Wilson Early Childhood Development Center,Ms.,Jahnia,Robinson,School Principal,jahniarobinson@camden.k12.nj.us,1602 Pine Street," ",CAMDEN,NJ,"=""08103""",1602 Pine Street," ",CAMDEN,NJ,"=""08103""",,Mary,Little,Anti-Bullying Specialist,,,,,"=""856-966-4171""",1,1,,,,,,,,,,,,,,,"=""01344""",,,
"=""07""",CAMDEN,"=""0680""",Camden City School District,"=""306""",Morgan Village School,Ms.,Jahnia,Robinson,School Principal,JahniaRobinson@camden.k12.nj.us,990 Morgan Boulevard," ",Camden,NJ,"=""08104""",990 Morgan Boulevard," ",Camden,NJ,"=""08104""",Ms.,Shawn,Forbes,Anti-Bullying Specialist,,,,,"=""856-966-6267""",,,,,,,,1,1,1,1,1,1,1,,,"=""03527""",,,
"=""07""",CAMDEN,"=""0680""",Camden City School District,"=""145""",Octavius V. Catto Community Family School,Mr.,Byron,Dixon,School Principal,bdixon@camden.k12.nj.us,3100 WESTFIELD AVE," ",CAMDEN,NJ,"=""08105""",3100 WESTFIELD AVE," ",CAMDEN,NJ,"=""08105""",,Karen,McRae,Anti-Bullying Specialist,,,,,"=""856-966-4097""",1,1,1,1,1,1,1,1,1,1,,,,,,,"=""00793""",,,
"=""07""",CAMDEN,"=""0680""",Camden City School District,"=""175""",Riletta Twyne Cream Early Childhood Center,Ms.,Medinah,Dyer,School Principal,mdyer@camden.k12.nj.us,1875 Mulford Street," ",CAMDEN,NJ,"=""08104""",1875 Mulford Street," ",CAMDEN,NJ,"=""08104""",,Mary,Little,Anti-Bullying Specialist,,,,,"=""856-966-4760""",1,1,1,1,1,,,,,,,,,,,,"=""06084""",,,
"=""07""",CAMDEN,"=""0680""",Camden City School District,"=""190""",Thomas H. Dudley Family School,Ms.,Evelyn,Ruiz,School Principal,eruiz@camden.k12.nj.us,2250 Berwick Street," ",Camden,NJ,"=""08105-1160""",2250 Berwick Street," ",Camden,NJ,"=""08105-1160""",,Richard,Ceccanecchio,Anti-Bullying Specialist,,,,,"=""856-365-0636""",1,1,1,1,1,1,1,1,1,1,,,,,,,"=""03065""",,,
"=""07""",CAMDEN,"=""0680""",Camden City School District,"=""080""",Veterans Memorial Family School,Ms.,Danette,Sapowsky,School Principal,dsapowsky@camden.k12.nj.us,800 N 26th Street," ",CAMDEN,NJ,"=""08105""",800 N 26th Street," ",CAMDEN,NJ,"=""08105""",,Marie,Francois,Anti-Bullying Specialist,,,,,"=""856-966-5090""",1,1,1,1,1,1,1,1,1,1,,,,,,,"=""01354""",,,
"=""07""",CAMDEN,"=""0680""",Camden City School District,"=""360""",Yorkship Elementary School,Dr.,Michael,Coleman,School Principal,michaelcoleman@camden.k12.nj.us,1251 Collings Road," ",CAMDEN,NJ,"=""08104""",1251 Collings Road," ",CAMDEN,NJ,"=""08104""",,Marie,Sheared,Anti-Bullying Specialist,,,,,"=""856-966-5110""",1,1,1,1,1,1,1,1,1,1,,,,,,,"=""01408""",,,
"=""07""",CAMDEN,"=""0700""",Camden County Technical School District,"=""040""",Camden County Technical School-GTC,Ms.,Chantell,Green,School Principal,cgreen@ccts.net,343 Berlin Cross Keys Road," ",Sicklerville,NJ,"=""08081""",343 Berlin Cross Keys Road," ",Sicklerville,NJ,"=""08081""",Mr.,James,Wert,Anti-Bullying Specialist,,,,,"=""856-767-7000""",,,,,,,,,,,1,1,1,1,,,"=""01414""",,,
"=""07""",CAMDEN,"=""0700""",Camden County Technical School District,"=""030""",Camden County Technical School-Pennsauken,Mr.,Matthew,Hallinan,School Principal,mhallinan@ccts.net,6008 Browning Road," ",Pennsauken,NJ,"=""08109""",6008 Browning Road," ",Pennsauken,NJ,"=""08109""",Ms.,Stephanie,Kelly,Anti-Bullying Specialist,,,,,"=""856-663-1040""",,,,,,,,,,,1,1,1,1,,,"=""01412""",,,
"=""07""",CAMDEN,"=""1801""","Camden Prep, Inc.","=""113""","Camden Prep, Inc.",Ms.,Jen,Venegas-Gibbons,School Lead,njschoolleads@uncommonschools.org,1575 Mt. Ephraim Ave," ",Camden,NJ,"=""08104""",1575 Mt. Ephraim Ave," ",Camden,NJ,"=""08104""",,Mary Kate,Miller,Anti-Bullying Specialist,,,,,"=""856-379-4488""",,1,1,1,1,1,1,1,1,1,1,1,1,1,,,"=""""",,,
"=""07""",CAMDEN,"=""0800""",Cherry Hill School District,"=""058""",A. Russell Knight Elementary School,Mr.,Eugene,Park,School Principal,EPark@chclc.org,140 Old Carriage Rd.," ",CHERRY HILL,NJ,"=""08034-3332""",140 Old Carriage Rd.," ",CHERRY HILL,NJ,"=""08034-3332""",Ms.,Harriet,Rickansrud,Anti-Bullying Specialist,,,,,"=""856-428-0830""",,1,1,1,1,1,1,,,,,,,,,,"=""01422""",,,
"=""07""",CAMDEN,"=""0800""",Cherry Hill School District,"=""068""",Bret Harte Elementary School,Mr.,Dumar,Burgess,School Principal,DBurgess@chclc.org,1909 Queen Anne Dr.," ",CHERRY HILL,NJ,"=""08003-2843""",1909 Queen Anne Dr.," ",CHERRY HILL,NJ,"=""08003-2843""",Ms.,Sara,Egan,Anti-Bullying Specialist,,,,,"=""856-795-0515""",,1,1,1,1,1,1,,,,,,,,,,"=""01428""",,,
"=""07""",CAMDEN,"=""0800""",Cherry Hill School District,"=""030""",Cherry Hill High School East,Dr.,Neil,Burti,Acting Principal,nburti@chclc.org,1750 Kresson Rd.," ",CHERRY HILL,NJ,"=""08003-2598""",1750 Kresson Rd.," ",CHERRY HILL,NJ,"=""08003-2598""",Ms.,Jennifer,DiStefano,Anti-Bullying Specialist,,,,,"=""856-424-2222""",,,,,,,,,,,1,1,1,1,,,"=""01418""",,,
"=""07""",CAMDEN,"=""0800""",Cherry Hill School District,"=""040""",Cherry Hill High School West,Dr.,John,Burns,School Principal,JBurns@chclc.org,2101 Chapel Ave.," ",CHERRY HILL,NJ,"=""08034-2099""",2101 Chapel Ave.," ",CHERRY HILL,NJ,"=""08034-2099""",Ms.,Mollie,Crincoli,Anti-Bullying Specialist,,,,,"=""856-663-8006""",,,,,,,,,,,1,1,1,1,,,"=""01420""",,,
"=""07""",CAMDEN,"=""0800""",Cherry Hill School District,"=""069""",Clara Barton Elementary School,Ms.,Idalis,Kizee,School Principal,IKizee@chclc.org,223 Rhode Island Ave.," ",CHERRY HILL,NJ,"=""08034-3121""",223 Rhode Island Ave.," ",CHERRY HILL,NJ,"=""08034-3121""",Ms.,Jacqueline,McComb,Anti-Bullying Specialist,,,,,"=""856-667-3303""",,1,1,1,1,1,1,,,,,,,,,,"=""01430""",,,
"=""07""",CAMDEN,"=""0800""",Cherry Hill School District,"=""062""",Estelle V. Malberg Early Childhood Center,Mrs.,Danyelle,Edwards,School Principal,DEdwards@chclc.org,1220 Winston Way," ",CHERRY HILL,NJ,"=""08034-2919""",1220 Winston Way," ",CHERRY HILL,NJ,"=""08034-2919""",Ms.,Barbara,Harris,Anti-Bullying Specialist,,,,,"=""856-429-7283""",1,1,,,,,,,,,,,,,,,"=""00263""",,,
"=""07""",CAMDEN,"=""0800""",Cherry Hill School District,"=""073""",Henry C. Beck Middle School,Ms.,Rebecca,Metzger,School Principal,Remetzger@chclc.org,950 Cropwell Rd.," ",CHERRY HILL,NJ,"=""08003-1499""",950 Cropwell Rd.," ",CHERRY HILL,NJ,"=""08003-1499""",Ms.,Sarah,Petty,Anti-Bullying Specialist,,,,,"=""856-424-4505""",,,,,,,,1,1,1,,,,,,,"=""01436""",,,
"=""07""",CAMDEN,"=""0800""",Cherry Hill School District,"=""075""",Horace Mann Elementary School,Mr.,Jonathan,Cohen,School Principal,Jcafagna@chclc.orgJonCohen@chclc.org,150 Walt Whitman Blvd.," ",CHERRY HILL,NJ,"=""08003-3747""",150 Walt Whitman Blvd.," ",CHERRY HILL,NJ,"=""08003-3747""",Mrs.,Megan,Dimit,Anti-Bullying Specialist,,,,,"=""856-428-1144""",,1,1,1,1,1,1,,,,,,,,,,"=""01440""",,,
"=""07""",CAMDEN,"=""0800""",Cherry Hill School District,"=""083""",James F. Cooper Elementary School,Mrs.,Rebecca,Tiernan,School Principal,RTiernan@chclc.org,1960 Greentree Rd.," ",CHERRY HILL,NJ,"=""08003-1121""",1960 Greentree Rd.," ",CHERRY HILL,NJ,"=""08003-1121""",Ms.,Jennifer,Tomasetti,Anti-Bullying Specialist,,,,,"=""856-424-4554""",,1,1,1,1,1,1,,,,,,,,,,"=""01444""",,,
"=""07""",CAMDEN,"=""0800""",Cherry Hill School District,"=""085""",James Johnson Elementary School,Ms.,Lauren,Giordano,School Principal,lgiordano@chclc.org,500 Kresson Rd.," ",CHERRY HILL,NJ,"=""08034-3121""",500 Kresson Rd.," ",CHERRY HILL,NJ,"=""08034-3121""",Ms.,Shanelle,Minaya,Anti-Bullying Specialist,,,,,"=""856-428-8848""",,1,1,1,1,1,1,,,,,,,,,,"=""01446""",,,
"=""07""",CAMDEN,"=""0800""",Cherry Hill School District,"=""067""",John A. Carusi Middle School,Mrs.,Christina,Collazo-Franco,School Principal,ccollazofranco@chclc.org,315 Roosevelt Dr.," ",CHERRY HILL,NJ,"=""08034-1599""",315 Roosevelt Dr.," ",CHERRY HILL,NJ,"=""08034-1599""",Mrs.,Constance,Spencer,Anti-Bullying Specialist,,,,,"=""856-667-1220""",,,,,,,,1,1,1,,,,,,,"=""01426""",,,
"=""07""",CAMDEN,"=""0800""",Cherry Hill School District,"=""100""",Joseph D. Sharp Elementary School,Mr.,Ric,Miscioscia,School Principal,Rmiscioscia@chclc.org,300 Old Orchard Rd.," ",CHERRY HILL,NJ,"=""08003-1299""",300 Old Orchard Rd.," ",CHERRY HILL,NJ,"=""08003-1299""",Mrs.,Heather,Roberts,Anti-Bullying Specialist,,,,,"=""856-424-1550""",,1,1,1,1,1,1,,,,,,,,,,"=""01450""",,,
"=""07""",CAMDEN,"=""0800""",Cherry Hill School District,"=""105""",Joyce Kilmer Elementary School,Mr.,Sean,Sweeney,Interim Principal,ssweeney@chclc.org,2900 Chapel Ave.," ",CHERRY HILL,NJ,"=""08002-1661""",2900 Chapel Ave.," ",CHERRY HILL,NJ,"=""08002-1661""",Ms.,Molly,O'Neill,Anti-Bullying Specialist,,,,,"=""856-667-3903""",,1,1,1,1,1,1,,,,,,,,,,"=""01452""",,,
"=""07""",CAMDEN,"=""0800""",Cherry Hill School District,"=""110""",Kingston Elementary School,Dr.,William,Marble,School Principal,WMarble@chclc.org,320 Kingston Rd.," ",CHERRY HILL,NJ,"=""08034-1600""",320 Kingston Rd.," ",CHERRY HILL,NJ,"=""08034-1600""",Ms.,Evalyn,Hart,Anti-Bullying Specialist,,,,,"=""856-667-0986""",,1,1,1,1,1,1,,,,,,,,,,"=""01454""",,,
"=""07""",CAMDEN,"=""0800""",Cherry Hill School District,"=""113""",Richard Stockton Elementary School,Mr.,James,Riordan,School Principal,JRiordan@chclc.org,200 Wexford Dr.," ",CHERRY HILL,NJ,"=""08003-1827""",200 Wexford Dr.," ",CHERRY HILL,NJ,"=""08003-1827""",Ms.,Alicia,Lomba,Anti-Bullying Specialist,,,,,"=""856-424-1505""",,1,1,1,1,1,1,,,,,,,,,,"=""01456""",,,
"=""07""",CAMDEN,"=""0800""",Cherry Hill School District,"=""074""",Rosa International Middle School,Dr.,John,Cafagna,School Principal,JCafagna@chclc.org,485 Browning Lane," ",CHERRY HILL,NJ,"=""08003-3160""",485 Browning Lane," ",CHERRY HILL,NJ,"=""08003-3160""",Ms.,Gina,DeMonte,Anti-Bullying Specialist,,,,,"=""856-616-8787""",,,,,,,,1,1,1,,,,,,,"=""00265""",,,
"=""07""",CAMDEN,"=""0800""",Cherry Hill School District,"=""115""",Thomas Paine Elementary School,Dr.,Melissa,Gleason,School Principal,MGleason@chclc.org,4001 Church Rd.," ",CHERRY HILL,NJ,"=""08034-1199""",4001 Church Rd.," ",CHERRY HILL,NJ,"=""08034-1199""",Ms.,Melissa,Santiago,Anti-Bullying Specialist,,,,,"=""856-667-1350""",,1,1,1,1,1,1,,,,,,,,,,"=""01458""",,,
"=""07""",CAMDEN,"=""0800""",Cherry Hill School District,"=""130""",Woodcrest Elementary School,Mrs.,Alison,McCartney,School Principal,amccartney@chclc.org,400 Cranford Dr.," ",CHERRY HILL,NJ,"=""08003-3499""",400 Cranford Dr.," ",CHERRY HILL,NJ,"=""08003-3499""",Mr.,Kara,LaGamba,Anti-Bullying Specialist,,,,,"=""856-429-2058""",,1,1,1,1,1,1,,,,,,,,,,"=""01462""",,,
"=""07""",CAMDEN,"=""0880""",Clementon Elementary School District,"=""010""",Clementon Elementary School,Mr.,Chris,Lauber,School Principal,laubercj@clemsd.org,4 AUDUBON AVE," ",CLEMENTON,NJ,"=""08021""",4 AUDUBON AVE," ",CLEMENTON,NJ,"=""08021""",Mrs.,Cassandra,Pickens,Anti-Bullying Specialist,Ms.,Debby,Walshe,School Homeless Liaison,"=""856-783-2300""",,1,1,1,1,1,1,1,1,1,,,,,,,"=""05899""",,,
"=""07""",CAMDEN,"=""0940""",Collingswood Public School District,"=""030""",Collingswood High School,Mr.,Douglas,Newman,School Principal,dnewman@collsk12.org,424 COLLINGS AVE," ",COLLINGSWOOD,NJ,"=""08108""",424 COLLINGS AVE," ",COLLINGSWOOD,NJ,"=""08108""",Mr.,Wayne,Matthews,Anti-Bullying Specialist,,,,,"=""856-962-5701""",,,,,,,,,,,1,1,1,1,,,"=""01474""",,,
"=""07""",CAMDEN,"=""0940""",Collingswood Public School District,"=""040""",Collingswood Middle School,Dr.,John,McMullin,School Principal,jmcmullin@collsk12.org,414 COLLINGS AVE," ",COLLINGSWOOD,NJ,"=""08108""",414 COLLINGS AVE," ",COLLINGSWOOD,NJ,"=""08108""",Mr.,Rubin,Alicea,Anti-Bullying Specialist,,,,,"=""856-962-5702""",,,,,,,,1,1,1,,,,,,,"=""01476""",,,
"=""07""",CAMDEN,"=""0940""",Collingswood Public School District,"=""301""",Collingswood Pre Sch Penguins Childhood Center,,Jennifer,Floyd,School Administrator,jfloyd@collsk12.org,201 Dayton Avenue," ",Collingswood,NJ,"=""08108""",201 Dayton Avenue," ",Collingswood,NJ,"=""08108""",,Winsor,Yamamoto,Anti-Bullying Specialist,,,,,"=""856-833-5291""",1,,,,,,,,,,,,,,,,"=""03497""",,,
"=""07""",CAMDEN,"=""0940""",Collingswood Public School District,"=""300""",Collingswood Pre School at Oaklyn,Ms.,Elizabeth,Solowey,School Principal,esolowey@oaklynschool.org,136 Kendall Blvd," ",Oaklyn,NJ,"=""08107""",200 Lees Avenue," ",Collingswood,NJ,"=""08108""",Mr.,Winsor,Yamamoto,Anti-Bullying Specialist,,,,,"=""856-962-5700""",1,,,,,,,,,,,,,,,,"=""03485""",,,
"=""07""",CAMDEN,"=""0940""",Collingswood Public School District,"=""302""",Collingswood Preschool at Parkview,,Jennifer,Floyd,Director,jfloyd@collsk12.org,540 Collings Ave,"Suite 12 ",Collingswood,NJ,"=""08108""",540 Collings Ave,"Suite 12 ",Collingswood,NJ,"=""08108""",,Michael,Jefferson,Anti-Bullying Specialist,,,,,"=""856-962-5702""",1,,,,,,,,,,,,,,,,"=""""",,,
"=""07""",CAMDEN,"=""0940""",Collingswood Public School District,"=""050""",James A. Garfield Elementary School,Mr.,Mark,Wiltsey,School Administrator,mwiltsey@collsk12.org,480 HADDON AVE," ",COLLINGSWOOD,NJ,"=""08108""",480 HADDON AVE," ",COLLINGSWOOD,NJ,"=""08108""",Ms.,Diane,Duque,Anti-Bullying Specialist,,,,,"=""856-962-5705""",,1,1,1,1,1,1,,,,,,,,,,"=""01478""",,,
"=""07""",CAMDEN,"=""0940""",Collingswood Public School District,"=""060""",Mark Newbie Elementary School,Mr.,Steven,Smith,School Administrator,ssmith@collsk12.org,2 EAST BROWNING RD," ",COLLINGSWOOD,NJ,"=""08108""",2 EAST BROWNING RD," ",COLLINGSWOOD,NJ,"=""08108""",Ms.,Rachel,Povell,Anti-Bullying Specialist,,,,,"=""856-962-5706""",,1,1,1,1,1,1,,,,,,,,,,"=""01480""",,,
"=""07""",CAMDEN,"=""0940""",Collingswood Public School District,"=""070""",Thomas Sharp Elementary School,Ms.,Kamilah,Hinson,School Principal,khinson@collsk12.org,400 COMLY AVE," ",WEST COLLINGSWOOD,NJ,"=""08107""",400 COMLY AVE," ",WEST COLLINGSWOOD,NJ,"=""08107""",,Suzanne,McMaster,Anti-Bullying Specialist,,,,,"=""856-962-5707""",1,1,1,1,1,1,1,,,,,,,,,,"=""01482""",,,
"=""07""",CAMDEN,"=""0940""",Collingswood Public School District,"=""080""",William P Tatem Elementary School,Mr.,Brian,Kulak,Acting Principal,bkulak@collsk12.org,265 LINCOLN AVENUE," ",COLLINGSWOOD,NJ,"=""08108""",265 LINCOLN AVENUE," ",COLLINGSWOOD,NJ,"=""08108""",Ms.,Olivia,Hoban,Anti-Bullying Specialist,,,,,"=""856-962-5704""",,1,1,1,1,1,1,,,,,,,,,,"=""01484""",,,
"=""07""",CAMDEN,"=""0940""",Collingswood Public School District,"=""090""",Zane North Elementary School,Mr.,Matthew,Genna,School Principal,mgenna@collsk12.org,801 STOKES AVENUE," ",COLLINGSWOOD,NJ,"=""08108""",801 STOKES AVENUE," ",COLLINGSWOOD,NJ,"=""08108""",Ms.,Diane,Duque,Anti-Bullying Specialist,,,,,"=""856-962-5703""",1,1,1,1,1,1,1,,,,,,,,,,"=""01486""",,,
"=""07""",CAMDEN,"=""1255""",Eastern Camden County Regional School District,"=""050""",Eastern Camden County Regional High School,Mr.,Steve,Lee,School Principal,slee@eccrsd.us,1401 LAUREL OAK ROAD," ",VOORHEES,NJ,"=""08043-0995""",LAUREL OAK ROAD,"P. O. BOX 2500 ",VOORHEES,NJ,"=""08043-0995""",Ms.,Jacqueline,D'Auria,Anti-Bullying Specialist,,,,,"=""856-784-4441""",,,,,,,,,,,1,1,1,1,,,"=""01488""",,,
"=""07""",CAMDEN,"=""1720""",Gibbsboro Elementary School District,"=""020""",Gibbsboro Elementary School,Mr.,Jack,Marcellus,School Principal,jmarcellus@gibbsboroschool.org,37 KIRKWOOD RD," ",GIBBSBORO,NJ,"=""08026-1432""",37 KIRKWOOD RD," ",GIBBSBORO,NJ,"=""08026-1432""",Mrs.,Kelly,Sommers,Anti-Bullying Specialist,,,,,"=""856-783-1140""",1,1,1,1,1,1,1,1,1,1,,,,,,,"=""01490""",,,
"=""07""",CAMDEN,"=""1770""",Gloucester City Public School District,"=""160""",Cold Springs School,Mrs.,Jennifer,Daubert,School Principal,jdaubert@gcsd.k12.nj.us,1194 MARKET STREET," ",GLOUCESTER CITY,NJ,"=""08030""",1194 MARKET STREET," ",GLOUCESTER CITY,NJ,"=""08030""",Mrs.,Kasey,Bobo,Anti-Bullying Specialist,,,,,"=""856-456-7000""",1,1,1,1,1,,,,,,,,,,,,"=""00129""",https://www.facebook.com/gloucesterCSS,,
"=""07""",CAMDEN,"=""1770""",Gloucester City Public School District,"=""050""",Gloucester City High School,Mr.,Sean,Gorman,School Principal,sgorman@gcsd.k12.nj.us,1300 MARKET STREET," ",GLOUCESTER CITY,NJ,"=""08030""",1300 MARKET STREET," ",GLOUCESTER CITY,NJ,"=""08030""",Mrs.,Kasey,Bobo,Anti-Bullying Specialist,,,,,"=""856-456-7000""",,,,,,,,,,,1,1,1,1,,,"=""01494""",https://www.facebook.com/mightygloucesterlions,,https://x.com/GloucesterGHS
"=""07""",CAMDEN,"=""1770""",Gloucester City Public School District,"=""300""",Gloucester City Middle School,Mr.,Shane,McNichol,School Principal,smcnichol@gcsd.k12njus,500 Market Street," ",Gloucester City,NJ,"=""08030""",500 Market Street," ",Gloucester City,NJ,"=""08030""",Ms.,Kasey,Bobo,Anti-Bullying Specialist,,,,,"=""856-456-7000""",,,,,,1,1,1,1,1,,,,,,,"=""""",https://www.facebook.com/GloucesterMEC,,
"=""07""",CAMDEN,"=""1780""",Gloucester Township Public Schools,"=""100""",Ann A. Mullen Middle School,Ms.,Angela,Rose-Bounds,School Principal,arosebounds@gloucestertownshipschools.org,1400 SICKLERVILLE ROAD," ",SICKLERVILLE,NJ,"=""08081""",1400 SICKLERVILLE ROAD," ",SICKLERVILLE,NJ,"=""08081""",Ms.,Tara,Toppin,Anti-Bullying Specialist,,,,,"=""856-875-8777""",1,,,,,,,1,1,1,,,,,,,"=""00131""",,,
"=""07""",CAMDEN,"=""1780""",Gloucester Township Public Schools,"=""020""",Blackwood Elementary School,Mr.,Jacob,Lessman,School Principal,jlessman@gloucesterrtownshipschools.org,260 BLENHEIM  ERIAL RD," ",BLACKWOOD,NJ,"=""08012""",260 BLENHEIM  ERIAL RD," ",BLACKWOOD,NJ,"=""08012""",Ms.,Kathy,Goggin,Anti-Bullying Specialist,,,,,"=""856-227-9510""",,1,1,1,1,1,1,,,,,,,,,,"=""01508""",,,
"=""07""",CAMDEN,"=""1780""",Gloucester Township Public Schools,"=""035""",Charles W. Lewis Middle School,Mr.,Ted,Otten,School Principal,totten@gloucestertownshipschools.org,875 ERIAL ROAD," ",BLACKWOOD,NJ,"=""08012""",875 ERIAL ROAD," ",BLACKWOOD,NJ,"=""08012""",Ms.,Erica,Figueroa,Anti-Bullying Specialist,,,,,"=""856-227-8400""",,,,,,,,1,1,1,,,,,,,"=""01510""",,,
"=""07""",CAMDEN,"=""1780""",Gloucester Township Public Schools,"=""040""",Chews Elementary School,,Chad,Regn,School Principal,cregn@gloucestertownshipschools.org,600 CHEWSLANDING SOMERDALE RD," ",BLACKWOOD,NJ,"=""08012""",600 CHEWSLANDING SOMERDALE RD," ",BLACKWOOD,NJ,"=""08012""",Mrs.,Raylene,Aita,Anti-Bullying Specialist,,,,,"=""856-783-6607""",1,1,1,1,1,1,1,,,,,,,,,,"=""01512""",,,
"=""07""",CAMDEN,"=""1780""",Gloucester Township Public Schools,"=""050""",Erial Elementary School,Mr.,Edward,Ferguson,School Principal,eferguson@gloucestertownshipschools.org,20 ESSEX AVENUE," ",SICKLERVILLE,NJ,"=""08081""",20 ESSEX AVENUE," ",SICKLERVILLE,NJ,"=""08081""",Mrs.,Laurie,Ruben,Anti-Bullying Specialist,,,,,"=""856-627-5415""",1,1,1,1,1,1,1,,,,,,,,,,"=""01514""",,,
"=""07""",CAMDEN,"=""1780""",Gloucester Township Public Schools,"=""055""",Glen Landing Middle School,Mrs.,Takisha,Jones,School Principal,tjones@gloucestertownshipschools.org,85 LITTLE GLOUCESTER ROAD," ",BLACKWOOD,NJ,"=""08012""",85 LITTLE GLOUCESTER ROAD," ",BLACKWOOD,NJ,"=""08012""",Mr.,Susan,Sasso,Anti-Bullying Specialist,,,,,"=""856-227-3534""",1,,,,,,,1,1,1,,,,,,,"=""01516""",,,
"=""07""",CAMDEN,"=""1780""",Gloucester Township Public Schools,"=""060""",Glendora Elementary School,Mr.,Patrick,McCarthy,School Principal,pmccarthy@gloucestertownshipschools.org,201 STATION AVE," ",GLENDORA,NJ,"=""08029""",201 STATION AVE," ",GLENDORA,NJ,"=""08029""",Ms.,Samantha,Ludwig,Anti-Bullying Specialist,,,,,"=""856-939-4704""",,1,1,1,1,1,1,,,,,,,,,,"=""01518""",,,
"=""07""",CAMDEN,"=""1780""",Gloucester Township Public Schools,"=""070""",Gloucester Township Elementary School,Mr.,Nicholas,Mohrfeld,School Principal,nmohrfeld@gloucestertownshipschools.org,270 SOUTH BLACK HORSE PIKE," ",BLACKWOOD,NJ,"=""08012-2996""",270 SOUTH BLACK HORSE PIKE," ",BLACKWOOD,NJ,"=""08012-2996""",Ms.,Diana,Trasatti,Anti-Bullying Specialist,,,,,"=""856-227-8845""",,1,1,1,1,1,1,,,,,,,,,,"=""01520""",,,
"=""07""",CAMDEN,"=""1780""",Gloucester Township Public Schools,"=""085""",James W. Lilley Elementary School,Mr.,Robert,Holmes,School Principal,rholmes@gloucestertownshipschools.org,1275 WILLIAMSTOWN ROAD," ",ERIAL,NJ,"=""08081""",1275 WILLIAMSTOWN ROAD," ",ERIAL,NJ,"=""08081""",Ms.,Heather,Hollywood,Anti-Bullying Specialist,,,,,"=""856-875-0991""",,1,1,1,1,1,1,,,,,,,,,,"=""05995""",,,
"=""07""",CAMDEN,"=""1780""",Gloucester Township Public Schools,"=""090""",Loring Flemming Elementary School,Mrs.,Tiffani,Gordon,School Principal,tgordon@gloucestertownshipschools.org,135 LITTLE GLOUCESTER RD," ",BLACKWOOD,NJ,"=""08012-3311""",135 LITTLE GLOUCESTER RD," ",BLACKWOOD,NJ,"=""08012-3311""",Mrs.,Corinne,Haverluk,Anti-Bullying Specialist,,,,,"=""856-227-4045""",,1,1,1,1,1,1,,,,,,,,,,"=""01524""",,,
"=""07""",CAMDEN,"=""1780""",Gloucester Township Public Schools,"=""180""",Union Valley Elementary School,Ms.,Tracy,Elwell,School Principal,telwell@gloucestertownshipschools.org,1300 JARVIS ROAD," ",SICKLERVILLE,NJ,"=""08081""",1300 JARVIS ROAD," ",SICKLERVILLE,NJ,"=""08081""",Ms.,Carrie,Marchesani,Anti-Bullying Specialist,,,,,"=""856-309-5031""",1,1,1,1,1,1,1,,,,,,,,,,"=""00428""",,,
"=""07""",CAMDEN,"=""1880""",HADDON HEIGHTS School District,"=""080""",Atlantic Avenue,Mrs.,Rebecca,Wrentzel,School Principal,wrentzelr@gogarnets.com,21 East Atlantic Avenue," ",HADDON HEIGHTS,NJ,"=""08035""",21 East Atlantic Avenue," ",HADDON HEIGHTS,NJ,"=""08035""",Mrs.,Dana,Mecca,Anti-Bullying Specialist,,,,,"=""856-547-0630""",1,1,1,1,,,,,,,,,,,,,"=""01534""",,,
"=""07""",CAMDEN,"=""1880""",HADDON HEIGHTS School District,"=""060""",Glenview Avenue,Mr.,Eric,Rosen,School Principal,rosene@gogarnets.com,1700 Sycamore Street," ",HADDON HEIGHTS,NJ,"=""08035""",1700 Sycamore Street," ",HADDON HEIGHTS,NJ,"=""08035""",Ms.,Marissa,May,Anti-Bullying Specialist,,,,,"=""856-547-7647""",,1,1,1,1,1,1,1,,,,,,,,,"=""01530""",,,
"=""07""",CAMDEN,"=""1880""",HADDON HEIGHTS School District,"=""050""",Haddon Heights Jr./Sr. High School,Mr.,Warren,Danenza,School Principal,danenzaw@gogarnets.com,301 SECOND AVENUE," ",HADDON HEIGHTS,NJ,"=""08035""",301 SECOND AVENUE," ",HADDON HEIGHTS,NJ,"=""08035""",Ms.,Jennifer,Esposito,Anti-Bullying Specialist,,,,,"=""856-547-1920""",,,,,,,,,1,1,1,1,1,1,,,"=""01528""",,,
"=""07""",CAMDEN,"=""1880""",HADDON HEIGHTS School District,"=""090""",Seventh Avenue,Mrs.,Rebecca,Wrentzel,School Principal,wrentzelr@gogarnets.com,316 Seventh Avenue," ",HADDON HEIGHTS,NJ,"=""08035""",316 Seventh Avenue," ",HADDON HEIGHTS,NJ,"=""08035""",Mrs.,Dana,Mecca,Anti-Bullying Specialist,,,,,"=""856-547-0610""",,,,,1,1,1,1,,,,,,,,,"=""01536""",,,
"=""07""",CAMDEN,"=""1890""",Haddon Township School District,"=""070""",Clyde S. Jennings Elementary School,Mrs.,Lori,Massey,School Principal,lmassey@htsd.us,100 CEDAR AVENUE," ",OAKLYN,NJ,"=""08107""",100 CEDAR AVENUE," ",OAKLYN,NJ,"=""08107""",Mrs.,Lisa,Cronin,Anti-Bullying Specialist,,,,,"=""856-869-7720""",,1,1,1,1,1,1,,,,,,,,,,"=""01544""",https://www.facebook.com/haddontwpschools,https://www.instagram.com/haddontwpschools,https://x.com/_htsd
"=""07""",CAMDEN,"=""1890""",Haddon Township School District,"=""050""",Haddon Township High School,Mr.,Kevin,Greway,School Principal,kgreway@htsd.us,406 MEMORIAL AVENUE," ",WESTMONT,NJ,"=""08108-3398""",406 MEMORIAL AVENUE," ",WESTMONT,NJ,"=""08108-3398""",Mr.,Melvin,Allen,Anti-Bullying Specialist,,,,,"=""856-869-7750""",,,,,,,,,,,1,1,1,1,,,"=""01540""",https://www.facebook.com/haddontwpschools,https://www.instagram.com/haddontwpschools,https://x.com/_htsd
"=""07""",CAMDEN,"=""1890""",Haddon Township School District,"=""080""",Stoy Elementary School,Mrs.,Lori,Massey,School Principal,lmassey@htsd.us,206 BRIARWOOD AVENUE," ",HADDONFIELD,NJ,"=""08033""",206 BRIARWOOD AVENUE," ",HADDONFIELD,NJ,"=""08033""",Mrs.,Laura,Roberts,Anti-Bullying Specialist,,,,,"=""856-869-7725""",1,1,1,1,1,1,1,,,,,,,,,,"=""01546""",https://www.facebook.com/haddontwpschools,https://www.instagram.com/haddontwpschools,https://x.com/_htsd
"=""07""",CAMDEN,"=""1890""",Haddon Township School District,"=""090""",Strawbridge Elementary School,Ms.,Caroline,Lunsford,School Principal,clunsford@htsd.us,307 STRAWBRIDGE AVENUE," ",WESTMONT,NJ,"=""08108""",307 STRAWBRIDGE AVENUE," ",WESTMONT,NJ,"=""08108""",Mr.,James,Bonder,Anti-Bullying Specialist,,,,,"=""856-869-7735""",,1,1,1,1,1,1,,,,,,,,,,"=""01548""",https://www.facebook.com/haddontwpschools,https://www.instagram.com/haddontwpschools,https://x.com/_htsd
"=""07""",CAMDEN,"=""1890""",Haddon Township School District,"=""060""",Thomas A. Edison Elementary School,Ms.,Caroline,Lunsford,School Principal,clunsford@htsd.us,205 MELROSE AVENUE," ",WESTMONT,NJ,"=""08108""",205 MELROSE AVENUE," ",WESTMONT,NJ,"=""08108""",Mrs.,Jessica,Lundgren,Anti-Bullying Specialist,,,,,"=""856-869-7715""",1,1,1,1,1,1,1,,,,,,,,,,"=""01542""",https://www.facebook.com/haddontwpschools,https://www.instagram.com/haddontwpschools,https://x.com/_htsd
"=""07""",CAMDEN,"=""1890""",Haddon Township School District,"=""100""",Van Sciver Elementary School,Mr.,Don,Pullano,School Principal,dpullano@htsd.us,625 RHOADS AVENUE," ",HADDONFIELD,NJ,"=""08033""",625 RHOADS AVENUE," ",HADDONFIELD,NJ,"=""08033""",Mr.,Sean,Hengst,Anti-Bullying Specialist,,,,,"=""856-869-7730""",1,1,1,1,1,1,1,,,,,,,,,,"=""01550""",https://www.facebook.com/haddontwpschools,https://www.instagram.com/haddontwpschools,https://x.com/_htsd
"=""07""",CAMDEN,"=""1890""",Haddon Township School District,"=""110""",William G. Rohrer Middle School,Mr.,Andrew,Sweicicki,School Principal,asweicicki@htsd.us,101 MACARTHUR BOULEVARD," ",WESTMONT,NJ,"=""08108""",101 MACARTHUR BOULEVARD," ",WESTMONT,NJ,"=""08108""",Ms.,Christine,Hubbert,Anti-Bullying Specialist,,,,,"=""856-869-7770""",,,,,,,,1,1,1,,,,,,,"=""00707""",https://www.facebook.com/haddontwpschools,https://www.instagram.com/haddontwpschools,https://x.com/_htsd
"=""07""",CAMDEN,"=""1900""",Haddonfield School District,"=""060""",Central School,Mrs.,Shannon,Simkus,School Principal,simkus@haddonfield.k12.nj.us,THREE LINCOLN AVENUE," ",HADDONFIELD,NJ,"=""08033""",THREE LINCOLN AVENUE," ",HADDONFIELD,NJ,"=""08033""",Ms.,Brielle,Alexander,Anti-Bullying Specialist,,,,,"=""856-429-5851""",1,1,1,1,1,1,1,,,,,,,,,,"=""01556""",,,
"=""07""",CAMDEN,"=""1900""",Haddonfield School District,"=""080""",Elizabeth Haddon School,Mr.,Gerry,Bissinger,School Principal,gbissinger@haddonfield.k12.nj.us,501 WEST REDMAN AVENUE," ",HADDONFIELD,NJ,"=""08033""",501 WEST REDMAN AVENUE," ",HADDONFIELD,NJ,"=""08033""",Ms.,Diane,Wallace,Anti-Bullying Specialist,,,,,"=""856-429-0811""",1,1,1,1,1,1,1,,,,,,,,,,"=""01560""",,,
"=""07""",CAMDEN,"=""1900""",Haddonfield School District,"=""050""",Haddonfield Memorial High School,Mrs.,Tammy,McHale,School Principal,tmchale@haddonfield.k12.nj.us,401 KINGS HIGHWAY EAST," ",HADDONFIELD,NJ,"=""08033-1206""",401 KINGS HIGHWAY EAST," ",HADDONFIELD,NJ,"=""08033-1206""",Mrs.,Rachel,Gould,Anti-Bullying Specialist,,,,,"=""856-429-3960""",,,,,,,,,,,1,1,1,1,,,"=""01554""",,,
"=""07""",CAMDEN,"=""1900""",Haddonfield School District,"=""070""",Haddonfield Middle School,Mr.,Michael,Mchale,School Principal,mchale@haddonfield.k12.nj.us,FIVE LINCOLN AVENUE," ",HADDONFIELD,NJ,"=""08033""",FIVE LINCOLN AVENUE," ",HADDONFIELD,NJ,"=""08033""",Ms.,Emmalene,Probst,Anti-Bullying Specialist,,,,,"=""856-429-5851""",,,,,,,,1,1,1,,,,,,,"=""01558""",,,
"=""07""",CAMDEN,"=""1900""",Haddonfield School District,"=""090""",J. Fithian Tatem School,Ms.,Donnetta,Beatty,School Principal,dbeatty@haddonfield.k12.nj.us,ONE GLOVER AVENUE," ",HADDONFIELD,NJ,"=""08033""",ONE GLOVER AVENUE," ",HADDONFIELD,NJ,"=""08033""",Mrs.,Mary,Hall,Anti-Bullying Specialist,,,,,"=""856-429-0902""",1,1,1,1,1,1,1,,,,,,,,,,"=""01562""",,,
"=""07""",CAMDEN,"=""1799""","KIPP: Cooper Norcross, A New Jersey Nonprofit Corporation","=""111""","KIPP: Cooper Norcross, A New Jersey Nonprofit Corporation",Mr.,Ryan,Hill,Chief School Administrator,rhill@kippnj.org,525 Clinton Street," ",Camden,NJ,"=""08103""",60 Park Place,"Suite 802 ",Newark,NJ,"=""07102""",Mr.,Marc,Tan,Anti-Bullying Specialist,,,,,"=""973-622-0905""",,1,1,1,1,1,1,1,1,1,1,1,1,1,,,"=""""",,,
"=""07""",CAMDEN,"=""2540""",Laurel Springs School District,"=""050""",Laurel Springs School,Mr.,Heather,Dunham,School Principal,hdunham@laurelspringschool.org,623 GRAND AVENUE," ",LAUREL SPRINGS,NJ,"=""08021""",623 GRAND AVENUE," ",LAUREL SPRINGS,NJ,"=""08021""",Mrs.,Julie,Knipfer,Anti-Bullying Specialist,Ms.,Lisa,Corrigan,School Homeless Liaison,"=""856-783-1086""",1,1,1,1,1,1,1,1,,,,,,,,,"=""01566""",,,
"=""07""",CAMDEN,"=""2560""",Lawnside School District,"=""060""",Lawnside School District,Dr.,Ronn,Johnson,School Administrator,ronnjohnson@lawnside.k12.nj.us,426 EAST CHARLESTON AVE," ",LAWNSIDE,NJ,"=""08045-1404""",426 EAST CHARLESTON AVE," ",LAWNSIDE,NJ,"=""08045-1404""",Ms.,Niphon,Kirk,Anti-Bullying Specialist,Mrs.,Carmen,Henderson,School Homeless Liaison,"=""856-546-4850""",1,1,1,1,1,1,1,1,1,1,,,,,,,"=""01572""",,,
"=""07""",CAMDEN,"=""2670""",Lindenwold Public School District,"=""301""",Early Childhood Center,Mr.,Jeffrey,Patterson,School Principal,jpatterson@lindenwold.k12.nj.us,809 Egg Harbor Road," ",Lindenwold,NJ,"=""08021""",809 Egg Harbor Road," ",Lindenwold,NJ,"=""08021""",Ms.,Denise,Vogel,Anti-Bullying Specialist,,,,,"=""856-783-1499""",1,1,1,,,,,,,,,,,,,,"=""""",,,
"=""07""",CAMDEN,"=""2670""",Lindenwold Public School District,"=""005""",Lindenwold High School,Mr.,Fred,Geardino,School Principal,fgeardino@lindenwold.k12.nj.us,801 Egg Harbor Road," ",Lindenwold,NJ,"=""08021""",801 Egg Harbor Road," ",Lindenwold,NJ,"=""08021""",Ms.,Allyson,Chiaccio,Anti-Bullying Specialist,,,,,"=""856-741-0320""",,,,,,,,,,,1,1,1,1,,,"=""00429""",,,
"=""07""",CAMDEN,"=""2670""",Lindenwold Public School District,"=""090""",Lindenwold Middle School,Mr.,Joseph,Tabasco,School Principal,jtabasco@lindenwold.k12.nj.us,40 WHITE HORSE AVENUE," ",LINDENWOLD,NJ,"=""08021""",40 WHITE HORSE AVENUE," ",LINDENWOLD,NJ,"=""08021""",Ms.,Kimberly,Rapattoni,Anti-Bullying Specialist,,,,,"=""856-346-3330""",,,,,,,,1,1,1,,,,,,,"=""00431""",,,
"=""07""",CAMDEN,"=""2670""",Lindenwold Public School District,"=""050""",Lindenwold School Five,Ms.,Amber,Gresik-Callow,Interim Principal,agresik-callow@lindenwold.k12.nj.us,550 Chews Landing Rd.," ",LINDENWOLD,NJ,"=""08021""",550 Chews Landing Rd.," ",LINDENWOLD,NJ,"=""08021""",Ms.,Jennifer,Bailey,Anti-Bullying Specialist,,,,,"=""856-784-4063""",,,,,,1,1,,,,,,,,,,"=""01580""",,,
"=""07""",CAMDEN,"=""2670""",Lindenwold Public School District,"=""040""",Lindenwold School Four,Dr.,Sandra,Preyor,School Principal,spreyor@lindenwold.k12.nj.us,900 Gibbsboro Rd.," ",LINDENWOLD,NJ,"=""08021""",900 Gibbsboro Rd.," ",LINDENWOLD,NJ,"=""08021""",Ms.,Yvonne,Lipscomb,Anti-Bullying Specialist,,,,,"=""856-783-0405""",,,,1,1,,,,,,,,,,,,"=""01578""",,,
"=""07""",CAMDEN,"=""2890""",Magnolia School District,"=""050""",Magnolia,Mr.,Paul,Sorrentino,School Principal,psorrentino@magnoliaschools.org,420 NORTH WARWICK RD," ",MAGNOLIA,NJ,"=""08049-1320""",420 NORTH WARWICK RD," ",MAGNOLIA,NJ,"=""08049-1320""",Mrs.,Lezley,Turnbull,Anti-Bullying Specialist,Mrs.,Lezley,Turnbull,School Homeless Liaison,"=""856-783-4763""",1,1,1,1,1,1,1,1,1,1,,,,,,,"=""01592""",,https://www.instagram.com/magnolianjmustangs,
"=""07""",CAMDEN,"=""1802""","Mastery Schools of Camden, Inc.","=""112""","Mastery Schools of Camden, Inc.",,Maurice,Towns,School Lead,Maurice.Towns@masterycharter.org,1001 North 17th Street," ",Camden,NJ,"=""08105""",1001 North 17th Street," ",Camden,NJ,"=""08105""",,Saliyah,Cruz,Anti-Bullying Specialist,Ms.,Faith,King,School Homeless Liaison,"=""856-726-0027""",,1,1,1,1,1,1,1,1,1,1,1,1,1,,,"=""""",,,
"=""07""",CAMDEN,"=""3110""",Merchantville School District,"=""060""",Merchantville Elementary School,Mr.,Vincent,Palmieri,Chief School Administrator,palmieri@merchantville.k12.nj.us,130 S CENTRE ST," ",MERCHANTVILLE,NJ,"=""08109-2207""",130 S CENTRE ST," ",MERCHANTVILLE,NJ,"=""08109-2207""",Mrs.,Rachel,Spahr,Anti-Bullying Specialist,,,,,"=""856-663-1091""",1,1,1,1,1,1,1,1,1,1,,,,,,,"=""01594""",,,
"=""07""",CAMDEN,"=""3420""",Mt. Ephraim School District,"=""030""",Mary Bray Elementary School,Ms.,Jennifer,Schoepflin,School Principal,jschoepflin@mtephraimschools.com,225 WEST KINGS HIGHWAY," ",MOUNT EPHRAIM,NJ,"=""08059-1803""",225 WEST KINGS HIGHWAY," ",MOUNT EPHRAIM,NJ,"=""08059-1803""",Mrs.,Courtney,Cairns,Anti-Bullying Specialist,,,,,"=""856-931-7807""",1,1,1,1,1,1,,,,,,,,,,,"=""01600""",,,
"=""07""",CAMDEN,"=""3420""",Mt. Ephraim School District,"=""020""",Raymond W. Kershaw School,Mr.,Michael,Hunter,School Principal,mhunter@mtephraimschools.com,125 SOUTH BLACK HORSE PIKE," ",MOUNT EPHRAIM,NJ,"=""08059-1803""",125 SOUTH BLACK HORSE PIKE," ",MOUNT EPHRAIM,NJ,"=""08059-1803""",Mrs.,Kristina,Podolski,Anti-Bullying Specialist,,,,,"=""856-931-1634""",1,,,,,,1,1,1,1,,,,,,,"=""01598""",,,
"=""07""",CAMDEN,"=""3770""",Oaklyn Public School District,"=""050""",Oaklyn Public School,Ms.,Jennifer,Boulden,School Principal,jboulden@oaklynschool.org,136 KENDALL BLVD," ",OAKLYN,NJ,"=""08107""",136 KENDALL BLVD," ",OAKLYN,NJ,"=""08107""",Ms.,Vivian,Barnett,Anti-Bullying Specialist,,,,,"=""856-858-0335""",1,1,1,1,1,1,1,,,,,,,,,,"=""01604""",,,
"=""07""",CAMDEN,"=""4060""",Pennsauken Township Board of Education School District,"=""300""",A.E. Burling High School,Dr.,Michael,McCoach,School Principal,michael.mccoach@pennsauken.net,3600 Harris Avenue," ",Pennsauken,NJ,"=""08110""",3600 Harris Avenue," ",Pennsauken,NJ,"=""08110""",Mr.,Michael,McCoach,Anti-Bullying Specialist,,,,,"=""856-662-8505""",,,,,,,,1,1,1,1,1,1,1,,,"=""03465""",,,
"=""07""",CAMDEN,"=""4060""",Pennsauken Township Board of Education School District,"=""090""",Baldwin Elementary School,Mrs.,Dana,Gery,School Principal,dgery@pennsauken.net,41ST & SHARON TERRACE," ",PENNSAUKEN,NJ,"=""08110""",41ST & SHARON TERRACE," ",PENNSAUKEN,NJ,"=""08110""",Mrs.,Dana,Gery,Anti-Bullying Specialist,,,,,"=""856-662-8464""",1,,,,,,,,,,,,,,,,"=""01622""",,,
"=""07""",CAMDEN,"=""4060""",Pennsauken Township Board of Education School District,"=""100""",Benjamin Franklin Elementary School,Mrs.,Susan,Galloza,School Principal,sgalloza@pennsauken.net,7201 IRVING AVENUE," ",PENNSAUKEN,NJ,"=""08109-3173""",7201 IRVING AVENUE," ",PENNSAUKEN,NJ,"=""08109-3173""",Mrs.,Susan,Galloza,Anti-Bullying Specialist,,,,,"=""856-662-6455""",1,1,1,1,1,,,,,,,,,,,,"=""01624""",,,
"=""07""",CAMDEN,"=""4060""",Pennsauken Township Board of Education School District,"=""120""",Delair Elementary School,Mrs.,Rosalyn,Lawrence,School Principal,rlawrence@pennsauken.net,850 DEROUSSE AVENUE," ",DELAIR,NJ,"=""08110-3411""",850 DEROUSSE AVENUE," ",DELAIR,NJ,"=""08110-3411""",Mrs.,Rosalyn,Lawrence,Anti-Bullying Specialist,,,,,"=""856-662-6164""",1,1,1,1,1,,,,,,,,,,,,"=""01630""",,,
"=""07""",CAMDEN,"=""4060""",Pennsauken Township Board of Education School District,"=""130""",G.H. Carson Elementary School,Mrs.,Diane,Joyce,School Principal,djoyce@pennsauken.net,4150 GARFIELD AVENUE," ",PENNSAUKEN,NJ,"=""08109""",4150 GARFIELD AVENUE," ",PENNSAUKEN,NJ,"=""08109""",Mrs.,Diane,Joyce,Anti-Bullying Specialist,,,,,"=""856-662-5751""",1,1,1,1,1,,,,,,,,,,,,"=""01632""",,,
"=""07""",CAMDEN,"=""4060""",Pennsauken Township Board of Education School District,"=""140""",George B. Fine Elementary School,Mrs.,Tanya,Harmon,School Principal,tharmon@pennsauken.net,3800 GLADWYN AVE," ",PENNSAUKEN,NJ,"=""08109-3415""",3800 GLADWYN AVE," ",PENNSAUKEN,NJ,"=""08109-3415""",Mrs.,Tanya,Harmon,Anti-Bullying Specialist,,,,,"=""856-662-8568""",1,1,1,1,1,,,,,,,,,,,,"=""01634""",,,
"=""07""",CAMDEN,"=""4060""",Pennsauken Township Board of Education School District,"=""055""",Howard M. Phifer Middle School,Mr.,Jonathan,Reising,School Principal,jon.reising@pennsauken.net,8201 PARK AVE," ",PENNSAUKEN,NJ,"=""08109-3544""",8201 PARK AVE," ",PENNSAUKEN,NJ,"=""08109-3544""",Mr.,Jonathan,Reising,Anti-Bullying Specialist,,,,,"=""856-662-8511""",,,,,,,,1,1,1,,,,,,,"=""01612""",,,
"=""07""",CAMDEN,"=""4060""",Pennsauken Township Board of Education School District,"=""050""",Pennsauken High School,Dr.,Gary,Lowery,School Principal,gary.lowery@pennsauken.net,800 HYLTON ROAD," ",PENNSAUKEN,NJ,"=""08110""",800 HYLTON ROAD," ",PENNSAUKEN,NJ,"=""08110""",Dr.,Gary,Lowery,Anti-Bullying Specialist,,,,,"=""856-662-8500""",,,,,,,,,,,1,1,1,1,,,"=""01610""",,,
"=""07""",CAMDEN,"=""4060""",Pennsauken Township Board of Education School District,"=""175""",Pennsauken Intermediate School,Mrs.,Jenean,Swain,School Principal,jenean.swain@pennsauken.net,8125 PARK AVENUE," ",PENNSAUKEN,NJ,"=""08109""",8125 PARK AVENUE," ",PENNSAUKEN,NJ,"=""08109""",Mrs.,Jenean,Swain,Anti-Bullying Specialist,,,,,"=""856-662-8501""",,,,,,1,1,,,,,,,,,,"=""00493""",,,
"=""07""",CAMDEN,"=""4060""",Pennsauken Township Board of Education School District,"=""180""",Roosevelt Science Technology Engineering and Mathematics (ST,Mr.,Chad,Deitch,School Principal,cdeitch@pennsauken.net,5526 WISTERIA AVE," ",PENNSAUKEN,NJ,"=""08109-1242""",5526 WISTERIA AVE," ",PENNSAUKEN,NJ,"=""08109-1242""",Mr.,Chad,Deitch,Anti-Bullying Specialist,,,,,"=""856-662-8141""",,1,1,1,1,1,1,1,1,1,,,,,,,"=""01638""",,,
"=""07""",CAMDEN,"=""4110""",Pine Hill School District,"=""060""",Dr. Albert M. Bean School,Mr.,Daniel,Schuster,School Principal,dschuster@pinehillschools.org,70 E THIRD AVE," ",PINE HILL,NJ,"=""08021-6204""",70 E THIRD AVE," ",PINE HILL,NJ,"=""08021-6204""",Ms.,Dana,Degrande,Anti-Bullying Specialist,,,,,"=""856-783-5300""",1,1,1,1,1,1,,,,,,,,,,,"=""01642""",,,
"=""07""",CAMDEN,"=""4110""",Pine Hill School District,"=""070""",John H. Glenn School,Ms.,Fawn,Mutschler,School Principal,fmutschler@pinehillschools.org,1005 TURNERVILLE RD," ",PINE HILL,NJ,"=""08021-6526""",1005 TURNERVILLE RD," ",PINE HILL,NJ,"=""08021-6526""",Ms.,Fawn,Mutschler,Anti-Bullying Specialist,,,,,"=""856-783-4100""",1,1,1,1,1,1,,,,,,,,,,,"=""01644""",,,
"=""07""",CAMDEN,"=""4110""",Pine Hill School District,"=""010""",Overbrook Senior High School,Mr.,John,Carullo,School Principal,jcarullo@pinehillschools.org,1200 TURNERVILLE ROAD," ",PINE HILL,NJ,"=""08021""",1200 TURNERVILLE ROAD," ",PINE HILL,NJ,"=""08021""",Ms.,Aleah,Braxton,Anti-Bullying Specialist,,,,,"=""856-767-8000""",,,,,,,,,,,1,1,1,1,,,"=""00432""",,,
"=""07""",CAMDEN,"=""4110""",Pine Hill School District,"=""100""",Pine Hill Middle School,Ms.,Pia,Garbutt,School Principal,pgarbutt@pinehillschools.org,1100 TURNERVILLE ROAD," ",PINE HILL,NJ,"=""08021""",1100 TURNERVILLE ROAD," ",PINE HILL,NJ,"=""08021""",Mrs.,Brittany,Adams,Anti-Bullying Specialist,,,,,"=""856-210-0200""",,,,,,,1,1,1,1,,,,,,,"=""00433""",,,
"=""07""",CAMDEN,"=""4590""",Runnemede Public School District,"=""020""",Aline Bingham Elementary School,Ms.,Jade,Yezzi,School Principal,jyezzi@runnemedeschools.org,100 FIRST & ORCHARD AVE," ",RUNNEMEDE,NJ,"=""08078""",FIRST & ORCHARD AVE," ",RUNNEMEDE,NJ,"=""08078""",Mrs.,Kristin,Callahan,Anti-Bullying Specialist,,,,,"=""856-939-3192""",1,1,1,1,1,,,,,,,,,,,,"=""01650""",,,
"=""07""",CAMDEN,"=""4590""",Runnemede Public School District,"=""030""",Grade Downing Elementary School,Mrs.,Jade,Yezzi,School Principal,jyezzi@runnemedeschools.org,3RD & CENTRAL AVES," ",RUNNEMEDE,NJ,"=""08078""",3RD & CENTRAL AVES," ",RUNNEMEDE,NJ,"=""08078""",Mrs.,Kristin,Callahan,Anti-Bullying Specialist,,,,,"=""856-939-4036""",,1,1,1,1,,,,,,,,,,,,"=""01652""",,,
"=""07""",CAMDEN,"=""4590""",Runnemede Public School District,"=""040""",Mary E. Volz Elementary School,Mr.,Steve,Pili,School Principal,spili@runnemedeschools.org,509 WEST THIRD AVENUE," ",RUNNEMEDE,NJ,"=""08078""",509 WEST THIRD AVENUE," ",RUNNEMEDE,NJ,"=""08078""",Mrs.,Dana,Amorosi,Anti-Bullying Specialist,,,,,"=""856-931-5353""",1,,,,,1,1,1,1,1,,,,,,,"=""01654""",,,
"=""07""",CAMDEN,"=""4790""",Somerdale School District,"=""020""",Somerdale Park School,Mr.,Robert,Ford,School Principal,rford@somerdale-park.org,301 GRACE STREET," ",SOMERDALE,NJ,"=""08083""",301 GRACE STREET," ",SOMERDALE,NJ,"=""08083""",Ms.,Amanda,Schwartz,Anti-Bullying Specialist,,,,,"=""856-783-6261""",1,1,1,1,1,1,1,1,1,1,,,,,,,"=""01660""",,,
"=""07""",CAMDEN,"=""5035""",Sterling Regional School District,"=""050""",Sterling High School,Mr.,Jarod,Claybourn,School Principal,jclaybourn@sterling.k12.nj.us,501 South Warwick Road," ",Somerdale,NJ,"=""08083-2175""",501 South Warwick Road," ",Somerdale,NJ,"=""08083-2175""",Ms.,Nicole,Speigel,Anti-Bullying Specialist,Ms.,Rachel,Ravior,School Homeless Liaison,"=""856-784-1333""",,,,,,,,,,,1,1,1,1,,,"=""01662""",https://www.facebook.com/SterlingSilverKnights,https://www.instagram.com/shsprincipalgks,
"=""07""",CAMDEN,"=""5080""",Stratford School District,"=""045""",Parkview Elementary School,Mr.,Brian,Blumenstein,School Principal,blumensteinb@stratford.k12.nj.us,123 PARKVIEW RD," ",STRATFORD,NJ,"=""08084""",123 PARKVIEW RD," ",STRATFORD,NJ,"=""08084""",Mrs.,Katherine,Gonzalez,Anti-Bullying Specialist,,,,,"=""856-783-2876""",1,1,1,1,1,,,,,,,,,,,,"=""01666""",,,
"=""07""",CAMDEN,"=""5080""",Stratford School District,"=""060""",Samuel S. Yellin Elementary School,Mrs.,Caitlin,Holloway,School Principal,hollowayc@stratfordschools.org,111 WARWICK ROAD," ",STRATFORD,NJ,"=""08084""",111 WARWICK ROAD," ",STRATFORD,NJ,"=""08084""",Ms.,Rachelle,Quick,Anti-Bullying Specialist,,,,,"=""856-783-1094""",,,,,,1,1,1,1,1,,,,,,,"=""01670""",,,
"=""07""",CAMDEN,"=""5400""",Voorhees Township School District,"=""020""",Edward T. Hamilton,Mrs.,Mary,Tadley,School Principal,tadley@voorhees.k12.nj.us,1 Boundary Lane," ",VOORHEES,NJ,"=""08043-9545""",23 Northgate Drive," ",VOORHEES,NJ,"=""08043-9545""",Mr.,Derek,Myers,Anti-Bullying Specialist,,,,,"=""856-767-4888""",,1,1,1,1,1,1,,,,,,,,,,"=""01678""",,,
"=""07""",CAMDEN,"=""5400""",Voorhees Township School District,"=""055""",Kresson School,Mrs.,Stacey,Morris,School Principal,morris@voorhees.k12.nj.us,7 SCHOOL LANE," ",VOORHEES,NJ,"=""08043-9545""",7 SCHOOL LANE," ",VOORHEES,NJ,"=""08043-9545""",Mrs.,Maureen,Boyle,Anti-Bullying Specialist,,,,,"=""856-424-1816""",1,1,1,1,1,1,1,,,,,,,,,,"=""01678""",,,
"=""07""",CAMDEN,"=""5400""",Voorhees Township School District,"=""090""",Osage School,Mr.,Robert,Cranmer,School Principal,cranmer@voorhees.k12.nj.us,112 Somerdale Road," ",VOORHEES,NJ,"=""08043-9545""",112 Somerdale Road," ",VOORHEES,NJ,"=""08043-9545""",Mrs.,Auda,Aquino,Anti-Bullying Specialist,,,,,"=""856-428-2990""",,1,1,1,1,1,1,,,,,,,,,,"=""01680""",,,
"=""07""",CAMDEN,"=""5400""",Voorhees Township School District,"=""095""",Signal Hill School,Mrs.,Lauren,Salls,School Principal,salls@voorhees.k12.nj.us,33 Signal Hill Drive," ",VOORHEES,NJ,"=""08043-9545""",33 Signal Hill Drive," ",VOORHEES,NJ,"=""08043-9545""",Mrs.,Amanda,Dariano,Anti-Bullying Specialist,,,,,"=""856-767-6749""",,1,1,1,1,1,1,,,,,,,,,,"=""06061""",,,
"=""07""",CAMDEN,"=""5400""",Voorhees Township School District,"=""300""",Voorhees Early Childhood Development Center,Ms.,Lynette,Lewis,School Principal,lewisl@voorhees.k12.nj.us,250 Haddonfield-Berlin Road," ",Gibbsboro,NJ,"=""08026""",250 Haddonfield-Berlin Road," ",Gibbsboro,NJ,"=""08026""",Ms.,Kate,Cardente,Anti-Bullying Specialist,,,,,"=""856-528-2410""",1,,,,,,,,,,,,,,,,"=""""",,,
"=""07""",CAMDEN,"=""5400""",Voorhees Township School District,"=""100""",Voorhees Middle School,Ms.,Alecia,Inge,School Principal,inge@voorhees.k12.nj.us,1000 HOLLY OAK DR," ",VOORHEES,NJ,"=""08043""",1000 HOLLY OAK DR," ",VOORHEES,NJ,"=""08043""",Mr.,Steven,Boianelli,Anti-Bullying Specialist,,,,,"=""856-795-2025""",,,,,,,,1,1,1,,,,,,,"=""01682""",,,
"=""07""",CAMDEN,"=""5560""",Waterford Township School District,"=""040""",Atco Elementary School,Ms.,Heather,Kondas,School Principal,hkondas@wtsd.org,2162 Cooper Road," ",Atco,NJ,"=""08004-1033""",2162 Cooper Road," ",Atco,NJ,"=""08004-1033""",Mr.,Ryan,Ciavaglia,Anti-Bullying Specialist,,,,,"=""856-767-4200""",,,1,1,,,,,,,,,,,,,"=""01686""",,,
"=""07""",CAMDEN,"=""5560""",Waterford Township School District,"=""060""",Thomas Richards Early Childhood Center,Mr.,Patrick,Davidson,School Principal,pdavidson@wtsd.org,934 Lincoln Avenue," ",Atco,NJ,"=""08004-1325""",934 Lincoln Avenue," ",Atco,NJ,"=""08004-1325""",Mr.,Ryan,Ciavaglia,Anti-Bullying Specialist,,,,,"=""856-767-2421""",1,1,,,,,,,,,,,,,,,"=""05924""",,,
"=""07""",CAMDEN,"=""5560""",Waterford Township School District,"=""100""",Waterford Elementary School,Ms.,Christine,Manna,School Principal,cmanna@wtsd.org,1106 Old White Horse Pike," ",Waterford,NJ,"=""08089-1816""",1106 Old White Horse Pike," ",Waterford,NJ,"=""08089-1816""",Mr.,Ryan,Ciavaglia,Anti-Bullying Specialist,,,,,"=""856-767-8293""",,,,,1,1,1,1,,,,,,,,,"=""06011""",,,
"=""07""",CAMDEN,"=""5820""",Winslow Township School District,"=""300""",Winslow Township Early Childhood Education Center,Mrs.,Denise,Barr,School Principal,barrde@winslow-schools.com,511 Edwards Ave," ",Chesilhurst,NJ,"=""08089""",511 Edwards Ave," ",Chesilhurst,NJ,"=""08089""",Mrs.,Laura,Duca,Anti-Bullying Specialist,,,,,"=""856-846-6911""",1,,,,,,,,,,,,,,,,"=""06173""",,,
"=""07""",CAMDEN,"=""5820""",Winslow Township School District,"=""070""",Winslow Township Elementary School Five,Dr.,Nython,Carter,School Principal,carterny@winslow-schools.com,130 OAK LEAF ROAD," ",BERLIN,NJ,"=""08009""",130 OAK LEAF ROAD," ",BERLIN,NJ,"=""08009""",Ms.,Dana,Bredell,Anti-Bullying Specialist,,,,,"=""609-728-9445""",,,,,,1,1,1,,,,,,,,,"=""06062""",,,
"=""07""",CAMDEN,"=""5820""",Winslow Township School District,"=""060""",Winslow Township Elementary School Four,Ms.,Lori,Kelly,School Principal,kellylo@winslow-schools.com,541 KALI ROAD," ",SICKLERVILLE,NJ,"=""08081""",541 KALI ROAD," ",SICKLERVILLE,NJ,"=""08081""",Mrs.,Laura,Duca,Anti-Bullying Specialist,,,,,"=""609-728-2440""",1,1,1,1,1,,,,,,,,,,,,"=""01698""",,,
"=""07""",CAMDEN,"=""5820""",Winslow Township School District,"=""030""",Winslow Township Elementary School One,Mr.,Nathan,Davis,School Principal,davisna@winslow-schools.com,413 INSKIP ROAD," ",BLUE ANCHOR,NJ,"=""08037-9511""",413 INSKIP ROAD," ",BLUE ANCHOR,NJ,"=""08037-9511""",Mrs.,Irumu,Breau,Anti-Bullying Specialist,,,,,"=""609-561-8300""",1,1,1,1,1,,,,,,,,,,,,"=""01692""",,,
"=""07""",CAMDEN,"=""5820""",Winslow Township School District,"=""080""",Winslow Township Elementary School Six,Dr.,Lynette,Brown,School Principal,brownly@winslow-schools.com,617 SICKLER AVENUE," ",SICKLERVILLE,NJ,"=""08081""",617 SICKLER AVENUE," ",SICKLERVILLE,NJ,"=""08081""",Ms.,Mia,Gould,Anti-Bullying Specialist,,,,,"=""609-875-4110""",,,,,,1,1,1,,,,,,,,,"=""00060""",,,
"=""07""",CAMDEN,"=""5820""",Winslow Township School District,"=""050""",Winslow Township Elementary School Three,Mrs.,Tamika,Gilbert-Floyd,School Principal,floydta@winslow-schools.com,131 SICKLERVILLE ROAD," ",SICKLERVILLE,NJ,"=""08081""",131 SICKLERVILLE ROAD," ",SICKLERVILLE,NJ,"=""08081""",Ms.,Erika,Spaventa,Anti-Bullying Specialist,,,,,"=""609-728-1080""",1,1,1,1,1,,,,,,,,,,,,"=""01696""",,,
"=""07""",CAMDEN,"=""5820""",Winslow Township School District,"=""040""",Winslow Township Elementary School Two,Mrs.,Christa,McBride,School Principal,mcbridch@winslow-schools.com,125 First Ave," ",Sicklerville,NJ,"=""08081""",125 First Ave," ",Sicklerville,NJ,"=""08081""",Mrs.,Xenia,Perez,Anti-Bullying Specialist,,,,,"=""609-561-8450""",1,1,1,1,1,,,,,,,,,,,,"=""01694""",,,
"=""07""",CAMDEN,"=""5820""",Winslow Township School District,"=""010""",Winslow Township High School,Mr.,Kurt,Marella,School Principal,marellku@winslow-schools.com,10 COOPER FOLLY ROAD," ",ATCO,NJ,"=""08004""",10 COOPER FOLLY ROAD," ",ATCO,NJ,"=""08004""",Ms.,Carrie,Norlin,Anti-Bullying Specialist,,,,,"=""856-767-1850""",,,,,,,,,,,1,1,1,1,,,"=""00437""",,,
"=""07""",CAMDEN,"=""5820""",Winslow Township School District,"=""020""",Winslow Township Middle School,Mr.,William,Shropshire,School Principal,shropswi@winslow-schools.com,30 COOPER FOLLY ROAD," ",ATCO,NJ,"=""08004""",30 COOPER FOLLY ROAD," ",ATCO,NJ,"=""08004""",Ms.,Rachelle,Kimbrough,Anti-Bullying Specialist,,,,,"=""856-767-7222""",,,,,,,,,1,1,,,,,,,"=""00439""",,,
"=""07""",CAMDEN,"=""5900""",Woodlynne School District,"=""050""",Woodlynne Boro Public School,Mrs.,Jackie,Walters,School Principal,jwalters@woodlynne.k12.nj.us,131 ELM AVENUE," ",WOODLYNNE,NJ,"=""08107""",131 ELM AVENUE," ",WOODLYNNE,NJ,"=""08107""",Mrs.,Ashley,Neilson,Anti-Bullying Specialist,Mrs.,Claudia,Super,School Homeless Liaison,"=""856-962-8822""",1,1,1,1,1,1,1,1,1,1,,,,,,,"=""01700""",,,
"=""09""",CAPE MAY,"=""0170""",Avalon School District,"=""010""",Avalon Elementary School,Mrs.,Kathleen,Fox,School Administrator,kfox@avesnj.org,235 32ND STREET," ",AVALON,NJ,"=""08202-1776""",235 32ND STREET," ",AVALON,NJ,"=""08202-1776""",Mrs.,Shawna,Mulford,Anti-Bullying Specialist,,,,,"=""609-967-7544""",1,,,,,,1,1,1,1,,,,,,,"=""01702""",,,
"=""09""",CAPE MAY,"=""0710""",Cape May City School District,"=""050""",Cape May City Elementary School,Dr.,Zachary,Palombo,Chief School Administrator,zpalombo@cmcboe.net,921 LAFAYETTE ST," ",CAPE MAY,NJ,"=""08204-1646""",921 LAFAYETTE ST," ",CAPE MAY,NJ,"=""08204-1646""",Mr.,Tom,Medvecky,Anti-Bullying Specialist,Ms.,Alexis,Cartagena,School Homeless Liaison,"=""609-884-8485""",1,1,1,1,1,1,1,1,,,,,,,,,"=""01704""",,,
"=""09""",CAPE MAY,"=""0715""",Cape May County Special Services School District,"=""020""",Cape May County High School,Ms.,Valerie,Bowers,School Administrator,vbowers@cmcspecialservices.org,148 CREST HAVEN ROAD," ",CAPE MAY COURT HOUSE,NJ,"=""08210""",4 Moore Road,"DN  704 ",CAPE MAY COURT HOUSE,NJ,"=""08210""",Ms.,Geraldine,Hofferica,Anti-Bullying Specialist,,,,,"=""609-465-2720""",,,,,,,,,,,1,1,1,1,,,"=""01708""",,,
"=""09""",CAPE MAY,"=""0715""",Cape May County Special Services School District,"=""095""",Ocean Academy,Ms.,Valerie,Bowers,School Administrator,vbowers@cmcspecialservices.org,148 CREST HAVEN ROAD," ",CAPE MAY COURT HOUSE,NJ,"=""08210""",4 Moore Road,"DN  704 ",CAPE MAY COURT HOUSE,NJ,"=""08210""",Ms.,Nicole,Scheffler,Anti-Bullying Specialist,,,,,"=""609-465-2720""",1,1,1,1,1,1,1,1,1,1,,,,,,,"=""01710""",,,
"=""09""",CAPE MAY,"=""0720""",Cape May County Technical High School District,"=""060""",Cape May County Technical Evening School,Mrs.,Susan,Jurusz,School Director,sjurusz@capemaytech.com,188 CREST HAVEN ROAD," ",CAPE MAY COURT HOUSE,NJ,"=""08210""",188 CREST HAVEN ROAD," ",CAPE MAY COURT HOUSE,NJ,"=""08210""",Mr.,John,Longinetti,Anti-Bullying Specialist,,,,,"=""609-380-0200""",,,,,,,,,,,,,,,,,"=""""",,,
"=""09""",CAPE MAY,"=""0720""",Cape May County Technical High School District,"=""070""",Cape May County Technical Evening Vo-Tech School,Mrs.,Susan,Jurusz,School Director,sjurusz@capemaytech.com,188 CREST HAVEN ROAD," ",CAPE MAY COURT HOUSE,NJ,"=""08210""",188 CREST HAVEN ROAD," ",CAPE MAY COURT HOUSE,NJ,"=""08210""",Mr.,John,Longinetti,Anti-Bullying Specialist,,,,,"=""609-380-0200""",,,,,,,,,,,1,1,1,1,,,"=""""",,,
"=""09""",CAPE MAY,"=""0720""",Cape May County Technical High School District,"=""030""",Cape May County Technical High School,Mr.,Steven,Vitiello,School Principal,svitiello@capemaytech.com,188 CREST HAVEN RD," ",CAPE MAY COURT HOUSE,NJ,"=""08210""",188 CREST HAVEN RD," ",CAPE MAY COURT HOUSE,NJ,"=""08210""",Ms.,Talia,Branda,Anti-Bullying Specialist,,,,,"=""609-380-0200""",,,,,,,,,,,1,1,1,1,,,"=""01712""",,,
"=""09""",CAPE MAY,"=""1080""",Dennis Township School District,"=""050""",Dennis Township Elementary/Middle Schools,Mr.,Stephen,Wilchenski,School Principal,swilchensky@dtschools.org,165 ACADEMY ROAD," ",DENNISVILLE,NJ,"=""08214""",601 HAGAN ROAD," ",CAPE MAY COURT HOUSE,NJ,"=""08210""",Ms.,Monica,DiVito,Anti-Bullying Specialist,,,,,"=""609-861-2821""",,,,,1,1,1,1,1,1,,,,,,,"=""06115""",,,
"=""09""",CAPE MAY,"=""1080""",Dennis Township School District,"=""040""",Dennis Township Primary School,Mr.,Steven,Price,School Principal,sprice@dtschools.org,601 HAGAN ROAD," ",CAPE MAY COURT HOUSE,NJ,"=""08210""",601 HAGAN ROAD," ",CAPE MAY COURT HOUSE,NJ,"=""08210""",Mrs.,Monica,DiVito,Anti-Bullying Specialist,,,,,"=""609-861-2821""",1,1,1,1,,,,,,,,,,,,,"=""01716""",,,
"=""09""",CAPE MAY,"=""2820""",Lower Cape May Regional School District,"=""050""",Lower Cape May Regional High School,Mr.,Larry,Ziemba,School Principal,ziembal@lcmrschools.com,687 RT 9," ",CAPE MAY,NJ,"=""08204""",687 RT 9," ",CAPE MAY,NJ,"=""08204""",Ms.,Kelly,Godfrey,Anti-Bullying Specialist,,,,,"=""609-884-3475""",,,,,,,,,,,1,1,1,1,,,"=""01720""",,,
"=""09""",CAPE MAY,"=""2820""",Lower Cape May Regional School District,"=""060""",Richard M. Teitelman Middle School,Mr.,Pete,Daly,School Principal,dalyp@lcmrschools.com,687 RT 9," ",CAPE MAY,NJ,"=""08204-4637""",687 RT 9," ",CAPE MAY,NJ,"=""08204-4637""",Mr.,Mark,Schiffbauer,Anti-Bullying Specialist,,,,,"=""609-884-3475""",,,,,,,,,1,1,,,,,,,"=""01722""",,,
"=""09""",CAPE MAY,"=""2840""",Lower Township Elementary School District,"=""080""",Carl T. Mitnick School,Mrs.,Allyson,O'Shea,School Principal,aoshea@lowertwpschools.com,905 SEASHORE ROAD," ",CAPE MAY,NJ,"=""08204-4650""",905 SEASHORE ROAD," ",CAPE MAY,NJ,"=""08204-4650""",Mrs.,Sheryl,Boyle,Anti-Bullying Specialist,,,,,"=""609-884-9470""",,1,1,1,,,,,,,,,,,,,"=""06054""",,,
"=""09""",CAPE MAY,"=""2840""",Lower Township Elementary School District,"=""070""",David C. Douglass Memorial School,Mr.,Rachel,Howgate,School Principal,rhowgate@lowertwpschools.com,2600 BAYSHORE RD," ",VILLAS,NJ,"=""08251-4650""",2600 BAYSHORE RD," ",VILLAS,NJ,"=""08251-4650""",Mrs.,Hannah,Nelson,Anti-Bullying Specialist,,,,,"=""609-884-9430""",1,,,,,,,,,,,,,,,,"=""05909""",,,
"=""09""",CAPE MAY,"=""2840""",Lower Township Elementary School District,"=""060""",Maud Abrams School,Mr.,John,King,School Principal,jking@lowertwpschools.com,714 TOWNBANK RD," ",CAPE MAY,NJ,"=""08204-4650""",714 TOWNBANK RD," ",CAPE MAY,NJ,"=""08204-4650""",Ms.,Amanda,Dillon,Anti-Bullying Specialist,,,,,"=""609-884-9420""",,,,,1,1,,,,,,,,,,,"=""01728""",,,
"=""09""",CAPE MAY,"=""2840""",Lower Township Elementary School District,"=""050""",Sandman Consolidated School,Mr.,Christopher,Shivers,School Principal,cshivers@lowertwpschools.com,838 SEASHORE RD," ",CAPE MAY,NJ,"=""08204-4650""",838 SEASHORE RD," ",CAPE MAY,NJ,"=""08204-4650""",Mrs.,Maryanna,Bosch,Anti-Bullying Specialist,,,,,"=""609-884-9410""",,,,,,,1,1,,,,,,,,,"=""01726""",,,
"=""09""",CAPE MAY,"=""3130""",Middle Township Public School District,"=""080""",Middle Township Elementary #1,Mr.,Christian,Paskalides,School Principal,paskalidesc@middletwp.k12.nj.us,215 ELDREDGE ROAD," ",CAPE MAY COURT HOUSE,NJ,"=""08210""",215 ELDREDGE ROAD," ",CAPE MAY COURT HOUSE,NJ,"=""08210""",Ms.,Kelly,Cox,Anti-Bullying Specialist,,,,,"=""609-463-1900""",1,1,1,1,,,,,,,,,,,,,"=""01734""",,,
"=""09""",CAPE MAY,"=""3130""",Middle Township Public School District,"=""085""",Middle Township Elementary #2,Ms.,Carrie,Sinone,School Principal,sinonec@middletwp.k12.nj.us,101 WEST PACIFIC AVE," ",CAPE MAY COURT HOUSE,NJ,"=""08210""",101 WEST PACIFIC AVE," ",CAPE MAY COURT HOUSE,NJ,"=""08210""",Ms.,Rachel,Chew,Anti-Bullying Specialist,,,,,"=""609-465-1828""",,,,,1,1,1,,,,,,,,,,"=""00033""",,,
"=""09""",CAPE MAY,"=""3130""",Middle Township Public School District,"=""091""",Middle Township Elementary #4,Mr.,Jeffrey,Ortman,School Principal,ortmanj@middletwp.k12.nj.us,300 E PACIFIC AVE," ",CAPE MAY COURT HOUSE,NJ,"=""08210""",300 E PACIFIC AVE," ",CAPE MAY COURT HOUSE,NJ,"=""08210""",Mrs.,Monica,DeRose,Anti-Bullying Specialist,,,,,"=""609-465-1834""",,,,,,,,1,1,1,,,,,,,"=""01738""",,,
"=""09""",CAPE MAY,"=""3130""",Middle Township Public School District,"=""050""",Middle Township High School,Dr.,Sharon,Rementer,School Principal,rementers@middletwp.k12.nj.us,300 EAST ATLANTIC AVENUE," ",CAPE MAY COURT HOUSE,NJ,"=""08210""",300 EAST ATLANTIC AVENUE," ",CAPE MAY COURT HOUSE,NJ,"=""08210""",Ms.,Valerie,Sheets,Anti-Bullying Specialist,,,,,"=""609-465-1852""",,,,,,,,,,,1,1,1,1,,,"=""01732""",,,
"=""09""",CAPE MAY,"=""3680""",North Wildwood School District,"=""060""",Margaret Mace Elementary School,,Jonathan,Price,School Administrator,jprice@mmace.com,1201 Atlantic Avenue," ",North Wildwood,NJ,"=""08260""",1201 Atlantic Avenue," ",North Wildwood,NJ,"=""08260""",,Alison,Dardine,Anti-Bullying Specialist,,Jonathan,Price,School Homeless Liaison,"=""609-522-1454""",1,1,1,1,1,1,1,1,1,1,,,,,,,"=""01742""",https://www.facebook.com/MargaretMaceNW,https://www.instagram.com/margaretmace,
"=""09""",CAPE MAY,"=""3780""",Ocean City School District,"=""050""",Ocean City High School,Dr.,Wendy,O'Neal,School Principal,woneal@ocsdnj.org,501 ATLANTIC AVENUE," ",OCEAN CITY,NJ,"=""08226""",501 ATLANTIC AVENUE," ",OCEAN CITY,NJ,"=""08226""",Mr.,Dane,Tabano,Anti-Bullying Specialist,,,,,"=""609-399-1290""",,,,,,,,,,,1,1,1,1,,,"=""01746""",,,
"=""09""",CAPE MAY,"=""3780""",Ocean City School District,"=""060""",Ocean City Intermediate School,Mr.,Matthew,Engle,School Principal,mengle@ocsdnj.org,1901 BAY AVENUE," ",OCEAN CITY,NJ,"=""08226""",19TH STREET & BAY AVE," ",OCEAN CITY,NJ,"=""08226""",Mrs.,Kara,Uhrich,Anti-Bullying Specialist,,,,,"=""609-399-5611""",,,,,,1,1,1,1,1,,,,,,,"=""01748""",,,
"=""09""",CAPE MAY,"=""3780""",Ocean City School District,"=""070""",Ocean City Primary School,Dr.,Cathleen,Smith,School Principal,csmith@ocsdnj.org,550 WEST AVENUE," ",OCEAN CITY,NJ,"=""08226""",550 WEST AVENUE," ",OCEAN CITY,NJ,"=""08226""",Mr.,Joel,Dougan,Anti-Bullying Specialist,,,,,"=""609-399-3191""",1,1,1,1,1,,,,,,,,,,,,"=""01750""",,,
"=""09""",CAPE MAY,"=""5060""",Stone Harbor School District,"=""050""",Stone Harbor Elementary School,Dr.,Renee,Murtaugh,School Administrator,murtaugh@shesnj.org,275 93RD ST," ",STONE HARBOR,NJ,"=""08247""",275 93RD ST," ",STONE HARBOR,NJ,"=""08247""",Mrs.,Ashley,Gilbert,Anti-Bullying Specialist,,,,,"=""609-368-4413""",,1,1,1,1,1,,,,,,,,,,,"=""01754""",,,
"=""09""",CAPE MAY,"=""5340""",Upper Township School District,"=""050""",Upper Township Elementary School,Mrs.,Andrea,Urbano,School Principal,urbano@upperschools.org,50 OLD TUCKAHOE RD," ",MARMORA,NJ,"=""08223""",50 OLD TUCKAHOE RD," ",MARMORA,NJ,"=""08223""",Mrs.,Lindsey,Hampf,Anti-Bullying Specialist,,,,,"=""609-628-3500""",,,,,1,1,1,,,,,,,,,,"=""01760""",,,
"=""09""",CAPE MAY,"=""5340""",Upper Township School District,"=""030""",Upper Township Middle School,Mr.,Jeff,Leek,School Principal,leek@upperschools.org,525 PERRY RD," ",PETERSBURG,NJ,"=""08270""",525 PERRY RD," ",PETERSBURG,NJ,"=""08270""",Mrs.,Lindsey,Hampf,Anti-Bullying Specialist,,,,,"=""609-628-3500""",,,,,,,,1,1,1,,,,,,,"=""01758""",,,
"=""09""",CAPE MAY,"=""5340""",Upper Township School District,"=""055""",Upper Township Primary School,Mr.,Jamie,Gillespie,School Principal,gillespie@upperschools.org,130 OLD TUCKAHOE RD," ",MARMORA,NJ,"=""08223""",130 OLD TUCKAHOE RD," ",MARMORA,NJ,"=""08223""",Mrs.,Lindsey,Hampf,Anti-Bullying Specialist,,,,,"=""609-628-3500""",1,1,1,1,,,,,,,,,,,,,"=""06104""",,,
"=""09""",CAPE MAY,"=""5610""",West Cape May School District,"=""050""",West Cape May Elementary School,Mr.,Zachary,Palombo,Chief School Administrator,zpalombo@wcm.capemayschools.com,301 Moore Street," ",West Cape May,NJ,"=""08204-1199""",301 Moore Street," ",West Cape May,NJ,"=""08204-1199""",Ms.,Stephanie,Puerta,Anti-Bullying Specialist,,,,,"=""609-884-4614""",1,1,1,1,1,1,1,1,,,,,,,,,"=""01762""",,,
"=""09""",CAPE MAY,"=""5790""",Wildwood City School District,"=""060""",Glenwood Avenue Elementary School,Mr.,Travis,LaFerriere,School Principal,tlaferriere@wwschools.org,GLENWOOD & NEW YORK AVE," ",WILDWOOD,NJ,"=""08260""",2900 NEW YORK AVE," ",WILDWOOD,NJ,"=""08260""",Ms.,Megan,Rattray,Anti-Bullying Specialist,,,,,"=""609-522-1630""",1,1,1,1,1,1,1,,,,,,,,,,"=""01770""",,,
"=""09""",CAPE MAY,"=""5790""",Wildwood City School District,"=""050""",Wildwood High School,Mrs.,Tricia,Lemma,School Principal,tlemma@wwschools.org,4300 PACIFIC AVE," ",WILDWOOD,NJ,"=""08260""",4300 PACIFIC AVE," ",WILDWOOD,NJ,"=""08260""",Mrs.,Katina,Powell,Anti-Bullying Specialist,,,,,"=""609-522-7922""",,,,,,,,,,,1,1,1,1,,,"=""01768""",,,
"=""09""",CAPE MAY,"=""5790""",Wildwood City School District,"=""070""",Wildwood Middle School,Mrs.,Tricia,Lemma,School Principal,tlemma@wwschools.org,4300 PACIFIC AVE," ",WILDWOOD,NJ,"=""08260""",4300 PACIFIC AVE," ",WILDWOOD,NJ,"=""08260""",Mrs.,Jean,Gwathney,Anti-Bullying Specialist,,,,,"=""609-522-7922""",,,,,,,,1,1,1,,,,,,,"=""06039""",,,
"=""09""",CAPE MAY,"=""5800""",Wildwood Crest Borough School District,"=""030""",Crest Memorial School,Mr.,Lawrence,Lhulier,School Principal,llhulier@crestmem.edu,9100 PACIFIC AVE," ",WILDWOOD CREST,NJ,"=""08260-3433""",9100 PACIFIC AVE," ",WILDWOOD CREST,NJ,"=""08260-3433""",Mr.,Mario,Tridente,Anti-Bullying Specialist,,,,,"=""609-522-1522""",1,1,1,1,1,1,1,1,1,1,,,,,,,"=""01776""",,,
"=""09""",CAPE MAY,"=""5840""",Woodbine School District,"=""050""",Woodbine Elementary School,Dr.,Adrienne,Breitinger,School Administrator,abreitinger@woodbine.capemayschools.com,801 WEBSTER STREET," ",WOODBINE,NJ,"=""08270""",801 WEBSTER STREET," ",WOODBINE,NJ,"=""08270""",Ms.,Brianna,Gardner,Anti-Bullying Specialist,Ms.,Sara,Halsey,School Homeless Liaison,"=""609-861-5174""",1,1,1,1,1,1,1,1,1,1,,,,,,,"=""01780""",,,
"=""80""",MONMOUTH,"=""6010""",Academy Charter High School,"=""910""",Academy Charter High School,Mr.,Shawn,Heeter,School Administrator,leadperson@academycharterhs.org,1725 MAIN STREET," ",LAKE COMO,NJ,"=""07719""",1725 MAIN STREET," ",LAKE COMO,NJ,"=""07719""",Mr.,Shawn,Heeter,Anti-Bullying Specialist,,,,,"=""732-681-8377""",,,,,,,,,,,1,1,1,1,,,"=""00335""",,,
"=""80""",MERCER,"=""7895""",Achievers Early College Prep Charter School,"=""920""",Achievers Early College Prep Charter School,Ms.,Nava,Coppin,School Director,ncoppin@achieversecp.org,544 Chestnut Ave," ",Trenton,NJ,"=""08611""",544 Chestnut Ave," ",Trenton,NJ,"=""08611""",Ms.,Abigael,Bocicaut,Anti-Bullying Specialist,,,,,"=""609-429-0279""",,,,,,,,1,1,1,1,1,1,1,,,"=""""",,,
"=""80""",ATLANTIC,"=""6060""",Atlantic Community Charter School,"=""942""",Atlantic Community Charter School,Mr.,Christopher,Armstrong,School Principal,carmstrong@atlanticcommunitycharter.com,112 South New York Rd," ",Galloway,NJ,"=""08205""",112 South New York Rd.," ",Galloway,NJ,"=""08205""",Mr.,Steve,DiMatteo,Anti-Bullying Specialist,Mr.,Steve,DiMatteo,School Homeless Liaison,"=""609-428-4300""",,1,1,1,1,1,1,1,1,1,,,,,,,"=""""",,,
"=""80""",UNION,"=""6033""",Barack Obama Green Charter School District,"=""902""",Barack Obama Green Charter School,Mrs.,Erin,Murphy-Richardson,School Principal,erin.richardson@barackobamagcs.org,35 Watchung ave," ",Plainfield,NJ,"=""07060""",35 Watchung ave," ",Plainfield,NJ,"=""07060""",Mr.,Alexzander,Billups,Anti-Bullying Specialist,,,,,"=""908-251-6467""",,,,,,,,1,1,1,1,1,1,1,,,"=""03047""",,,
"=""80""",HUDSON,"=""6082""",BelovED Community Charter,"=""963""",BelovED Community Charter School,,Marisol,Ghizzone,School Principal,mghizzone@belovedccs.org,508 Grand Street," ",Jersey City,NJ,"=""07302""",508 Grand Street," ",Jersey City,NJ,"=""07302""",,Marisol,Ghizzone,Anti-Bullying Specialist,,,,,"=""201-630-4700""",,1,1,1,1,1,1,1,1,1,1,1,1,1,,,"=""""",,,
"=""80""",BURLINGTON,"=""6076""",Benjamin Banneker Preparatory Charter School,"=""961""",Benjamin Banneker Preparatory Charter School,Mr.,Richard,Wilson Jr,School Principal,rwilson@bbprepcs.com,11 South Sunset Road," ",Willingboro,NJ,"=""08046""",315 Bridge Street," ",Westampton,NJ,"=""08060""",Ms.,Verna,Roberts,Anti-Bullying Specialist,,,,,"=""609-835-8370""",,1,1,1,1,1,1,1,1,1,,,,,,,"=""""",,,
"=""80""",BERGEN,"=""6013""",Bergen Arts and Science Charter School,"=""900""",Bergen Arts and Sciences Charter School,Dr.,Nihat,Guvercin,School Administrator,nguvercin@ilearnschools.org,200 MACARTHUR AVENUE," ",GARFIELD,NJ,"=""07026""",33-00 Broadway,iLearn Schools Suite 301,Fair Lawn,NJ,"=""07401""",Mrs.,Donna,Giovia,Anti-Bullying Specialist,,,,,"=""201-773-9140""",,1,1,1,1,1,1,1,1,1,1,1,1,1,,,"=""02923""",https://www.facebook.com/bergencharter,https://www.instagram.com/bergencharter,
"=""80""",CUMBERLAND,"=""6100""",Bridgeton Public Charter School,"=""991""",Bridgeton Public Charter School,Mr.,Thomas,Ludwig,School Principal,tludwig@cccharters.org,790 East Commerce Ave," ",Bridgeton,NJ,"=""08302""",1101 Wheaton Avenue,"Suite 220 ",Millville,NJ,"=""08332""",Mr.,Thomas,Ludwig,Anti-Bullying Specialist,,,,,"=""856-497-8202""",,1,1,1,1,1,,,,,,,,,,,"=""""",,,
"=""80""",ESSEX,"=""6022""",Burch Charter School of Excellence,"=""990""",Burch Charter School of Excellence,Mr.,Timothy,Simmons,School Principal,tsimmons@burchcharterschool.org,100 LINDEN AVE," ",IRVINGTON,NJ,"=""07111""",100 LINDEN AVE," ",IRVINGTON,NJ,"=""07111""",Ms.,Griffin-Thomas,Melissa,Anti-Bullying Specialist,,,,,"=""973-373-3223""",,1,1,1,1,1,1,,,,,,,,,,"=""03011""",,,
"=""80""",CAMDEN,"=""6107""",Camden's Promise Charter School,"=""998""",Camden's Promise Charter School,Mr.,George,Farmer,School Principal,Gfarmer@camdencsn.org,879 Beideman Ave," ",Camden,NJ,"=""08105""",879 Beideman Ave," ",Camden,NJ,"=""08105""",Ms.,Yuderquis,Guzman Caba,Anti-Bullying Specialist,,,,,"=""856-365-1000""",1,1,1,1,1,1,1,1,1,1,1,1,1,1,,,"=""""",,,
"=""80""",SOMERSET,"=""6018""",Central Jersey College Prep Charter School,"=""900""",Central Jersey College Prep Charter School,Dr.,Namik,Sercan,School Lead,nsercan@cjcollegeprep.org,101 Mettlers Road," ",Somerset,NJ,"=""08873-1235""",101 Mettlers Road," ",Somerset,NJ,"=""08873-1235""",Ms.,Carrie,Thomas,Anti-Bullying Specialist,,,,,"=""732-649-3954""",,1,1,1,1,1,1,1,1,1,1,1,1,1,,,"=""00829""",,,
"=""80""",ATLANTIC,"=""7410""",Chartertech High School for the Performing Arts,"=""940""",Chartertech High School for the Performing Arts,Dr.,Brian,McGuire,School Principal,bmcguire@chartertech.org,413 NEW ROAD," ",SOMERS POINT,NJ,"=""08244""",413 NEW ROAD," ",SOMERS POINT,NJ,"=""08244""",Ms.,Katie,Grimes,Anti-Bullying Specialist,Ms.,Erin,Randolph,School Homeless Liaison,"=""609-926-7694""",,,,,,,,,,,1,1,1,1,,,"=""00269""",,,
"=""80""",PASSAIC,"=""6230""",Classical Academy Charter School of Clifton,"=""915""",Classical Academy Charter School of Clifton,Dr.,Gregory,Farley,School Lead,gfarley@classicalacademy.org,1255 Main Avenue," ",CLIFTON,NJ,"=""07011""",1255 Main Avenue," ",CLIFTON,NJ,"=""07011""",Ms.,Colleen,Cubbage,Anti-Bullying Specialist,Dr.,Gregory,Farley,School Homeless Liaison,"=""973-278-7707""",,,,,,,1,1,1,1,,,,,,,"=""00351""",,,
"=""80""",UNION,"=""6101""",College Achieve Central Charter School,"=""992""",College Achieve Central Charter School,Ms.,Nadirah,Mateen,School Principal,nbrown@collegeachieve.org,365 Emerson Ave," ",Plainfield,NJ,"=""07062""",365 Emerson Ave," ",Plainfield,NJ,"=""07062""",Ms.,Christopher,Vitale,Anti-Bullying Specialist,,,,,"=""908-625-1879""",,1,1,1,1,1,1,1,1,1,1,1,1,1,,,"=""""",,,
"=""80""",MONMOUTH,"=""7891""",College Achieve Greater Asbury Park Charter School Distr,"=""904""",College Achieve Greater Asbury Park Charter School District,Ms.,Tiffany,Robinson,School Principal,Trobinson@collegeachieve.org,3455 West Bangs Ave," ",Neptune,NJ,"=""07753""",3455 West Bangs Ave," ",Neptune,NJ,"=""07753""",Ms.,Desiree,Mitchell,Anti-Bullying Specialist,,,,,"=""732-774-0727""",,1,1,1,1,1,1,1,1,1,1,1,1,1,,,"=""""",,,
"=""80""",PASSAIC,"=""7892""",College Achieve Paterson Charter School,"=""909""",College Achieve Paterson Charter School,Ms.,Sharon,Cook,Director,scook@collegeachieve.org,21 Market Street," ",Paterson,NJ,"=""07501""",788 Shrewsbury Ave,"Suite 2181 ",Tinton Falls,NJ,"=""07724""",Mr.,Wendell,Crawford,Anti-Bullying Specialist,,,,,"=""862-257-1423""",,1,1,1,1,1,1,1,1,1,1,1,1,1,,,"=""""",,,
"=""80""",PASSAIC,"=""6021""",Community Charter School of Paterson,"=""905""",Community Charter School of Paterson,Mr.,Ira,Griffith,School Administrator,igriffith@ccsp.org,75 SPRUCE ST," ",PATERSON,NJ,"=""07501-1720""",75 Spruce St," ",PATERSON,NJ,"=""07501-1720""",Ms.,Tiara,William,Anti-Bullying Specialist,Mrs.,Stephen,Mejias,School Homeless Liaison,"=""973-413-2057""",,1,1,1,1,1,1,1,1,1,,,,,,,"=""03014""",,,
"=""80""",CUMBERLAND,"=""6089""",Compass Academy Charter School,"=""976""",Compass Academy Charter School,Dr.,Alan,Burkhardt,School Principal,aburkhardt@compassacs.org,23 West Chestnut Ave," ",Vineland,NJ,"=""08360""",23 West Chestnut Ave," ",Vineland,NJ,"=""08360""",Mrs.,Jane,Berger,Anti-Bullying Specialist,,,,,"=""856-899-5570""",1,1,1,1,1,1,1,,,,,,,,,,"=""""",,,
"=""80""",SALEM,"=""7897""",Creativity CoLaboratory Charter School,"=""923""",Creativity CoLaboratory Charter School,,Walter,Kappeler,School Principal,wkappeler@c3school.org,457 Shirley Road," ",Elmer,NJ,"=""08318""",457 Shirley Road,"P O Box  888 ",Elmer,NJ,"=""08318""",,Walter,Kappeler,Anti-Bullying Specialist,,,,,"=""856-358-2472""",,,,,,,1,1,1,1,,,,,,,"=""03481""",,,
"=""80""",UNION,"=""6102""",Cresthaven Academy Charter School,"=""993""",Cresthaven Academy Charter School,Mr.,Damion,Frye,School Administrator,dfrye@cresthavenacademy.org,530 West 7th Street," ",Plainfield,NJ,"=""07060""",530 West 7th Street," ",Plainfield,NJ,"=""07060""",Ms.,Carla,Bell-Gayle,Anti-Bullying Specialist,,,,,"=""908-756-1234""",,1,1,1,1,1,1,1,1,1,,,,,,,"=""""",,,
"=""80""",ESSEX,"=""6320""",Discovery Charter School,"=""920""",Discovery Charter School,Mr.,Denis,Cretinon,School Principal,dcretinon@discoverycs.org,240 Halsey St,"2nd Fl. ",NEWARK,NJ,"=""07102""",240 Halsey St,"2nd Fl. ",NEWARK,NJ,"=""07102""",Mrs.,Tracy,Grier,Anti-Bullying Specialist,,,,,"=""973-623-0222""",,,,,,1,1,1,1,1,,,,,,,"=""00282""",,,
"=""80""",HUDSON,"=""6064""",Dr Lena Edwards Academic Charter School,"=""946""",Dr Lena Edwards Academic Charter School,Mr.,James,Brewer,School Principal,jbrewer@drlenaedwardscharterschool.org,509 Bramhall Ave.," ",Jersey City,NJ,"=""07304""",509 Bramhall Ave.," ",Jersey City,NJ,"=""07304""",Ms.,Alina,Capalnean,Anti-Bullying Specialist,Ms.,Kenia,Salmeron,School Homeless Liaison,"=""201-433-5300""",,1,1,1,1,1,1,1,1,1,,,,,,,"=""03185""",,,
"=""80""",ESSEX,"=""6410""",East Orange Community Charter School,"=""920""",East Orange Community Charter School,Ms.,Tracey,Watkins,School Principal,twatkins@eocharter.org,99 WASHINGTON STREET," ",EAST ORANGE,NJ,"=""07017""",99 WASHINGTON STREET," ",EAST ORANGE,NJ,"=""07017""",Ms.,Yolanda,Harris,Anti-Bullying Specialist,,,,,"=""973-996-0400""",,1,1,1,1,1,,,,,,,,,,,"=""00283""",,,
"=""80""",HUDSON,"=""6420""",Elysian Charter School,"=""925""",Elysian CS of Hoboken,Ms.,Susan,Grierson,Director,susan.grierson@ecsnj.org,1460 GARDEN STREET," ",HOBOKEN,NJ,"=""07030""",1460 GARDEN STREET," ",HOBOKEN,NJ,"=""07030""",Ms.,Darcy,Minsky,Anti-Bullying Specialist,,,,,"=""201-876-0102""",,1,1,1,1,1,1,1,1,1,,,,,,,"=""00297""",,https://www.instagram.com/Elysiancharter,
"=""80""",HUDSON,"=""6103""",Empowerment Academy Charter School,"=""994""",Empowerment Academy Charter School,,Angela,Thomas,School Principal,athomas@empacad.org,240 Ege Avenue," ",Jersey City,NJ,"=""07304""",240 Ege Avenue," ",Jersey City,NJ,"=""07304""",,Lamar,Tucker,Anti-Bullying Specialist,,Lamar,Tucker,School Homeless Liaison,"=""201-630-4798""",,1,1,1,1,1,1,1,1,1,1,1,1,1,,,"=""""",,,
"=""80""",BERGEN,"=""6430""",Englewood on the Palisades Charter School,"=""930""",Englewood on the Palisades Charter School,Ms.,Dana,Clark,School Principal,dana.clark@englewoodcharter.org,65  WEST DEMAREST AVENUE," ",ENGLEWOOD,NJ,"=""07631""",65  WEST DEMAREST AVENUE," ",ENGLEWOOD,NJ,"=""07631""",Mr.,Michael,Owens,Anti-Bullying Specialist,,,,,"=""201-569-9765""",,1,1,1,1,1,1,1,1,1,,,,,,,"=""00258""",,,
"=""80""",MERCER,"=""6017""",Foundation Academy Charter School,"=""932""",Foundation Academy Charter School,,Sheria,McRae,Chief School Administrator,smcrae@foundationacademy.org,363 West State Street," ",Trenton,NJ,"=""08608""",363 West State Street," ",Trenton,NJ,"=""08608""",Ms.,Shea,Lightfoot,Anti-Bullying Specialist,,,,,"=""609-920-9200""",,1,1,1,1,1,1,1,1,1,1,1,1,1,,,"=""02925""",,,
"=""80""",ESSEX,"=""7021""",Gateway Academy Charter School,"=""986""",Gateway Academy Charter School,Mr.,Christopher,Perpich,School Principal,cperpich@brickeducation.org,534 Clinton Avenue," ",Newark,NJ,"=""07108""",534 Clinton Avenue," ",Newark,NJ,"=""07108""",Ms.,Tashia,Martin,Anti-Bullying Specialist,,,,,"=""973-556-7070""",,1,1,1,1,1,1,1,1,1,1,1,1,1,,,"=""06160""",,,
"=""80""",ESSEX,"=""6665""",Gray Charter School,"=""930""",The Gray Charter School,Mr.,Christopher,Pringle,School Principal,lead@graycharterschool.org,55 LIBERTY STREET," ",NEWARK,NJ,"=""07102""",55 LIBERTY STREET," ",NEWARK,NJ,"=""07102""",Ms.,Danielle,Hogans,Anti-Bullying Specialist,,,,,"=""973-824-6661""",,1,1,1,1,1,1,1,1,1,,,,,,,"=""00373""",,,
"=""80""",ESSEX,"=""6053""",Great Oaks Legacy Charter School,"=""917""",Great Oaks Legacy Charter School,Mr.,Jared,Taillefer,Chief School Administrator,jtaillefer@greatoakslegacy.org,909 Broad Street," ",Newark,NJ,"=""07102""",909 Broad Street," ",Newark,NJ,"=""07102""",Mr.,Jared,Taillefer,Anti-Bullying Specialist,,,,,"=""862-256-0909""",1,1,1,1,1,1,1,1,1,1,1,1,1,1,,,"=""03180""",,,
"=""80""",MIDDLESEX,"=""6635""",Greater Brunswick Charter School,"=""930""",Greater Brunswick Charter School,Mr.,Hector,Alvarez,School Principal,hector.alvarez@greaterbrunswick.org,429 JOYCE KILMER AVENUE," ",NEW BRUNSWICK,NJ,"=""08901""",429 JOYCE KILMER AVENUE," ",NEW BRUNSWICK,NJ,"=""08901""",Mrs.,Martha,Goz,Anti-Bullying Specialist,Ms.,Martha,Goz,School Homeless Liaison,"=""732-448-1052""",,1,1,1,1,1,1,1,1,1,,,,,,,"=""00330""",,https://www.instagram.com/greaterbrunswickcs,
"=""80""",MIDDLESEX,"=""6041""",Hatikvah International Academy Charter School,"=""916""",Hatikvah International Academy Charter School,Ms.,Amanda,Rosenberg,School Director,arosenberg@hiacs.org,7 Lexington Avenue," ",East Brunswick,NJ,"=""08816""",7 Lexington Avenue," ",East Brunswick,NJ,"=""08816""",Ms.,Heather,Winder,Anti-Bullying Specialist,,,,,"=""732-254-8300""",,1,1,1,1,1,1,1,1,1,,,,,,,"=""03055""",,,
"=""80""",HUDSON,"=""6720""",Hoboken Charter School District,"=""930""",Hoboken Charter School,Ms.,Joanna,Weintraub,School Principal,jweintraub@hobokencs.net,713 Washington St," ",Hoboken,NJ,"=""07030""",713 Washington St," ",Hoboken,NJ,"=""07030""",,Elizabeth,Palma,Anti-Bullying Specialist,,,,,"=""201-963-0222""",,1,1,1,1,1,1,1,1,1,1,1,1,1,,,"=""00302""",,,
"=""80""",HUDSON,"=""6036""",Hoboken Dual Language Charter School,"=""921""",Hoboken Dual Language Charter School,Mrs.,Jennifer,Sargent,School Administrator,jsargent@holahoboken.org,123 Jefferson Street," ",HOBOKEN,NJ,"=""07030""",123 Jefferson Street," ",HOBOKEN,NJ,"=""07030""",Ms.,Ashley,Lombana,Anti-Bullying Specialist,,,,,"=""201-427-1458""",,1,1,1,1,1,1,1,1,1,,,,,,,"=""03037""",,,
"=""80""",MONMOUTH,"=""6740""",Hope Academy Charter School,"=""950""",Hope Academy Charter School,Mrs.,DaVisha,Pratt,School Principal,dpratt@hopeacademycs.org,601 GRAND AVENUE," ",ASBURY PARK,NJ,"=""07712-6656""",601 GRAND AVENUE," ",ASBURY PARK,NJ,"=""07712-6656""",Mrs.,DaVisha,Pratt,Anti-Bullying Specialist,,,,,"=""732-988-4227""",,1,1,1,1,1,1,1,1,1,,,,,,,"=""00483""",,,
"=""80""",CAMDEN,"=""6086""",Hope Community Charter School,"=""972""",Hope Community Charter School,Mrs.,Jennifer,Smith,School Principal,smith@hopecommunitycharter.org,836 S. 4th Street," ",Camden,NJ,"=""08103""",PO Box 130," ",Audubon,NJ,"=""08106""",Mrs.,Jennifer,Smith,Anti-Bullying Specialist,Mr.,Edward,Reuben,School Homeless Liaison,"=""856-379-3448""",,1,1,1,1,1,1,1,1,1,,,,,,,"=""""",,,
"=""80""",HUDSON,"=""6105""",Hudson Arts and Science Charter School,"=""996""",Hudson Arts and Science Charter School,Dr.,Nihat,Guvercin,School Administrator,nguvercin@ilearnschools.org,131 Midland Ave," ",Kearny,NJ,"=""07032""",33-00 Broadway,iLearn Schools Suite 301,Fair Lawn,NJ,"=""07410""",Mrs.,Donna,Giovia,Anti-Bullying Specialist,,,,,"=""201-773-9140""",,1,1,1,1,1,1,1,1,1,1,1,,,,,"=""""",https://www.facebook.com/hudsonartsandscience,https://www.instagram.com/hudsoncharter,
"=""80""",MERCER,"=""6810""",International Charter School of Trenton,"=""940""",International CS of Trenton,Ms.,April,Nixon,School Principal,anixon@internationalcs.org,105 GRAND STREET," ",TRENTON,NJ,"=""08611-2417""",105 GRAND STREET," ",TRENTON,NJ,"=""08611-2417""",,April,Nixon,Anti-Bullying Specialist,,,,,"=""609-394-3111""",,1,1,1,1,1,1,,,,,,,,,,"=""00321""",,,
"=""80""",HUDSON,"=""6910""",Jersey City Community Charter School,"=""940""",Jersey City Community Charter School,Ms.,Ayana,Williams,School Administrator,awilliams@jcccsonline.org,128 DANFORTH AVENUE," ",JERSEY CITY,NJ,"=""07305""",128 DANFORTH AVENUE," ",JERSEY CITY,NJ,"=""07305""",Ms.,Alisa,Olin,Anti-Bullying Specialist,,,,,"=""201-433-2288""",,1,1,1,1,1,1,1,1,1,,,,,,,"=""00303""",https://www.facebook.com/JcccsRavens,https://www.instagram.com/Jcccs_Ravens,https://x.com/Jcccs_Ravens
"=""80""",HUDSON,"=""6093""",Jersey City Global Charter School,"=""981""",Jersey City Global Charter School,Dr.,Nadira,Jack,School Administrator,ceo@jcgcs.org,255 Congress Street," ",Jersey City,NJ,"=""07307""",255 Congress Street," ",Jersey City,NJ,"=""07307""",Mr.,Carlos,Navas,Anti-Bullying Specialist,,,,,"=""201-744-2444""",,1,1,1,1,1,1,1,1,1,,,,,,,"=""""",,,
"=""80""",HUDSON,"=""6915""",Jersey City Golden Door Charter School,"=""950""",Jersey City Golden Door Charter School,Ms.,Tabitha,Madera,School Principal,tmadera@jcgdcs.org,3044 Kennedy Blvd," ",JERSEY CITY,NJ,"=""07306""",3040 Kennedy Blvd," ",JERSEY CITY,NJ,"=""07306""",Mrs.,Fanny,Lopez,Anti-Bullying Specialist,,,,,"=""201-795-4400""",1,1,1,1,1,1,1,1,1,1,,,,,,,"=""00305""",,,
"=""80""",PASSAIC,"=""6079""",John P Holland Charter School School District,"=""964""",John P. Holland Charter School,Dr.,Michelle,Petriello,School Principal,mpetriello@johnpholland.com,5 Garret Mountain Plaza," ",Woodland,NJ,"=""07424""",5 Garret Mountain Plaza," ",Woodland,NJ,"=""07424""",Mrs.,Marlene,Brandao,Anti-Bullying Specialist,,,,,"=""973-345-2212""",1,1,1,1,1,1,1,1,1,1,,,,,,,"=""03144""",,,
"=""80""",HUDSON,"=""7898""",Kindle Education Public Charter School,"=""924""",Kindle Education Public Charter School,,Daniel,Hartigan,Chief School Administrator,dj@kindleeducation.org,35 Journal Square Plaza,"3rd Floor ",Jersey City,NJ,"=""07306""",35 Journal Square Plaza,"3rd Floor ",Jersey City,NJ,"=""07306""",,Odalis,Perez,Anti-Bullying Specialist,,,,,"=""551-350-1520""",,,,,,,,1,1,1,1,,,,,,"=""06161""",,https://www.instagram.com/kindleeducation,
"=""80""",ESSEX,"=""6109""",LEAD Charter School,"=""953""",LEAD Charter School,Mr.,Daniel,Cruz,School Principal,dcruz@leadcharterschool.org,201 Bergen Street," ",Newark,NJ,"=""07103-2402""",201 Bergen Street," ",Newark,NJ,"=""07103-2402""",Mr.,Darrell,Price,Anti-Bullying Specialist,,,,,"=""862-772-1724""",,,,,,,,,,,1,1,1,1,,,"=""""",,,
"=""80""",CAMDEN,"=""7109""",LEAP Academy University Charter School,"=""931""",Leap Academy University Charter School,Mr.,Kwanza,Cogdell,School Principal,KCogdell@leap.rutgers.edu,130 North Broadway," ",CAMDEN,NJ,"=""08102""",130 North Broadway," ",CAMDEN,NJ,"=""08102""",Mrs.,Tamika,Rice,Anti-Bullying Specialist,,,,,"=""856-614-0400""",,1,1,1,1,1,1,1,1,1,1,1,1,1,,,"=""00487""",,,
"=""80""",ESSEX,"=""6099""",Link Community Charter School,"=""986""",Link Community Charter School,Ms.,Hannah,Kennedy,School Principal,hkennedy@linkschool.org,23 Pennsyvania Ave," ",Newark,NJ,"=""07114""",23 Pennsyvania Ave," ",Newark,NJ,"=""07114""",Ms.,Suzanne,Dandie,Anti-Bullying Specialist,,,,,"=""973-642-0529""",,1,1,1,1,1,1,1,1,1,,,,,,,"=""""",,,
"=""80""",ESSEX,"=""7735""",Maria L. Varisco-Rogers Charter School,"=""975""",Maria Varisco Rogers Charter School,Ms.,Anne,Heyward,School Principal,aheyward@mlvrcs.org,243 Woodside Ave," ",NEWARK,NJ,"=""07104""",233 Woodside Avenue," ",NEWARK,NJ,"=""07104""",Ms.,Ruby,Galarza,Anti-Bullying Specialist,Ms.,Ruby,Galarza,School Homeless Liaison,"=""973-481-9001""",,1,1,1,1,1,1,1,1,1,,,,,,,"=""00292""",,,
"=""80""",ESSEX,"=""7210""",Marion P. Thomas Charter School,"=""940""",Marion P. Thomas Charter School,Ms.,Chanelle,Wolfe,Interim Principal,cwolfe@mptcs.org,125 SUSSEX AVE," ",NEWARK,NJ,"=""07103-2047""",125 Sussex Ave," ",NEWARK,NJ,"=""07103-2047""",Mr.,Rashon,Mickens,Anti-Bullying Specialist,,,,,"=""973-621-0060""",1,1,1,1,1,1,1,1,1,1,1,1,1,1,,,"=""00285""",,,
"=""80""",MIDDLESEX,"=""7896""",Middlesex County STEM Charter School,"=""923""",Middlesex County STEM Charter School,Dr.,Namik,Sercan,Chief School Administrator,nsercan@middlesexcharter.org,613 Carlock Ave," ",Perth Amboy,NJ,"=""08861""",613 Carlock Ave," ",Perth Amboy,NJ,"=""08861""",Mr.,Michael,Saulnier,Anti-Bullying Specialist,,,,,"=""848-242-1818""",,1,1,1,1,1,1,1,1,1,1,1,,,,,"=""""",,,
"=""80""",CUMBERLAND,"=""6069""",Millville Public Charter School District,"=""952""",Millville Public Charter School,Ms.,Shina,Howerton,School Principal,stiller@cccharters.org,1101 Wheaton Avenue,"Suite 220 ",Millville,NJ,"=""08332""",1101 Wheaton Avenue,"Suite 220 ",Millville,NJ,"=""08332""",Mr.,Micahel,Giles,Anti-Bullying Specialist,,,,,"=""856-506-8143""",,1,1,1,1,1,1,1,1,1,,,,,,,"=""03184""",,,
"=""80""",ESSEX,"=""7290""",New Horizons Community Charter School,"=""957""",New Horizons Community Charter School,Dr.,Stephen,Webb,School Principal,swebb@nhccschool.org,45  59 HAYES STREET," ",NEWARK,NJ,"=""07103""",45  59 HAYES STREET," ",NEWARK,NJ,"=""07103""",Mr.,Bernard,Rawls,Anti-Bullying Specialist,,,,,"=""973-848-0400""",,1,1,1,1,1,1,1,1,1,,,,,,,"=""00287""",,,
"=""80""",ESSEX,"=""6029""",Newark Educators Community Charter School,"=""911""",Newark Educators Community Charter School,Dr.,Antoine,Gayles,School Director,agayles@newarkeducators.org,12 Fulton St," ",Newark,NJ,"=""07102""",12 Fulton St," ",Newark,NJ,"=""07102""",Ms.,Patrice,Usry,Anti-Bullying Specialist,,,,,"=""973-732-3848""",1,1,1,1,1,1,,,,,,,,,,,"=""03028""",https://www.facebook.com/Newarkedccc,,
"=""80""",ESSEX,"=""7320""",North Star Academy Charter School,"=""960""",North Star Academy Charter School,,Jennifer,Venegas-Gibbons,School Principal,Jennifer.Venegas-Gibbons@uncommonschools.org,10 WASHINGTON PLACE," ",NEWARK,NJ,"=""07102""",10 WASHINGTON PLACE," ",NEWARK,NJ,"=""07102""",,Jennifer,Venegas-Gibbons,Anti-Bullying Specialist,,,,,"=""973-642-0101""",,1,1,1,1,1,1,1,1,1,1,1,1,1,,,"=""00289""",,,
"=""80""",OCEAN,"=""7893""",Ocean Academy Charter School,"=""918""",Ocean Academy Charter School,Ms.,Valarie,Smith,Chief School Administrator,valarie.smith@oceanacademycs.org,1650 Massachusetts Ave.," ",Lakewood,NJ,"=""08701""",1650 Massachusetts Ave.," ",Lakewood,NJ,"=""08701""",Ms.,Lorna,Hassel,Anti-Bullying Specialist,,,,,"=""732-987-6525""",,1,1,1,1,1,1,1,1,1,1,1,1,,,,"=""""",,,
"=""80""",MERCER,"=""7500""",Pace Charter School of Hamilton,"=""900""",Pace Charter School of Hamilton,Ms.,Deborah,Pontoriero,Chief School Administrator,dpontoriero@pace.charter.k12.nj.us,52 Lafayette Ave," ",HAMILTON TWP,NJ,"=""08610""",52 Lafayette Ave," ",HAMILTON TWP,NJ,"=""08610""",Ms.,Lisa,Wojtczuk,Anti-Bullying Specialist,Ms.,Erin,Nero,School Homeless Liaison,"=""609-599-1212""",,1,1,1,1,1,1,1,1,1,,,,,,,"=""00322""",,,
"=""80""",PASSAIC,"=""6080""",Passaic Arts and Science Charter School,"=""966""",Passaic Arts and Science Charter School,Dr.,Nihat,Guvercin,School Administrator,nguvercin@ilearnschools.org,7 St. Francis Way," ",Passaic,NJ,"=""07410""",33-00 Broadway,iLearn Schools Suite 301,Fair Lawn,NJ,"=""07407""",Mrs.,Donna,Giovia,Anti-Bullying Specialist,,,,,"=""201-773-9140""",,1,1,1,1,1,1,1,1,1,1,1,1,1,,,"=""03137""",https://www.facebook.com/passaiccharter,https://www.instagram.com/passaic_ascs,
"=""80""",PASSAIC,"=""6096""",Paterson Arts and Science Charter School,"=""982""",Paterson Arts and Science Charter School,Dr.,Nihat,Guvercin,School Administrator,nguvercin@ilearnschools.org,225 Grand Street," ",Paterson,NJ,"=""07501""",33-00 Broadway,iLearn Schools Suite 301,Fair Lawn,NJ,"=""07410""",Mrs.,Donna,Giovia,Anti-Bullying Specialist,,,,,"=""862-336-1550""",,1,1,1,1,1,1,1,1,1,1,1,1,1,,,"=""""",https://www.facebook.com/patersoncharter,https://www.instagram.com/paterson_charter,
"=""80""",PASSAIC,"=""7503""",Paterson Charter School for Science and Technology,"=""970""",Paterson Charter School for Science and Technology,Mr.,Ali,Gurcanli,School Lead,riza.gurcanli@pcsst.org,196 WEST RAILWAY AVENUE," ",PATERSON,NJ,"=""07503""",196 WEST RAILWAY AVENUE," ",PATERSON,NJ,"=""07503""",Ms.,Patricia,Stephenson,Anti-Bullying Specialist,,,,,"=""973-247-0600""",,1,1,1,1,1,1,1,1,1,1,1,1,1,,,"=""00735""",,,
"=""80""",PASSAIC,"=""7899""",Paterson Preparatory Charter School,"=""925""",Paterson Preparatory Charter School,Ms.,Quincey,Schenck,School Principal,qschenck@kippnj.org,190 Oliver Street," ",PATERSON,NJ,"=""07505""",190 Oliver Street," ",PATERSON,NJ,"=""07505""",Ms.,Katie,Ibeh,Anti-Bullying Specialist,,,,,"=""347-523-8905""",,1,1,1,1,1,1,1,1,1,,,,,,,"=""""",,,
"=""80""",MERCER,"=""6025""",Paul Robeson Charter School for the Humanities,"=""907""",Paul Robeson Charter School for the Humanities,Mrs.,Freya,Lund,School Principal,flund@paulrobesoncs.org,1289 Martin Luther King Jr Blvd," ",TRENTON,NJ,"=""08638""",1289 Martin Luther King Jr Blvd," ",TRENTON,NJ,"=""08638""",Ms.,Regina,Bell,Anti-Bullying Specialist,,,,,"=""609-394-7727""",,1,1,1,1,1,1,1,1,1,,,,,,,"=""03015""",,https://www.instagram.com/paulrobesoncharterschool,
"=""80""",ESSEX,"=""6094""",Philip's Academy Charter School,"=""968""",Philip's Academy Charter School,Mrs.,Yasmeen,Sampson,School Principal,ysampson@pacsnewark.org,342 Central Avenue," ",Newark,NJ,"=""07103""",342 Central Avenue," ",Newark,NJ,"=""07103""",Ms.,Beverly,El-Amin,Anti-Bullying Specialist,,,,,"=""973-624-0644""",1,1,1,1,1,1,1,1,1,1,,,,,,,"=""""",,,
"=""80""",PASSAIC,"=""6106""",Philip's Academy Charter School of Paterson,"=""997""",Philip's Academy Charter School of Paterson,Ms.,Maria,Picone,School Principal,mpicone@pacspaterson.org,124 Madison Avenue," ",Paterson,NJ,"=""07524""",124 Madison Avenue," ",Paterson,NJ,"=""07524""",Ms.,Noel,Johnson,Anti-Bullying Specialist,,,,,"=""973-247-8920""",,1,1,1,1,1,1,1,1,1,,,,,,,"=""""",,,
"=""80""",ESSEX,"=""6020""",Pride Academy Charter School District,"=""985""",Pride Academy Charter School,Dr.,Crystal,Covington,School Principal,ccovington@prideacs.org,117 ELMWOOD AVE," ",EAST ORANGE,NJ,"=""07018""",117 ELMWOOD AVE," ",EAST ORANGE,NJ,"=""07018""",Ms.,Robin,Brower,Anti-Bullying Specialist,,,,,"=""973-672-3200""",,,,,,,1,1,1,1,,,,,,,"=""03017""",,,
"=""80""",MERCER,"=""7540""",Princeton Charter School,"=""930""",Princeton Charter School,Mr.,Lawrence,Patton,School Director,lpatton@princetoncharter.org,100 Bunn Drive," ",PRINCETON,NJ,"=""08540-2821""",100 Bunn Drive," ",PRINCETON,NJ,"=""08540-2821""",Mrs.,Susan,Kushner,Anti-Bullying Specialist,,,,,"=""609-924-0575""",,1,1,1,1,1,1,1,1,1,,,,,,,"=""00323""",,,
"=""80""",ATLANTIC,"=""6104""",Principle Academy Charter School,"=""995""",Principle Academy Charter School,Ms.,Shanta,Greene,School Director,shantagreen@principleacademycharter.org,6718 E Black Horse Pike,"Suite 16 ",Egg Harbor Township,NJ,"=""08234""",6718 E Black Horse Pike,"Suite 16 ",Egg Harbor Township,NJ,"=""08234""",Ms.,Shanta,Greene,Anti-Bullying Specialist,,,,,"=""609-498-6350""",,1,1,1,1,1,1,1,,,,,,,,,"=""""",,,
"=""80""",MONMOUTH,"=""7720""",Red Bank Charter School,"=""915""",Red Bank Charter School,Dr.,Kristen,Martello,Chief School Administrator,k.martello@redbankcharterschool.com,58 OAKLAND STREET," ",RED BANK,NJ,"=""07701""",58 OAKLAND STREET," ",RED BANK,NJ,"=""07701""",Ms.,Angela,Sopkiewicz,Anti-Bullying Specialist,,,,,"=""732-450-2092""",1,1,1,1,1,1,1,1,1,1,,,,,,,"=""00336""",,,
"=""80""",WARREN,"=""7727""",Ridge and Valley Charter School,"=""900""",Ridge and Valley Charter School,,Ieva,Alverson,School Lead,ieva.alverson@ridgeandvalley.org,1234 STATE ROUTE 94," ",Frelinghuysen,NJ,"=""07825""",1234 STATE ROUTE 94," ",BLAIRSTOWN,NJ,"=""07825""",,Tina,Manning,Anti-Bullying Specialist,,Lisa,Masi,School Homeless Liaison,"=""908-362-1114""",,1,1,1,1,1,1,1,1,1,,,,,,,"=""00569""",,,
"=""80""",BURLINGTON,"=""6026""",Riverbank Charter School of Excellence,"=""908""",Riverbank Charter School of Excellence,Ms.,Beth,Kelley,School Principal,kelley@riverbank.charter.k12.nj.us,1300 Hornberger Ave," ",Roebling,NJ,"=""08554""",1300 Hornberger Ave," ",Roebling,NJ,"=""08554""",Ms.,Debbie,Pontoriero,Anti-Bullying Specialist,,,,,"=""609-499-4321""",,1,1,1,1,,,,,,,,,,,,"=""03022""",,,
"=""80""",ESSEX,"=""7730""",Robert Treat Academy Charter School,"=""970""","Robert Treat Academy Charter School, Inc.",Mr.,Marcelino,Trillo,School Principal,trillom@roberttreatacademy.org,443 CLIFTON AVENUE," ",NEWARK,NJ,"=""07104-1339""",443 CLIFTON AVENUE," ",NEWARK,NJ,"=""07104-1339""",Mr.,Paul,Parada,Anti-Bullying Specialist,,,,,"=""973-482-8811""",,1,1,1,1,1,1,1,1,1,,,,,,,"=""00291""",,,
"=""80""",ESSEX,"=""6058""",Roseville Community Charter School,"=""939""",Roseville Community Charter School,Mrs.,Malika,Jackson,School Principal,njackson@rosevillecharter.org,540 ORANGE STREET," ",NEWARK,NJ,"=""07107""",540 ORANGE STREET," ",NEWARK,NJ,"=""07107""",Mr.,Michael,Stokes,Anti-Bullying Specialist,,,,,"=""973-483-4400""",,1,1,1,1,1,1,,,,,,,,,,"=""03187""",,,
"=""80""",HUDSON,"=""7830""",Soaring Heights Charter School,"=""980""",Soaring Heights Charter School,Ms.,Jacqueline,Quagliana,School Administrator,jquagliana@shcsjc.org,1 ROMAR AVENUE," ",JERSEY CITY,NJ,"=""07305""",1 ROMAR AVENUE," ",JERSEY CITY,NJ,"=""07305""",Ms.,Stephanie,Mastropaolo,Anti-Bullying Specialist,,,,,"=""201-434-4800""",,1,1,1,1,1,1,1,1,1,,,,,,,"=""00309""",https://www.facebook.com/soaringheightscharterschool,https://www.instagram.com/shcs_jc,
"=""80""",SUSSEX,"=""7850""",Sussex County Technology Charter School,"=""960""",Sussex County Technology Charter School,Mr.,Michael,Bell,School Principal,mbell@sussexcharter.org,385 N. Church Rd.," ",SPARTA,NJ,"=""07871""",385 N. Church Rd.," ",SPARTA,NJ,"=""07871""",Ms.,Lauren,Palumbo,Anti-Bullying Specialist,,,,,"=""973-383-3250""",,,,,,,,1,1,1,,,,,,,"=""00361""",,,
"=""80""",ESSEX,"=""7325""",TEAM Academy Charter School,"=""965""",TEAM Academy Charter School,Mr.,Ryan,Hill,School Administrator,rhill@kippnj.org,60 Park Place,"Suite 802 ",NEWARK,NJ,"=""07102""",60 Park Place,"Suite 802 ",NEWARK,NJ,"=""07102""",Ms.,Zanifa,Franck,Anti-Bullying Specialist,,,,,"=""973-622-0905""",,1,1,1,1,1,1,1,1,1,1,1,1,1,,,"=""00529""",,,
"=""80""",BERGEN,"=""7890""",Teaneck Community Charter School,"=""920""",Teaneck Community Charter school,Mr.,Ralph,Gallo,School Lead,rgallo@tccsnj.org,563 CHESTNUT AVENUE," ",TEANECK,NJ,"=""07666""",563 CHESTNUT AVENUE," ",TEANECK,NJ,"=""07666""",Ms.,Kristina,Anders,Anti-Bullying Specialist,,,,,"=""201-833-9600""",,1,1,1,1,1,1,1,1,1,,,,,,,"=""00259""",,https://www.instagram.com/tccs_nj,
"=""80""",HUDSON,"=""6030""",The Ethical Community Charter School School Distirct,"=""912""",The Ethical Community Charter School,Mrs.,Chloe,Lewis,School Principal,chloe.lewis@teccsjc.org,95 Broadway," ",JERSEY CITY,NJ,"=""07306""",95 Broadway," ",JERSEY CITY,NJ,"=""07306""",Mr.,Melissa,Bresnahan,Anti-Bullying Specialist,,,,,"=""201-984-4151""",,1,1,1,1,1,1,1,1,1,,,,,,,"=""03029""",https://www.facebook.com/TECCSJC,https://www.instagram.com/teccsjc,https://x.com/TECCSJC
"=""80""",HUDSON,"=""7115""",The Learning Community Charter School,"=""960""",Learning Community Charter School,Mr.,Colin,Hogan,School Principal,chogan@lccsnj.org,2495 John F Kennedy Blvd," ",JERSEY CITY,NJ,"=""07304""",2495 John F Kennedy Blvd," ",JERSEY CITY,NJ,"=""07304""",Mr.,Angel,Melendez,Anti-Bullying Specialist,,,,,"=""201-332-0900""",1,1,1,1,1,1,1,1,1,1,,,,,,,"=""00307""",,,
"=""80""",UNION,"=""7600""",The Queen City Academy Charter School District,"=""960""",The Queen City Academy Charter School,Ms.,Jazmin,Gooding,School Principal,jgooding@queencity.edu,815 WEST SEVENTH STREET," ",PLAINFIELD,NJ,"=""07063""",815 WEST SEVENTH STREET," ",PLAINFIELD,NJ,"=""07063""",Mrs.,Jasmine,Morrison,Anti-Bullying Specialist,,,,,"=""908-753-4700""",,1,1,1,1,1,1,1,1,1,1,1,1,1,,,"=""00378""",,https://www.instagram.com/QCACS,
"=""80""",MERCER,"=""8140""",The Village Charter School,"=""990""",The Village Charter School,Mrs.,Keoke,Wooten-Johnson,School Principal,kwjohnson@villagecharter.org,101 SULLIVAN WAY," ",TRENTON,NJ,"=""08628""",101 SULLIVAN WAY," ",TRENTON,NJ,"=""08628""",Dr.,Theresa,Flim,Anti-Bullying Specialist,,,,,"=""609-695-0110""",,1,1,1,1,1,1,1,1,1,,,,,,,"=""00329""",,,
"=""80""",SOMERSET,"=""6081""",Thomas Edison EnergySmart Charter School,"=""967""",Thomas Edison EnergySmart Charter School,Dr.,Oguz,Yildiz,School Lead,oyildiz@energysmartschool.org,150 Pierce Street," ",Somerset,NJ,"=""08873""",150 Pierce Street," ",Somerset,NJ,"=""08873""",Mrs.,Rajasri,Govindaraju,Anti-Bullying Specialist,,,,,"=""732-412-7643""",,1,1,1,1,1,1,1,1,1,1,1,1,1,,,"=""""",,,
"=""80""",MERCER,"=""7902""",Thrive Charter School,"=""941""",Thrive Charter School,Dr.,Lauren,Brazil,Chief School Administrator,lbrazil@thrivecharterschool.org,175 Leonard Avenue," ",Hamilton,NJ,"=""08610""",175 Leonard Avenue," ",Hamilton,NJ,"=""08610""",Ms.,Amy,Scarpulla,Anti-Bullying Specialist,,,,,"=""609-586-3705""",,1,1,1,1,1,1,1,1,1,1,1,1,1,,,"=""06180""",,,
"=""80""",UNION,"=""8010""",Union County TEAMS Charter School-High School/College LA,"=""980""",Union County TEAMS Charter School,Mr.,Michael,Chiles Jr,School Principal,Mchiles@ucteams.org,515 WEST FOURTH STREET," ",PLAINFIELD,NJ,"=""07060""",515 WEST FOURTH STREET," ",PLAINFIELD,NJ,"=""07060""",Ms.,Keia,Boyd,Anti-Bullying Specialist,,,,,"=""908-754-9043""",,1,1,1,1,1,1,1,1,1,1,1,1,1,,,"=""00573""",,,
"=""80""",MORRIS,"=""8050""",Unity Charter School,"=""990""",Unity Charter School,Ms.,Keith,Robinson,School Principal,keith.robinson@unitycharterschool.org,1 Evergreen Place,"Suite A ",MORRISTOWN,NJ,"=""07960""",1 Evergreen Place,"Suite A ",MORRISTOWN,NJ,"=""07960""",Mr.,Michael,Braverman,Anti-Bullying Specialist,,,,,"=""973-292-1808""",,1,1,1,1,1,1,1,1,1,,,,,,,"=""00339""",,,
"=""80""",HUDSON,"=""8060""",University Academy Charter High School,"=""990""",University Academy Charter High School,Mr.,Erie,Lugo,School Lead,elugo@uachs.org,275 WEST SIDE AVENUE," ",JERSEY CITY,NJ,"=""07305""",275 WEST SIDE AVENUE," ",JERSEY CITY,NJ,"=""07305""",Ms.,Jennifer,Carlson,Anti-Bullying Specialist,,,,,"=""201-200-3200""",,,,,,,,,,,1,1,1,1,,,"=""00531""",,,
"=""80""",CUMBERLAND,"=""6028""",Vineland Public Charter School,"=""910""",Vineland Public Charter School,Mr.,Joseph,Zlotek,School Principal,jzlotek@cccharters.org,1480 Pennsylvania Ave.," ",VINELAND,NJ,"=""08361""",1101 Wheaton Avenue,"Suite 220 ",Millville,NJ,"=""08332""",Mrs.,Morgan,Frazier,Anti-Bullying Specialist,,,,,"=""856-691-1004""",1,1,1,1,1,1,1,1,1,1,,,,,,,"=""03027""",,,
"=""11""",CUMBERLAND,"=""0540""",Bridgeton City School District,"=""020""",Bridgeton High School,Mr.,Michael,Eckmeyer,School Principal,meckmeyer@bridgeton.org,111 N WEST AVENUE," ",BRIDGETON,NJ,"=""08302""",111 N WEST AVENUE," ",BRIDGETON,NJ,"=""08302""",Mr.,Osco,Williams,Anti-Bullying Specialist,,,,,"=""856-455-8030""",,,,,,,,,,,1,1,1,1,,,"=""01784""",,,
"=""11""",CUMBERLAND,"=""0540""",Bridgeton City School District,"=""030""",Broad Street School,Mr.,Philippe,Silva,School Principal,psilva@bridgeton.org,251 WEST BROAD STREET," ",BRIDGETON,NJ,"=""08302""",251 WEST BROAD STREET," ",BRIDGETON,NJ,"=""08302""",Ms.,Maite,Reyes,Anti-Bullying Specialist,,,,,"=""856-455-8030""",,1,1,1,1,1,1,1,1,1,,,,,,,"=""01786""",,,
"=""11""",CUMBERLAND,"=""0540""",Bridgeton City School District,"=""050""",Buckshutem Road School,Mr.,Derek,Macchia,School Principal,dmacchia@bridgeton.org,550 BUCKSHUTEM ROAD," ",BRIDGETON,NJ,"=""08302-9501""",550 BUCKSHUTEM ROAD," ",BRIDGETON,NJ,"=""08302-9501""",Mrs.,Maria,Martini,Anti-Bullying Specialist,,,,,"=""856-455-8030""",,1,1,1,1,1,1,1,1,1,,,,,,,"=""01788""",,,
"=""11""",CUMBERLAND,"=""0540""",Bridgeton City School District,"=""055""",Cherry Street School,Mr.,Hassan,Sabree,School Principal,hassan.sabree@bridgeton.org,11 CHERRY STREET," ",BRIDGETON,NJ,"=""08302""",11 CHERRY STREET," ",BRIDGETON,NJ,"=""08302""",Mr.,Sara,Chaffin,Anti-Bullying Specialist,,,,,"=""856-455-8030""",,1,1,1,1,1,1,1,1,1,,,,,,,"=""01790""",,,
"=""11""",CUMBERLAND,"=""0540""",Bridgeton City School District,"=""150""",Geraldyn O Foster Early Childhood Center,Mrs.,Monica,Poland,School Principal,Monica.Poland@bridgeton.org,550 BUCKSHUTEM ROAD," ",BRIDGETON,NJ,"=""08302""",550 BUCKSHUTEM ROAD," ",BRIDGETON,NJ,"=""08302""",Mrs.,Dana,Spitz,Anti-Bullying Specialist,,,,,"=""856-455-8030""",1,,,,,,,,,,,,,,,,"=""00581""",,,
"=""11""",CUMBERLAND,"=""0540""",Bridgeton City School District,"=""060""",Indian Ave School,Mr.,Karl,Brown,School Principal,kbrown@bridgeton.org,399 INDIAN AVENUE," ",BRIDGETON,NJ,"=""08302""",399 INDIAN AVENUE," ",BRIDGETON,NJ,"=""08302""",Ms.,Jessica,Parkell,Anti-Bullying Specialist,,,,,"=""856-455-8030""",,1,1,1,1,1,1,1,1,1,,,,,,,"=""01794""",,,
"=""11""",CUMBERLAND,"=""0540""",Bridgeton City School District,"=""100""",Quarter Mile Lane School,Mrs.,Esther,Carter,School Principal,Ecarter@bridgeton.org,300 QUARTER MILE LANE," ",BRIDGETON,NJ,"=""08302""",300 QUARTER MILE LANE," ",BRIDGETON,NJ,"=""08302""",Mrs.,Jodi,Mazza,Anti-Bullying Specialist,,,,,"=""856-455-8030""",1,1,1,1,1,1,1,1,1,1,,,,,,,"=""01800""",,,
"=""11""",CUMBERLAND,"=""0540""",Bridgeton City School District,"=""130""",West Avenue School,Mr.,Joseph,Maurizio,School Principal,Joseph.Maurizio@bridgeton.org,51 NORTH WEST AVENUE," ",BRIDGETON,NJ,"=""08302-1388""",51 NORTH WEST AVENUE," ",BRIDGETON,NJ,"=""08302-1388""",Ms.,Nicole,Greening,Anti-Bullying Specialist,,,,,"=""856-455-8030""",,1,1,1,1,1,1,1,1,1,,,,,,,"=""01804""",,,
"=""11""",CUMBERLAND,"=""0950""",Commercial Township School District,"=""025""",Commercial Township School,Mrs.,Lynn,DiPietropolo,Chief School Administrator,Lynn.DiPietropolo@commercialschools.org,1308 NORTH AVENUE," ",PORT NORRIS,NJ,"=""08349-9801""",1308 NORTH AVENUE," ",PORT NORRIS,NJ,"=""08349-9801""",Mr.,Tyler,Day,Anti-Bullying Specialist,Mr.,Tyler,Day,School Homeless Liaison,"=""856-785-0222""",1,1,1,1,1,1,1,1,1,1,,,,,,,"=""01810""",https://www.facebook.com/CommercialTownshipSchoolDistrict,,
"=""11""",CUMBERLAND,"=""0995""",Cumberland County Board of Vocational Education,"=""030""",Cumberland County Technical Education Center,Mr.,Greg,McGraw,School Principal,gmcgraw@cctecnj.org,3400 College Drive," ",Millville,NJ,"=""08332""",3400 College Drive," ",Vineland,NJ,"=""08360""",Mrs.,Layla,Stalling,Anti-Bullying Specialist,,,,,"=""856-451-9000""",,,,,,,,,,,1,1,1,1,,,"=""01816""",,,
"=""11""",CUMBERLAND,"=""0997""",Cumberland Regional School District,"=""030""",Cumberland Regional High School,Mr.,Justin,Martin,School Principal,martin@crhsd.org,90 SILVER LAKE ROAD," ",BRIDGETON,NJ,"=""08302""",90 SILVER LAKE ROAD," ",BRIDGETON,NJ,"=""08302""",Mr.,Ian,Fisher,Anti-Bullying Specialist,,,,,"=""856-451-9400""",,,,,,,,,,,1,1,1,1,,,"=""01820""",https://www.facebook.com/CRHSD,https://www.instagram.com/crhscoltpride,https://x.com/CRHSD
"=""11""",CUMBERLAND,"=""1020""",Deerfield Township School District,"=""040""",Deerfield Township Elementary School,Mr.,Jeff,Samaniego,Chief School Administrator,jsamaniego@deerfield.k12.nj.us,419  MORTON AVE," ",ROSENHAYN,NJ,"=""08352-0375""",BOX 375 MORTON AVE," ",ROSENHAYN,NJ,"=""08352-0375""",Ms.,Lisa,Trexler,Anti-Bullying Specialist,Ms.,Lisa,Trexler,School Homeless Liaison,"=""856-451-6610""",1,1,1,1,1,1,1,1,1,1,,,,,,,"=""01826""",,,
"=""11""",CUMBERLAND,"=""1120""",Downe Township School District,"=""045""",Downe Township Elementary School,Ms.,Sherri,Miller,School Principal,smiller@downeschool.org,220 MAIN ST," ",NEWPORT,NJ,"=""08345-9711""",220 MAIN ST," ",NEWPORT,NJ,"=""08345-9711""",Mrs.,Alysia,Thomson,Anti-Bullying Specialist,,,,,"=""856-447-4673""",1,1,1,1,1,1,1,1,1,1,,,,,,,"=""01832""",,,
"=""11""",CUMBERLAND,"=""1460""",Fairfield Township School District,"=""070""",Fairfield Township School,Dr.,Ja'Shanna,Jones,Chief School Administrator,jjones@fairfield.k12.nj.us,375 GOULDTOWN  WOODRUFF ROAD," ",BRIDGETON,NJ,"=""08302""",375 GOULDTOWN  WOODRUFF ROAD," ",BRIDGETON,NJ,"=""08302""",Dr.,Monica,Ralph,Anti-Bullying Specialist,,,,,"=""856-453-1882""",1,1,1,1,1,1,1,1,1,1,,,,,,,"=""00811""",,,
"=""11""",CUMBERLAND,"=""1466""",Greenwich Stow Creek Regional School District,"=""060""",Morris Goodwin School,Mr.,Brandon,Cobb,School Administrator,brandon.cobb@gscnj.org,839 YE GREATE STREET," ",GREENWICH,NJ,"=""08323-0360""",839 YE GREATE STREET," ",GREENWICH,NJ,"=""08323-0360""",Mrs.,Kim,Wible,Anti-Bullying Specialist,,,,,"=""856-451-5513""",1,1,1,1,1,1,1,1,1,1,,,,,,,"=""01848""",,,
"=""11""",CUMBERLAND,"=""1466""",Greenwich Stow Creek Regional School District,"=""050""",Stow Creek Township School,Mr.,Brandon,Cobb,School Administrator,brandon.cobb@gscnj.org,11 GUM TREE CORNER ROAD," ",BRIDGETON,NJ,"=""08302-8951""",11 GUM TREE CORNER ROAD," ",BRIDGETON,NJ,"=""08302-8951""",Ms.,Kim,Wible,Anti-Bullying Specialist,,,,,"=""856-455-1717""",1,1,1,1,1,1,1,1,1,1,,,,,,,"=""01890""",,,
"=""11""",CUMBERLAND,"=""2270""",Hopewell Township School District,"=""060""",Hopewell Crest,Mrs.,MEGHAN,LAMMERSEN,School Principal,mlammersen@hopewellcrest.org,122 SEWALL ROAD," ",BRIDGETON,NJ,"=""08302-8503""",122 SEWALL ROAD," ",BRIDGETON,NJ,"=""08302-8503""",Mrs.,Kathleen,Maloney,Anti-Bullying Specialist,,,,,"=""856-451-9203""",1,1,1,1,1,1,1,1,1,1,,,,,,,"=""01854""",,,
"=""11""",CUMBERLAND,"=""2570""",Lawrence Township School District,"=""030""",Myron L. Powell Elementary School,Mr.,Mike,Coyle,School Principal,mcoyle@myronlpowell.org,225 MAIN STREET," ",CEDARVILLE,NJ,"=""08311""",225 MAIN STREET," ",CEDARVILLE,NJ,"=""08311""",Mrs.,Heather,Burkhart,Anti-Bullying Specialist,,,,,"=""856-447-4237""",1,1,1,1,1,1,1,1,1,1,,,,,,,"=""01856""",https://www.facebook.com/MyronLPowellSchool,,
"=""11""",CUMBERLAND,"=""3050""",Maurice River Township School District,"=""065""",Maurice River Township School,Mrs.,KAREN,CASSADY,School Principal,kcassady@mrtes.com,3593 RT 47," ",PORT ELIZABETH,NJ,"=""08348-0464""",PO BOX 464," ",PORT ELIZABETH,NJ,"=""08348-0464""",Ms.,MICHAEL,CAMAC,Anti-Bullying Specialist,,,,,"=""856-825-7411""",1,1,1,1,1,1,1,1,1,1,,,,,,,"=""01862""",,,
"=""11""",CUMBERLAND,"=""3230""",Millville School District,"=""068""",Child Family Center,Dr.,Jennifer,Garcia-Griffin,School Principal,jennifer.garcia@millville.org,1100 COOMBS RD.," ",MILLVILLE,NJ,"=""08332""",1100 COOMBS RD.,"PO Box 5010 ",MILLVILLE,NJ,"=""08332""",Ms.,Lindzay,Rogers,Anti-Bullying Specialist,,,,,"=""856-293-2171""",1,,,,,,,,,,,,,,,,"=""01874""",,,
"=""11""",CUMBERLAND,"=""3230""",Millville School District,"=""075""",Holly Heights Elementary School,Mrs.,Ashleigh,Udalovas,School Principal,ashleigh.udalovas@millville.org,2509 E. Main St.," ",MILLVILLE,NJ,"=""08332-9639""",2509 E. Main St.," ",MILLVILLE,NJ,"=""08332-9639""",Ms.,Lindzay,Rogers,Anti-Bullying Specialist,,,,,"=""856-293-2200""",,1,1,1,1,1,1,,,,,,,,,,"=""01878""",,,
"=""11""",CUMBERLAND,"=""3230""",Millville School District,"=""077""",Lakeside Middle School,Dr.,Lisa,Niemi,School Principal,lisa.niemi@millville.org,2 N  SHARP ST," ",MILLVILLE,NJ,"=""08332""",2 N  SHARP ST,"PO Box 5010 ",MILLVILLE,NJ,"=""08332""",Ms.,Melissa,Sooy,Anti-Bullying Specialist,,,,,"=""856-293-2420""",,,,,,,,1,1,1,,,,,,,"=""00271""",,,
"=""11""",CUMBERLAND,"=""3230""",Millville School District,"=""050""",Millville High School,Mrs.,Jaime,Sutton,School Principal,jaime.sutton@millville.org,200 WADE BLVD," ",MILLVILLE,NJ,"=""08332-2206""",200 WADE BLVD,"PO Box 5010 ",MILLVILLE,NJ,"=""08332-2206""",Ms.,Amanda,Haviland,Anti-Bullying Specialist,,,,,"=""856-327-6040""",,,,,,,,,,,1,1,1,1,,,"=""01868""",,,
"=""11""",CUMBERLAND,"=""3230""",Millville School District,"=""080""",Mount Pleasant Elementary School,Mr.,Jason,Durham,School Principal,jason.durham@millville.org,100 CARMEL RD," ",MILLVILLE,NJ,"=""08332""",100 CARMEL RD,"PO Box 5010 ",MILLVILLE,NJ,"=""08332""",Ms.,Lindzay,Rogers,Anti-Bullying Specialist,,,,,"=""856-293-2220""",,1,1,1,1,1,1,,,,,,,,,,"=""01880""",,,
"=""11""",CUMBERLAND,"=""3230""",Millville School District,"=""065""",R. M. Bacon Elementary School,Dr.,Spike,Cook,School Principal,spike.cook@millville.org,501 SOUTH THIRD STREET," ",MILLVILLE,NJ,"=""08332""",501 SOUTH THIRD STREET,"PO Box 5010 ",MILLVILLE,NJ,"=""08332""",Ms.,Lindzay,Rogers,Anti-Bullying Specialist,,,,,"=""856-327-6100""",,1,1,1,1,1,1,,,,,,,,,,"=""01872""",,,
"=""11""",CUMBERLAND,"=""3230""",Millville School District,"=""085""",Rieck Avenue Elementary School,Ms.,Kristi,Schoppe,School Principal,kristi.schoppe@millville.org,339 RIECK AVENUE," ",MILLVILLE,NJ,"=""08332""",339 RIECK AVENUE,"PO Box 5010 ",MILLVILLE,NJ,"=""08332""",Ms.,Lindzay,Rogers,Anti-Bullying Specialist,,,,,"=""856-293-2345""",,1,1,1,1,1,1,,,,,,,,,,"=""01882""",,,
"=""11""",CUMBERLAND,"=""3230""",Millville School District,"=""100""",Silver Run Elementary School,Mr.,Eric,Reissek,School Principal,eric.reissek@millville.org,301 SILVER RUN ROAD," ",MILLVILLE,NJ,"=""08332""",301 SILVER RUN ROAD,"PO Box 5010 ",MILLVILLE,NJ,"=""08332""",Ms.,Lindzay,Rogers,Anti-Bullying Specialist,,,,,"=""856-293-2470""",,1,1,1,1,1,1,,,,,,,,,,"=""00061""",,,
"=""11""",CUMBERLAND,"=""5300""",Upper Deerfield Township School District,"=""050""",Charles F. Seabrook School,Mrs.,Lisa,Frassetto,School Principal,frassettol@udts.org,1373 Highway 77," ",SEABROOK,NJ,"=""08302-4261""",1373 Highway 77," ",SEABROOK,NJ,"=""08302-4261""",Mrs.,Amy,Waldo,Anti-Bullying Specialist,,,,,"=""856-455-2267""",1,1,1,1,,,,,,,,,,,,,"=""01894""",,,
"=""11""",CUMBERLAND,"=""5300""",Upper Deerfield Township School District,"=""060""",Elizabeth F. Moore School,Ms.,Kimberly,Rivera,School Principal,riverak@udts.org,1361 Highway 77," ",SEABROOK,NJ,"=""08302-4261""",1361 Highway 77," ",SEABROOK,NJ,"=""08302-4261""",Ms.,Sarah,Verbos,Anti-Bullying Specialist,,,,,"=""856-455-2267""",,,,,1,1,1,,,,,,,,,,"=""01896""",,,
"=""11""",CUMBERLAND,"=""5300""",Upper Deerfield Township School District,"=""070""",Woodruff Middle School,Mr.,Harold,Hill,School Principal,hillh@udts.org,1385 Highway 77," ",Seabrook,NJ,"=""08302-4261""",1385 Highway 77," ",Seabrook,NJ,"=""08302-4261""",Ms.,Francesca,Cavallaro,Anti-Bullying Specialist,,,,,"=""856-455-2267""",,,,,,,,1,1,1,,,,,,,"=""01898""",,,
"=""11""",CUMBERLAND,"=""5390""",Vineland Public School District,"=""065""",Anthony Rossi Elementary School,Mrs.,Lauren,Coia,School Principal,lcoia@vineland.org,2572 PALERMO AVE," ",VINELAND,NJ,"=""08360-7309""",2572 PALERMO AVE," ",VINELAND,NJ,"=""08360-7309""",Mrs.,Susanna,Cileone,Anti-Bullying Specialist,,,,,"=""856-794-6961""",,1,1,1,1,1,1,,,,,,,,,,"=""01910""",,,
"=""11""",CUMBERLAND,"=""5390""",Vineland Public School District,"=""176""",Casimer M. Dallago Jr. Impact Center,Mrs.,Melissa,Hannagan-Painter,School Principal,mhannagan-painter@vineland.org,240 S. Sixth Street," ",VINELAND,NJ,"=""08360-4625""",240 S. Sixth Street," ",VINELAND,NJ,"=""08360-4625""",Ms.,LeAnne,Varvaro,Anti-Bullying Specialist,,,,,"=""856-641-8502""",1,,,,,,,,,,,,,,,,"=""00225""",,,
"=""11""",CUMBERLAND,"=""5390""",Vineland Public School District,"=""095""",Dane Barse Elementary School,Ms.,Brittney,Tomlin,School Principal,btomlin@vineland.org,240 S ORCHARD RD," ",VINELAND,NJ,"=""08360-4337""",240 S ORCHARD RD," ",VINELAND,NJ,"=""08360-4337""",Mrs.,Maricia,Rhoads,Anti-Bullying Specialist,,,,,"=""856-794-6940""",,1,1,1,1,1,1,,,,,,,,,,"=""01916""",,,
"=""11""",CUMBERLAND,"=""5390""",Vineland Public School District,"=""260""",Dr. William Mennies Elementary School,Ms.,Karly,O'Donoghue,School Principal,kodonoghue@vineland.org,361 EAST GRANT AVENUE," ",VINELAND,NJ,"=""08360-7107""",361 EAST GRANT AVENUE," ",VINELAND,NJ,"=""08360-7107""",Mrs.,Aileen,Seda,Anti-Bullying Specialist,,,,,"=""856-794-6957""",,1,1,1,1,1,1,,,,,,,,,,"=""05921""",,,
"=""11""",CUMBERLAND,"=""5390""",Vineland Public School District,"=""120""",Edward Johnstone Middle School,Mr.,James,Pierce,School Principal,jpierce@vineland.org,165 S  BREWSTER RD," ",VINELAND,NJ,"=""08361-7871""",165 S  BREWSTER RD," ",VINELAND,NJ,"=""08361-7871""",Mrs.,Lauren,Cifuentes,Anti-Bullying Specialist,,,,,"=""856-794-6967""",,,,,,,,1,1,1,,,,,,,"=""01928""",,,
"=""11""",CUMBERLAND,"=""5390""",Vineland Public School District,"=""075""",Gloria M Sabater Elementary School,Mrs.,Sofia,Heredia-Torres,School Principal,sheredia-torres@vineland.org,301 SOUTH EAST BLVD," ",VINELAND,NJ,"=""08360-3001""",301 SOUTH EAST BLVD," ",VINELAND,NJ,"=""08360-3001""",Mr.,Kenneth,Smith,Anti-Bullying Specialist,,,,,"=""856-641-8502""",,1,1,1,1,1,1,,,,,,,,,,"=""03031""",,,
"=""11""",CUMBERLAND,"=""5390""",Vineland Public School District,"=""115""",John H. Winslow Elementary School,Mrs.,Heather,Johnson,School Principal,hljohnson@vineland.org,1335 MAGNOLIA RD," ",VINELAND,NJ,"=""08360-6578""",1335 MAGNOLIA RD," ",VINELAND,NJ,"=""08360-6578""",Mrs.,Dawn,Yacovelli,Anti-Bullying Specialist,,,,,"=""856-794-6973""",,1,1,1,1,1,1,,,,,,,,,,"=""01924""",,,
"=""11""",CUMBERLAND,"=""5390""",Vineland Public School District,"=""135""",Marie Durand Elementary School,Mr.,Daniel,Greco,School Principal,dgreco@vineland.org,371 W FOREST GROVE RD," ",VINELAND,NJ,"=""08360-2060""",371 W FOREST GROVE RD," ",VINELAND,NJ,"=""08360-2060""",Mrs.,Jennifer,Pepe,Anti-Bullying Specialist,,,,,"=""856-794-6929""",,1,1,1,1,1,1,,,,,,,,,,"=""01930""",,,
"=""11""",CUMBERLAND,"=""5390""",Vineland Public School District,"=""270""",Pauline J. Petway Elementary School,Mrs.,Daisy,Mercado,School Principal,dmercado@vineland.org,1115 SO  LINCOLN AVE," ",VINELAND,NJ,"=""08361-6601""",1115 SO  LINCOLN AVE," ",VINELAND,NJ,"=""08361-6601""",Mrs.,McKenzie,Buck,Anti-Bullying Specialist,,,,,"=""856-362-8855""",,1,1,1,1,1,1,,,,,,,,,,"=""00807""",,,
"=""11""",CUMBERLAND,"=""5390""",Vineland Public School District,"=""301""",Sgt. Dominick Pilla Middle School,Mrs.,Nicole,Oshenic,School Principal,noshenic@vineland.org,3133 S Lincoln Ave," ",Vineland,NJ,"=""08361-7101""",3133 S Lincoln Ave," ",Vineland,NJ,"=""08361-7101""",Mrs.,Kelly,Stipes,Anti-Bullying Specialist,,,,,"=""856-691-1801""",,,,,,,,1,1,1,,,,,,,"=""""",,,
"=""11""",CUMBERLAND,"=""5390""",Vineland Public School District,"=""230""",Solve D'Ippolito Elementary School,Ms.,Marisa,Taormina,School Principal,mtaormina@vineland.org,1578 NORTH VALLEY AVE," ",VINELAND,NJ,"=""08360-2431""",1578 NORTH VALLEY AVE," ",VINELAND,NJ,"=""08360-2431""",Mrs.,Elizabeth,Anthony,Anti-Bullying Specialist,,,,,"=""856-794-6934""",,1,1,1,1,1,1,,,,,,,,,,"=""01948""",,,
"=""11""",CUMBERLAND,"=""5390""",Vineland Public School District,"=""280""",Thomas W. Wallace Jr. Middle School,Ms.,Roselyn,Rosado,School Principal,rrosado@vineland.org,688 NORTH MILL ROAD," ",VINELAND,NJ,"=""08360-2635""",688 NORTH MILL ROAD," ",VINELAND,NJ,"=""08360-2635""",Mr.,Ernesto,Ortiz,Anti-Bullying Specialist,,,,,"=""856-362-8887""",,,,,,,,1,1,1,,,,,,,"=""00823""",,,
"=""11""",CUMBERLAND,"=""5390""",Vineland Public School District,"=""060""",Veterans Memorial Middle,Mrs.,Jaclyn,Mongelluzzo,School Principal,jmongelluzo@vineland.org,424 S MAIN RD," ",VINELAND,NJ,"=""08360-7843""",424 S MAIN RD," ",VINELAND,NJ,"=""08360-7843""",Mrs.,Cristina,Luciano,Anti-Bullying Specialist,,,,,"=""856-794-6918""",,,,,,,,1,1,1,,,,,,,"=""01908""",,,
"=""11""",CUMBERLAND,"=""5390""",Vineland Public School District,"=""050""",Vineland Senior High School,Mr.,Justin,Adams,School Principal,jjadams@vineland.org,2880 E CHESTNUT AVE," ",VINELAND,NJ,"=""08360-6144""",2880 E CHESTNUT AVE," ",VINELAND,NJ,"=""08360-6144""",Mrs.,Cathleen,Morris,Anti-Bullying Specialist,,,,,"=""856-794-6800""",,,,,,,,,,,1,1,1,1,,,"=""01902""",,,
"=""13""",ESSEX,"=""0250""",Belleville Public School District,"=""020""",Belleville High School,Dr.,Maria,Calhoun,School Principal,maria.calhoun@bellevilleschools.org,100 PASSAIC AVE," ",BELLEVILLE,NJ,"=""07109-1807""",100 PASSAIC AVE," ",BELLEVILLE,NJ,"=""07109-1807""",Ms.,Meryl,Mendolla,Anti-Bullying Specialist,,,,,"=""973-969-4343""",,,,,,,,,,,1,1,1,1,,,"=""01954""",,,
"=""13""",ESSEX,"=""0250""",Belleville Public School District,"=""025""",Belleville Middle School,Mr.,Charles,Giachetti,School Principal,charles.giachetti@bellevilleschools.org,279 WASHINGTON AVE," ",BELLEVILLE,NJ,"=""07109-3150""",279 WASHINGTON AVE," ",BELLEVILLE,NJ,"=""07109-3150""",Mr.,Anna,Chipelo,Anti-Bullying Specialist,,,,,"=""973-969-4342""",,,,,,,,,1,1,,,,,,,"=""01956""",,,https://x.com/ms_belleville
"=""13""",ESSEX,"=""0250""",Belleville Public School District,"=""100""",Belleville PS10,Mr.,Joseph,Rotonda,School Principal,joseph.rotonda@bellevilleschools.org,527 BELLEVILLE AVE," ",BELLEVILLE,NJ,"=""07109-1307""",527 BELLEVILLE AVE," ",BELLEVILLE,NJ,"=""07109-1307""",Mrs.,Stephanie,Mozeika,Anti-Bullying Specialist,,,,,"=""973-969-4334""",1,1,1,1,1,1,1,1,,,,,,,,,"=""01974""",,,https://x.com/S10_Belleville
"=""13""",ESSEX,"=""0250""",Belleville Public School District,"=""050""",Belleville PS3,Mr.,Stephen,Puglia,School Principal,stephen.puglia@bellevilleschools.org,230 JORALEMON ST," ",BELLEVILLE,NJ,"=""07109-3210""",230 JORALEMON ST," ",BELLEVILLE,NJ,"=""07109-3210""",Mrs.,Elizabeth,Spirito,Anti-Bullying Specialist,,,,,"=""973-969-4341""",1,1,1,1,1,1,1,1,,,,,,,,,"=""01962""",,https://www.instagram.com/school3bees,https://x.com/s3_Belleville
"=""13""",ESSEX,"=""0250""",Belleville Public School District,"=""055""",Belleville PS4,Mr.,Ricardo,Acosta,School Principal,ricardo.acosta@bellevilleschools.org,30 Magnolia Street," ",BELLEVILLE,NJ,"=""07109-3210""",30 Magnolia Street," ",BELLEVILLE,NJ,"=""07109-3210""",Mrs.,Cara,Steinwandtner,Anti-Bullying Specialist,,,,,"=""973-969-4340""",1,1,1,1,1,1,1,1,,,,,,,,,"=""01964""",,,https://x.com/s4_belleville
"=""13""",ESSEX,"=""0250""",Belleville Public School District,"=""060""",Belleville PS5,Mrs.,MaryAnn,Gilligan,School Principal,maryann.gilligan@bellevilleschools.org,149 ADELAIDE ST," ",BELLEVILLE,NJ,"=""07109-2207""",149 ADELAIDE ST," ",BELLEVILLE,NJ,"=""07109-2207""",Mrs.,Alyssa,DiNapoli,Anti-Bullying Specialist,,,,,"=""973-969-4399""",,1,1,1,1,1,1,1,,,,,,,,,"=""01966""",,,https://x.com/S5_Belleville
"=""13""",ESSEX,"=""0250""",Belleville Public School District,"=""070""",Belleville PS7,Mr.,Brian,Belton,School Principal,brian.belton@bellevilleschools.org,20 PASSAIC AVE," ",BELLEVILLE,NJ,"=""07109-1864""",20 PASSAIC AVE," ",BELLEVILLE,NJ,"=""07109-1864""",Ms.,Ashley,Fontanez,Anti-Bullying Specialist,,,,,"=""973-969-4338""",1,1,1,1,1,1,1,1,,,,,,,,,"=""01968""",,https://www.instagram.com/bellevilleschool7stallions,https://x.com/S7_belleville
"=""13""",ESSEX,"=""0250""",Belleville Public School District,"=""080""",Belleville PS8,Mr.,Caleb,Rhodes,School Principal,caleb.rhodes@bellevilleschools.org,183 UNION AVE," ",BELLEVILLE,NJ,"=""07109-1628""",183 UNION AVE," ",BELLEVILLE,NJ,"=""07109-1628""",Mr.,Michael,Dias,Anti-Bullying Specialist,,,,,"=""973-969-4344""",1,1,1,1,1,1,1,1,,,,,,,,,"=""01970""",,,https://x.com/s8_belleville
"=""13""",ESSEX,"=""0250""",Belleville Public School District,"=""090""",Belleville PS9,Ms.,Jennifer,Vernieri,School Principal,jennifer.vernieri@bellevilleschools.org,301 RALPH ST," ",BELLEVILLE,NJ,"=""07109-3309""",301 RALPH ST," ",BELLEVILLE,NJ,"=""07109-3309""",Mrs.,Ann,Monahan,Anti-Bullying Specialist,,,,,"=""973-969-4337""",,1,1,1,1,1,1,1,,,,,,,,,"=""01972""",,,https://x.com/s9_belleville
"=""13""",ESSEX,"=""0250""",Belleville Public School District,"=""300""",Hornblower Early Childhood Center,Ms.,LucyAnn,Demikoff,School Principal,lucyann.demikoff@bellevilleschools.org,229 Main Street," ",Belleville,NJ,"=""07109""",229 Main Street," ",Belleville,NJ,"=""07109""",Ms.,Michelle,Mayrer,Anti-Bullying Specialist,,,,,"=""973-450-3500""",1,,,,,,,,,,,,,,,,"=""03499""",,https://www.instagram.com/hornblower_bps,https://x.com/thehecc_bps
"=""13""",ESSEX,"=""0410""",Bloomfield Township School District,"=""050""",Berkeley Elementary School,Dr.,Natashia,Baxter,School Principal,nbaxter@bloomfield.k12.nj.us,351 Bloomfield Ave," ",Bloomfield,NJ,"=""07003-4804""",351 Bloomfield Ave," ",Bloomfield,NJ,"=""07003-4804""",Mr.,Moquiez,Headley,Anti-Bullying Specialist,,,,,"=""973-680-8540""",,1,1,1,1,1,1,1,,,,,,,,,"=""01986""",,,
"=""13""",ESSEX,"=""0410""",Bloomfield Township School District,"=""020""",Bloomfield High School,Mr.,Christopher,Jennings,School Principal,cjennings@bloomfield.k12.nj.us,160 Broad Street," ",Bloomfield,NJ,"=""07003-2628""",160 Broad Street," ",Bloomfield,NJ,"=""07003-2628""",Ms.,Jennifer,Remsen,Anti-Bullying Specialist,,,,,"=""973-680-8500""",,,,,,,,,,,1,1,1,1,,,"=""01980""",,,
"=""13""",ESSEX,"=""0410""",Bloomfield Township School District,"=""030""",Bloomfield Middle School,Mrs.,Alla,Vayda-Manzo,School Principal,avayda@bloomfield.k12.nj.us,60 Huck Road," ",Bloomfield,NJ,"=""07003-4144""",60 Huck Road," ",Bloomfield,NJ,"=""07003-4144""",Ms.,Pam,Falco,Anti-Bullying Specialist,,,,,"=""973-680-8620""",,,,,,,,,1,1,,,,,,,"=""01982""",,,
"=""13""",ESSEX,"=""0410""",Bloomfield Township School District,"=""060""",Brookdale Elementary School,Ms.,Lauren,Barton,School Principal,lbarton@bloomfield.k12.nj.us,1230 Broad Street," ",Bloomfield,NJ,"=""07003-3031""",1230 Broad Street," ",Bloomfield,NJ,"=""07003-3031""",Ms.,Kathryn,Wax,Anti-Bullying Specialist,,,,,"=""973-680-8520""",,1,1,1,1,1,1,1,,,,,,,,,"=""01988""",,,
"=""13""",ESSEX,"=""0410""",Bloomfield Township School District,"=""080""",Carteret Elementary School,Mr.,John,Baltz,School Principal,jbaltz@bloomfield.k12.nj.us,158 Grove Street," ",Bloomfield,NJ,"=""07003-5650""",158 Grove Street," ",Bloomfield,NJ,"=""07003-5650""",Ms.,Marissa,Acosta,Anti-Bullying Specialist,,,,,"=""973-680-8580""",,1,1,1,1,1,1,1,,,,,,,,,"=""01992""",,,
"=""13""",ESSEX,"=""0410""",Bloomfield Township School District,"=""100""",Demarest Elementary School,Mr.,Michael,Sullivan,School Principal,msullivan@bloomfield.k12.nj.us,465 Broughton Ave," ",Bloomfield,NJ,"=""07003-4232""",465 Broughton Ave," ",Bloomfield,NJ,"=""07003-4232""",Ms.,Jennifer,Beesley,Anti-Bullying Specialist,,,,,"=""973-680-8510""",,1,1,1,1,1,1,1,,,,,,,,,"=""01994""",,,
"=""13""",ESSEX,"=""0410""",Bloomfield Township School District,"=""110""",Fairview Elementary School,Ms.,Ginamarie,Mignone,School Principal,gmignone@bloomfield.k12.nj.us,376 Berkeley Avenue," ",Bloomfield,NJ,"=""07003-5036""",376 Berkeley Avenue," ",Bloomfield,NJ,"=""07003-5036""",Ms.,Sabrina,Micciche,Anti-Bullying Specialist,,,,,"=""973-680-8550""",1,1,1,1,1,1,1,1,,,,,,,,,"=""01996""",,,
"=""13""",ESSEX,"=""0410""",Bloomfield Township School District,"=""130""",Franklin Elementary School,Ms.,Marianne,Abbasso,School Principal,mabbasso@bloomfield.k12.nj.us,85 Curtis Street," ",Bloomfield,NJ,"=""07003-3875""",85 Curtis Street," ",Bloomfield,NJ,"=""07003-3875""",Ms.,Gianna,Sullivan,Anti-Bullying Specialist,,,,,"=""973-680-8560""",,1,1,1,1,1,1,1,,,,,,,,,"=""02000""",,,
"=""13""",ESSEX,"=""0410""",Bloomfield Township School District,"=""140""",Oak View Elementary School,Mrs.,Michelle,Fanning,School Principal,mfanning@bloomfield.k12.nj.us,150 Garrabrant Avenue," ",Bloomfield,NJ,"=""07003""",150 Garrabrant Avenue," ",Bloomfield,NJ,"=""07003""",Ms.,Jordan,Roche,Anti-Bullying Specialist,,,,,"=""973-680-8590""",,1,1,1,1,1,1,1,,,,,,,,,"=""02002""",,,
"=""13""",ESSEX,"=""0410""",Bloomfield Township School District,"=""120""",The Early Childhood Center @ Forest Glen,Ms.,Helen,Doyle-Marino,School Principal,hdmarino@bloomfield.k12.nj.us,280 Davey Street," ",Bloomfield,NJ,"=""07003""",280 Davey Street," ",Bloomfield,NJ,"=""07003""",Ms.,Justina,Malia,Anti-Bullying Specialist,,,,,"=""973-680-8698""",1,,,,,,,,,,,,,,,,"=""00133""",,,
"=""13""",ESSEX,"=""0410""",Bloomfield Township School District,"=""150""",Watsessing Elementary School,Mr.,Shamshadeen,Mayers,School Principal,smayers@bloomfield.k12.nj.us,71 Prospect Street," ",Bloomfield,NJ,"=""07003-3223""",71 Prospect Street," ",Bloomfield,NJ,"=""07003-3223""",Ms.,Pam,Catalano,Anti-Bullying Specialist,,,,,"=""973-680-8570""",,1,1,1,1,1,1,1,,,,,,,,,"=""02004""",,,
"=""13""",ESSEX,"=""0660""",Caldwell-West School District,"=""060""",Grover Cleveland Middle School,Mr.,John,Bertollo,School Principal,jbertollo@cwcboe.org,36 ACADEMY RD," ",CALDWELL,NJ,"=""07006""",36 ACADEMY RD," ",CALDWELL,NJ,"=""07006""",Mr.,David,Kaczmarek,Anti-Bullying Specialist,,,,,"=""973-228-9115""",,,,,,,,1,1,1,,,,,,,"=""02010""",,,
"=""13""",ESSEX,"=""0660""",Caldwell-West School District,"=""300""",Harrison School,Mrs.,Erin,Madara,School Principal,emadara@cwcboe.org,104 Gray Street," ",West Caldwell,NJ,"=""07006""",104 Gray Street," ",West Caldwell,NJ,"=""07006""",Mr.,James,Weaver,Anti-Bullying Specialist,,,,,"=""973-228-5291""",1,,,,,,,,,,,,,,,,"=""""",,,
"=""13""",ESSEX,"=""0660""",Caldwell-West School District,"=""050""",James Caldwell High School,Mr.,JAMES,DEVLIN,School Principal,jdevlin@cwcboe.org,265 WESTVILLE AVE," ",WEST CALDWELL,NJ,"=""07006""",265 WESTVILLE AVE," ",WEST CALDWELL,NJ,"=""07006""",Mr.,Frank,Lattoz,Anti-Bullying Specialist,,,,,"=""973-228-6981""",,,,,,,,,,,1,1,1,1,,,"=""02008""",,,
"=""13""",ESSEX,"=""0660""",Caldwell-West School District,"=""070""",Jefferson Elementary School,Mr.,Jasmine,Akauola,School Principal,jAkauola@cwcboe.org,85 PROSPECT ST," ",WEST CALDWELL,NJ,"=""07006""",85 PROSPECT ST," ",WEST CALDWELL,NJ,"=""07006""",Ms.,Gina,Maimone,Anti-Bullying Specialist,,,,,"=""973-228-5994""",,1,1,1,1,1,1,,,,,,,,,,"=""02014""",,,
"=""13""",ESSEX,"=""0660""",Caldwell-West School District,"=""080""",Lincoln Elementary School,Mr.,Adam,Geher,School Principal,ageher@cwcboe.org,18 CRANE ST," ",CALDWELL,NJ,"=""07006""",18 CRANE ST," ",CALDWELL,NJ,"=""07006""",Ms.,Gabrielle,DeLora,Anti-Bullying Specialist,,,,,"=""973-228-3987""",,1,1,1,1,1,1,,,,,,,,,,"=""02016""",,,
"=""13""",ESSEX,"=""0660""",Caldwell-West School District,"=""110""",Washington Elementary School,Mr.,Thomas,Adamo,School Principal,tadamo@cwcboe.org,201 CENTRAL AVE," ",WEST CALDWELL,NJ,"=""07006""",201 CENTRAL AVE," ",WEST CALDWELL,NJ,"=""07006""",Ms.,Emily,Polizzi,Anti-Bullying Specialist,,,,,"=""973-228-8941""",,1,1,1,1,1,1,,,,,,,,,,"=""02020""",,,
"=""13""",ESSEX,"=""0660""",Caldwell-West School District,"=""120""",Wilson Elementary School,Mr.,Frank,Lincoln,School Principal,flincoln@cwcboe.org,71 ORTON RD," ",WEST CALDWELL,NJ,"=""07006""",71 ORTON RD," ",WEST CALDWELL,NJ,"=""07006""",Ms.,Amanda,Pellechia,Anti-Bullying Specialist,,,,,"=""973-228-7173""",,1,1,1,1,1,1,,,,,,,,,,"=""02022""",,,
"=""13""",ESSEX,"=""0760""",Cedar Grove Township School District,"=""050""",Cedar Grove High School,Mrs.,Jody,Inglis,School Principal,inglis.jody@cgschools.org,90 Rugby Road," ",Cedar Grove,NJ,"=""07009""",90 Rugby Road," ",Cedar Grove,NJ,"=""07009""",Mr.,James,Sweeney,Anti-Bullying Specialist,,,,,"=""973-239-6400""",,,,,,,,,,,1,1,1,1,,,"=""02026""",,,
"=""13""",ESSEX,"=""0760""",Cedar Grove Township School District,"=""058""",Memorial Middle School,Mr.,Nicholas,DeCorte,School Principal,decorte.nicholas@cgschools.org,500 Ridge Road," ",Cedar Grove,NJ,"=""07009""",500 Ridge Road," ",Cedar Grove,NJ,"=""07009""",Mr.,Eric,Pace,Anti-Bullying Specialist,,,,,"=""973-239-2646""",,,,,,,1,1,1,1,,,,,,,"=""06025""",,,
"=""13""",ESSEX,"=""0760""",Cedar Grove Township School District,"=""060""",North End Elementary School,Ms.,Traci,Dyer,School Principal,dyer.traci@cgschools.org,122 Stevens Avenue," ",Cedar Grove,NJ,"=""07009-1147""",122 Stevens Avenue," ",Cedar Grove,NJ,"=""07009-1147""",Mrs.,Gillian,LaGorce,Anti-Bullying Specialist,,,,,"=""973-256-1454""",1,1,1,1,1,1,,,,,,,,,,,"=""02030""",,,
"=""13""",ESSEX,"=""0760""",Cedar Grove Township School District,"=""090""",South End Elementary School,Mrs.,Lynn,DiMatteo,School Principal,Dimatteo.Lynn@cgschools.org,116 Harper Terrace," ",Cedar Grove,NJ,"=""07009""",116 Harper Terrace," ",Cedar Grove,NJ,"=""07009""",Mr.,Kevin,Skowronek,Anti-Bullying Specialist,,,,,"=""973-239-2116""",1,1,1,1,1,1,,,,,,,,,,,"=""02036""",,,
"=""13""",ESSEX,"=""1210""",East Orange School District,"=""107""",Althea Gibson Academy,Ms.,Elisha,Washington,School Principal,e.washington@eastorange.k12.nj.us,490  WILLIAM STREET,"WILLIAM STREET ",EAST ORANGE,NJ,"=""07017""",490  WILLIAM STREET,"WILLIAM STREET ",EAST ORANGE,NJ,"=""07017""",Dr.,Lanair,Sweeting-Barrett,Anti-Bullying Specialist,,,,,"=""973-266-7017""",1,1,,,,,,,,,,,,,,,"=""00275""",,,
"=""13""",ESSEX,"=""1210""",East Orange School District,"=""093""",Benjamin Banneker Academy,Dr.,Monica,Burton,School Principal,m.burton@eastorange.k12.nj.us,500 South Clinton Street," ",EAST ORANGE,NJ,"=""07018""",500 South Clinton Street," ",EAST ORANGE,NJ,"=""07018""",Ms.,Jenny,Campbell,Anti-Bullying Specialist,,,,,"=""973-266-4320""",1,1,1,1,1,1,1,1,1,1,,,,,,,"=""00273""",,,
"=""13""",ESSEX,"=""1210""",East Orange School District,"=""140""",Cicely L. Tyson Community Elementary School,Ms.,Koree,Toles,School Principal,k.knight@eastorange.k12.nj.us,45 North Arlington Street," ",EAST ORANGE,NJ,"=""07017""",45 North Arlington Street," ",EAST ORANGE,NJ,"=""07017""",Mr.,Carl,Bain,Anti-Bullying Specialist,,,,,"=""973-414-9222""",1,1,1,1,1,1,1,,,,,,,,,,"=""02062""",,,
"=""13""",ESSEX,"=""1210""",East Orange School District,"=""150""",Cicely L. Tyson Community Middle/High School,Mr.,John,English,School Principal,john.english@eastorange.k12.nj.us,35 Winans Street," ",EAST ORANGE,NJ,"=""07017""",35 Winans Street," ",EAST ORANGE,NJ,"=""07017""",Mr.,Lucens,Boliver,Anti-Bullying Specialist,,,,,"=""973-414-8600""",,,,,,,,1,1,1,1,1,1,1,,,"=""02064""",,,
"=""13""",ESSEX,"=""1210""",East Orange School District,"=""110""",Dionne Warwick Institute,Dr.,Passion,Moss-Hasan,School Principal,passion.moss-hasan@eastorange.k12.nj.us,120 CENTRAL AVE," ",EAST ORANGE,NJ,"=""07018-3939""",120 CENTRAL AVE," ",EAST ORANGE,NJ,"=""07018-3939""",Mr.,Ellyn,Lankford,Anti-Bullying Specialist,,,,,"=""973-266-5930""",1,1,1,1,1,1,1,,,,,,,,,,"=""02054""",,,
"=""13""",ESSEX,"=""1210""",East Orange School District,"=""035""",East Orange Campus High School,Ms.,Taniesha,Whitaker,School Principal,t.whitaker@eastorange.k12.nj.us,344 PROSPECT STREET," ",EAST ORANGE,NJ,"=""07017""",344 PROSPECT STREET," ",EAST ORANGE,NJ,"=""07017""",Ms.,Stacey,Haynes,Anti-Bullying Specialist,,,,,"=""973-266-7300""",,,,,,,,,,,1,1,1,1,,,"=""00494""",,,
"=""13""",ESSEX,"=""1210""",East Orange School District,"=""030""",East Orange STEM Academy High School,Dr.,Vincent,Stallings,School Principal,v.stallings@eastorange.k12.nj.us,129 RENSHAW AVENUE," ",EAST ORANGE,NJ,"=""07017-3308""",129 RENSHAW AVENUE," ",EAST ORANGE,NJ,"=""07017-3308""",Ms.,Sade,Criss-Stelton,Anti-Bullying Specialist,,,,,"=""973-266-5900""",,,,,,,,1,1,1,1,1,1,1,,,"=""02040""",,,
"=""13""",ESSEX,"=""1210""",East Orange School District,"=""120""",Ecole Toussaint Louverture,Mrs.,Ameenah,Poole,School Principal,ameenah.poole@eastorange.k12.nj.us,330 CENTRAL AVE," ",EAST ORANGE,NJ,"=""07018-2802""",330 CENTRAL AVE," ",EAST ORANGE,NJ,"=""07018-2802""",Ms.,Belinda,Boone,Anti-Bullying Specialist,,,,,"=""973-266-5940""",1,1,1,1,1,1,1,,,,,,,,,,"=""02058""",,,
"=""13""",ESSEX,"=""1210""",East Orange School District,"=""050""","Edward T. Bowser, Sr. School of Excellence",Mr.,Brian,Heaphy,School Principal,b.heaphy@eastorange.k12.nj.us,180 Lincoln Street," ",EAST ORANGE,NJ,"=""07017-2503""",180 Lincoln Street," ",EAST ORANGE,NJ,"=""07017-2503""",Ms.,Ashley,Denton,Anti-Bullying Specialist,,,,,"=""973-414-4170""",1,1,1,1,1,1,1,,,,,,,,,,"=""02044""",,,
"=""13""",ESSEX,"=""1210""",East Orange School District,"=""130""",Gordon Parks Academy,Dr.,Sharon,Alsbrook Davis,School Principal,s.alsbrook@eastorange.k12.nj.us,98 GREENWOOD AVE," ",EAST ORANGE,NJ,"=""07017-5106""",98 GREENWOOD AVE," ",EAST ORANGE,NJ,"=""07017-5106""",Ms.,Danielle,Johnson,Anti-Bullying Specialist,,,,,"=""973-266-5950""",1,1,1,1,,,,,,,,,,,,,"=""02060""",,,
"=""13""",ESSEX,"=""1210""",East Orange School District,"=""170""",J. Garfield Jackson Sr. Academy,Ms.,Bridget,Green,School Principal,b.green@eastorange.k12.nj.us,106 PROSPECT STREET," ",EAST ORANGE,NJ,"=""07017-2203""",106 PROSPECT STREET," ",EAST ORANGE,NJ,"=""07017-2203""",Mr.,David,Drinnan,Anti-Bullying Specialist,,,,,"=""973-266-5895""",1,1,1,1,1,1,1,,,,,,,,,,"=""05901""",,,
"=""13""",ESSEX,"=""1210""",East Orange School District,"=""070""",John L. Costley Middle School,Dr.,Thelma,Ramsey Bryant,School Principal,t.ramsey@eastorange.k12.nj.us,116 HAMILTON ST," ",EAST ORANGE,NJ,"=""07017-2912""",116 HAMILTON ST," ",EAST ORANGE,NJ,"=""07017-2912""",Ms.,Mia,Sutton,Anti-Bullying Specialist,,,,,"=""973-266-5660""",,,,,,,,1,1,1,,,,,,,"=""05930""",,,
"=""13""",ESSEX,"=""1210""",East Orange School District,"=""300""",Johnnie L Cochran Jr Acad of Gifted Ed & Creative Reasoning,Mrs.,Renee,Richardson,School Principal,renee.richardson@eastorange.k12.nj.us,190 Midland Ave," ",East Orange,NJ,"=""07017""",190 Midland Ave," ",East Orange,NJ,"=""07017""",Mrs.,Loretta,Owoh,Anti-Bullying Specialist,,,,,"=""973-395-5975""",,,,,1,1,1,1,1,1,,,,,,,"=""""",,,
"=""13""",ESSEX,"=""1210""",East Orange School District,"=""080""",Langston Hughes Elementary School,Dr.,Howard,Walker,School Principal,h.walker@eastorange.k12.nj.us,160 Rhode Island Avenue," ",EAST ORANGE,NJ,"=""07018-2438""",160 Rhode Island Avenue," ",EAST ORANGE,NJ,"=""07018-2438""",Ms.,Jazmyne,Garland,Anti-Bullying Specialist,,,,,"=""973-266-5870""",1,1,1,1,1,1,1,,,,,,,,,,"=""02048""",,,
"=""13""",ESSEX,"=""1210""",East Orange School District,"=""100""",Mildred Barry Garvin Elementary,Dr.,Tabina,Adam,School Principal,tabina.lyte@eastorange.k12.nj.us,1 GROVE PLACE," ",EAST ORANGE,NJ,"=""07017-4706""",1 GROVE PLACE," ",EAST ORANGE,NJ,"=""07017-4706""",Ms.,Madison,Burns,Anti-Bullying Specialist,,,,,"=""973-673-5410""",1,,,,1,1,1,,,,,,,,,,"=""02052""",,,
"=""13""",ESSEX,"=""1210""",East Orange School District,"=""095""",Patrick F. Healy Middle School,Mr.,Kamilia,Scantlebury,School Principal,kamilia.scantlebury@eastorange.k12.nj.us,116 HAMILTON ST," ",EAST ORANGE,NJ,"=""07017-2912""",116 HAMILTON ST," ",EAST ORANGE,NJ,"=""07017-2912""",Mr.,Keith,Grant,Anti-Bullying Specialist,,,,,"=""973-266-5670""",,,,,,,,1,1,1,,,,,,,"=""05931""",,,
"=""13""",ESSEX,"=""1210""",East Orange School District,"=""060""",Shelia Y. Oliver Academy,Dr.,Yvy,Joseph George,School Principal,y.joseph@eastorange.k12.nj.us,404 North Grove Street," ",EAST ORANGE,NJ,"=""07017-4518""",404 North Grove Street," ",EAST ORANGE,NJ,"=""07017-4518""",Ms.,Grace,Jean Baptiste,Anti-Bullying Specialist,,,,,"=""973-266-5860""",1,1,1,1,1,1,1,1,1,1,,,,,,,"=""02046""",,,
"=""13""",ESSEX,"=""1210""",East Orange School District,"=""135""",Sojourner Truth Middle School,Dr.,Flore-Nadeige,Lovett,School Principal,f.lovett@eastorange.k12.nj.us,116 HAMILTON ST," ",EAST ORANGE,NJ,"=""07017-2912""",116 HAMILTON ST," ",EAST ORANGE,NJ,"=""07017-2912""",Mr.,Baja,Rowe,Anti-Bullying Specialist,,,,,"=""973-266-5665""",,,,,,,,1,1,1,,,,,,,"=""05932""",,,
"=""13""",ESSEX,"=""1210""",East Orange School District,"=""210""",Wahlstrom Early Childhood Academy,Ms.,Leslie,Shults,School Principal,l.shults@eastorange.k12.nj.us,340 PROSPECT STREET," ",EAST ORANGE,NJ,"=""07017""",340 PROSPECT STREET," ",EAST ORANGE,NJ,"=""07017""",Dr.,Lanair,Sweeting-Barrett,Anti-Bullying Specialist,,,,,"=""973-395-1210""",1,1,,,,,,,,,,,,,,,"=""00381""",,,
"=""13""",ESSEX,"=""1210""",East Orange School District,"=""090""",Whitney E. Houston Academy,Mr.,Henry,Hamilton,School Principal,h.hamilton@eastorange.k12.nj.us,215 DODD ST," ",EAST ORANGE,NJ,"=""07017-2106""",215 DODD ST," ",EAST ORANGE,NJ,"=""07017-2106""",Ms.,Tanisha,Lassiter,Anti-Bullying Specialist,,,,,"=""973-266-5880""",1,1,1,1,1,1,1,1,1,1,,,,,,,"=""02050""",,,
"=""13""",ESSEX,"=""1390""",Essex County Schools of Technology,"=""050""","Essex County Donald M. Payne, Sr. School of Technology",Mr.,Eric,Love,School Principal,elove@essextech.org,498-544 West Market St," ",NEWARK,NJ,"=""07107-1218""",498-544 West Market St," ",NEWARK,NJ,"=""07107-1218""",Ms.,Cynthia,Martinez,Anti-Bullying Specialist,,,,,"=""973-412-2203""",,,,,,,,,,,1,1,1,1,,,"=""02074""",,,
"=""13""",ESSEX,"=""1390""",Essex County Schools of Technology,"=""070""",Essex County Newark Tech,Mr.,Jenabu,Williams,School Principal,jwilliams@essextech.org,91 West Market St," ",Newark,NJ,"=""07103""",91 West Market St," ",Newark,NJ,"=""07103""",Mr.,Andrew,Turner,Anti-Bullying Specialist,,,,,"=""973-412-2204""",,,,,,,,,,,1,1,1,1,,,"=""00137""",,,
"=""13""",ESSEX,"=""1390""",Essex County Schools of Technology,"=""080""",Essex County West Caldwell Tech,Ms.,Ayisha,Robinson,School Principal,arobinson@essextech.org,620 Passaic Ave," ",West Caldwell,NJ,"=""07006""",620 Passaic Ave," ",West Caldwell,NJ,"=""07006""",Ms.,Alghashiyah,Murray,Anti-Bullying Specialist,,,,,"=""973-412-2205""",,,,,,,,,,,1,1,1,1,,,"=""02080""",,,
"=""13""",ESSEX,"=""1400""",Essex Fells School District,"=""050""",Essex Fells Elementary School,Dr.,Michelle,Gadaleta,School Principal,mvgadaleta@efsk-6.org,102 HAWTHORNE RD," ",ESSEX FELLS,NJ,"=""07021-1120""",102 HAWTHORNE RD," ",ESSEX FELLS,NJ,"=""07021-1120""",Mrs.,Erika,Pilato,Anti-Bullying Specialist,,,,,"=""973-226-0505""",1,1,1,1,1,1,1,1,,,,,,,,,"=""02082""",,,
"=""13""",ESSEX,"=""1387""",Essex Regional Educational Services Commission,"=""020""",Essex Campus Academy,Mr.,Hubert,Chase,School Principal,h.chase@eresc.com,369 PASSAIC AVENUE," ",FAIRFIELD,NJ,"=""07004""",369 PASSAIC AVENUE," ",FAIRFIELD,NJ,"=""07004""",Ms.,Kia,Abdus-Sabur,Anti-Bullying Specialist,,,,,"=""973-815-1389""",,,,,,,,,,,1,1,1,1,,,"=""00543""",,,
"=""13""",ESSEX,"=""1387""",Essex Regional Educational Services Commission,"=""030""",Essex High School,Mr.,David,Pinkney,School Principal,d.pinkney@eresc.com,255 Myrtle Avenue," ",Irvington,NJ,"=""07111""",255 Myrtle Avenue," ",Irvington,NJ,"=""07111""",Ms.,Treasure,Utuk,Anti-Bullying Specialist,,,,,"=""973-399-6879""",,,,,,,,,,,1,1,1,1,,,"=""00135""",,,
"=""13""",ESSEX,"=""1387""",Essex Regional Educational Services Commission,"=""040""",Essex Junior Academy,Mr.,Hubert,Chase,School Principal,h.chase@eresc.com,369 Passaic Avenue," ",Fairfield,NJ,"=""07004""",369 Passaic Avenue," ",Fairfieldd,NJ,"=""07004""",Mrs.,Kia,Abdus-Sabur,Anti-Bullying Specialist,,,,,"=""973-239-0125""",,1,1,1,1,1,1,1,1,1,,,,,,,"=""06040""",,,
"=""13""",ESSEX,"=""1465""",Fairfield Public School District,"=""005""",Adlai E. Stevenson School,Mr.,Ryan,Gupta,School Principal,guptar@fpsk6.org,15 KNOLL ROAD," ",FAIRFIELD,NJ,"=""07004""",15 KNOLL ROAD," ",FAIRFIELD,NJ,"=""07004""",Ms.,Meghan,Cafone,Anti-Bullying Specialist,,,,,"=""973-227-2120""",1,1,1,1,,,,,,,,,,,,,"=""02086""",https://www.facebook.com/fairfieldpublicschools,,
"=""13""",ESSEX,"=""1465""",Fairfield Public School District,"=""030""",Winston S. Churchill School,Mr.,Thomas,Majocha,School Principal,majochat@fpsk6.org,233 FAIRFIELD ROAD," ",FAIRFIELD,NJ,"=""07004""",233 FAIRFIELD ROAD," ",FAIRFIELD,NJ,"=""07004""",Ms.,Meghan,Cafone,Anti-Bullying Specialist,,,,,"=""973-227-2638""",,,,,1,1,1,1,,,,,,,,,"=""02088""",https://www.facebook.com/fairfieldpublicschools,,
"=""13""",ESSEX,"=""1750""",Glen Ridge Public School District,"=""300""",Central School,Mrs.,Kimberly,ODonnell-Pickert,School Principal,kodonnellpickert@glenridge.org,180 Hillside Ave," ",Glen Ridge,NJ,"=""07028""",180 Hillside Ave," ",Glen Ridge,NJ,"=""07028""",Mr.,Laura,Fitzpatrick,Anti-Bullying Specialist,,,,,"=""973-707-5080""",1,1,1,1,,,,,,,,,,,,,"=""03475""",,,
"=""13""",ESSEX,"=""1750""",Glen Ridge Public School District,"=""070""",Forest Avenue School,Mr.,Matthew,Murphy,School Principal,mmurphy@glenridge.org,287 FOREST AVE," ",GLEN RIDGE,NJ,"=""07028-1818""",287 FOREST AVE," ",GLEN RIDGE,NJ,"=""07028-1818""",Mr.,Manuel,Holguin,Anti-Bullying Specialist,,,,,"=""973-429-8308""",1,1,1,1,,,,,,,,,,,,,"=""02096""",,,
"=""13""",ESSEX,"=""1750""",Glen Ridge Public School District,"=""050""",Glen Ridge High School,Mr.,John,Lawlor,School Principal,Jlawlor@glenridge.org,200 RIDGEWOOD AVE," ",GLEN RIDGE,NJ,"=""07028-1228""",200 RIDGEWOOD AVE," ",GLEN RIDGE,NJ,"=""07028-1228""",Ms.,Caitlin,Reilly,Anti-Bullying Specialist,,,,,"=""973-429-8303""",,,,,,,,,1,1,1,1,1,1,,,"=""02092""",,,
"=""13""",ESSEX,"=""1750""",Glen Ridge Public School District,"=""080""",Linden Avenue School,Dr.,Joseph,Caravela,School Principal,jcaravela@glenridge.org,205 LINDEN AVE," ",GLEN RIDGE,NJ,"=""07028""",205 LINDEN AVE," ",GLEN RIDGE,NJ,"=""07028""",Ms.,Lisa,Jacobsen,Anti-Bullying Specialist,,,,,"=""973-429-8301""",1,1,1,1,,,,,,,,,,,,,"=""05963""",,,
"=""13""",ESSEX,"=""1750""",Glen Ridge Public School District,"=""075""",Ridgewood Avenue School,Dr.,Keisha,Harris,School Principal,kharris@glenridge.org,235 RIDGEWOOD AVE," ",GLEN RIDGE,NJ,"=""07028-1019""",235 RIDGEWOOD AVE," ",GLEN RIDGE,NJ,"=""07028-1019""",Ms.,Lauren,Bas,Anti-Bullying Specialist,,,,,"=""973-429-8306""",,,,,1,1,1,1,,,,,,,,,"=""02098""",,,
"=""13""",ESSEX,"=""2330""",Irvington Public School District,"=""071""",Augusta Preschool Academy,Mr.,Leon,Wallace,School Principal,lwallace@irvington.k12.nj.us,97 AUGUSTA STREET," ",IRVINGTON,NJ,"=""07111""",97 AUGUSTA STREET," ",IRVINGTON,NJ,"=""07111""",Ms.,Danielle,Robinson,Anti-Bullying Specialist,,,,,"=""973-399-6868""",1,,,,,,,,,,,,,,,,"=""02949""",,,
"=""13""",ESSEX,"=""2330""",Irvington Public School District,"=""080""",Berkeley Terrace Elementary School,Dr.,Chinaire,Simons,School Principal,csimons@irvington.k12.nj.us,787 GROVE STREET," ",IRVINGTON,NJ,"=""07111-3605""",787 GROVE STREET," ",IRVINGTON,NJ,"=""07111-3605""",Ms.,Koryne,Lee,Anti-Bullying Specialist,,,,,"=""973-399-6852""",1,1,1,1,1,1,1,,,,,,,,,,"=""02108""",,,
"=""13""",ESSEX,"=""2330""",Irvington Public School District,"=""090""",Chancellor Avenue Elementary School,Mrs.,Andrea,Tucker,School Principal,atucker@irvington.k12.nj.us,844     CHANCELLOR AVENUE," ",IRVINGTON,NJ,"=""07111""",844     CHANCELLOR AVENUE," ",IRVINGTON,NJ,"=""07111""",Ms.,Korko,Johnson,Anti-Bullying Specialist,,,,,"=""973-399-6858""",,1,1,1,1,1,1,,,,,,,,,,"=""02110""",,,
"=""13""",ESSEX,"=""2330""",Irvington Public School District,"=""100""",Florence Avenue Elementary School,Mr.,Frantz,Meronvil,School Principal,fmeronvil@irvington.k12.nj.us,1324      SPRINGFIELD AVENUE," ",IRVINGTON,NJ,"=""07111-1916""",1324      SPRINGFIELD AVENUE," ",IRVINGTON,NJ,"=""07111-1916""",Ms.,Rozalu,Darius,Anti-Bullying Specialist,,,,,"=""973-399-6861""",,1,1,1,1,1,1,,,,,,,,,,"=""05965""",,,
"=""13""",ESSEX,"=""2330""",Irvington Public School District,"=""110""",Grove Street Elementary School,Mr.,Hubert,Chase,School Principal,hchase@irvington.k12.nj.us,602 GROVE STREET," ",IRVINGTON,NJ,"=""07111-4531""",602 GROVE STREET," ",IRVINGTON,NJ,"=""07111-4531""",Ms.,Sari,Greggs,Anti-Bullying Specialist,,,,,"=""973-399-6865""",1,1,1,1,1,1,1,,,,,,,,,,"=""02114""",,,
"=""13""",ESSEX,"=""2330""",Irvington Public School District,"=""050""",Irvington High School,Mr.,Darnel,Mangan,School Principal,dmangan@irvington.k12.nj.us,1253  CLINTON AVENUE," ",IRVINGTON,NJ,"=""07111-2437""",1253  CLINTON AVENUE," ",IRVINGTON,NJ,"=""07111-2437""",Ms.,Nancy,Howe,Anti-Bullying Specialist,,,,,"=""973-399-6897""",,,,,,,,,,,1,1,1,1,,,"=""02104""",,,
"=""13""",ESSEX,"=""2330""",Irvington Public School District,"=""120""",Madison Avenue,Ms.,Malikita,Wright,School Principal,mwright@irvington.k12.nj.us,173 Madison Avenue," ",IRVINGTON,NJ,"=""07111""",173 Madison Avenue," ",IRVINGTON,NJ,"=""07111""",Mr.,Jamal,Angoy,Anti-Bullying Specialist,,,,,"=""973-399-6871""",1,1,1,1,1,1,1,,,,,,,,,,"=""02116""",,,
"=""13""",ESSEX,"=""2330""",Irvington Public School District,"=""131""",Mt. Vernon Avenue Elementary School,Mr.,Eric,James,Acting Principal,ejames@irvington.k12.nj.us,54 MT VERNON AVENUE," ",IRVINGTON,NJ,"=""07111""",54 MT VERNON AVENUE," ",IRVINGTON,NJ,"=""07111""",Ms.,Tammy,Wilson,Anti-Bullying Specialist,,,,,"=""973-399-6875""",1,1,1,1,1,1,1,,,,,,,,,,"=""02945""",,,
"=""13""",ESSEX,"=""2330""",Irvington Public School District,"=""125""",Thurgood Marshall Elementary School,Mr.,Stacey,Love,School Principal,slove@irvington.k12.nj.us,141-181 MONTGOMERY AVENUE," ",IRVINGTON,NJ,"=""07111""",141-181 MONTGOMERY AVENUE," ",IRVINGTON,NJ,"=""07111""",Ms.,Dachi,Sampeur,Anti-Bullying Specialist,,,,,"=""973-416-3824""",1,1,1,1,1,1,1,,,,,,,,,,"=""00089""",,,
"=""13""",ESSEX,"=""2330""",Irvington Public School District,"=""140""",Union Avenue Middle School,Ms.,Shakeena,Hill,School Principal,shill@irvington.k12.nj.us,427 UNION AVENUE," ",IRVINGTON,NJ,"=""07111-2811""",427 UNION AVENUE," ",IRVINGTON,NJ,"=""07111-2811""",Ms.,Emelyn,Vargas,Anti-Bullying Specialist,,,,,"=""973-399-6885""",,,,,,,,1,1,1,,,,,,,"=""02122""",,,
"=""13""",ESSEX,"=""2330""",Irvington Public School District,"=""136""",University Elementary School,Dr.,Deniese,Cooper,School Principal,dcooper@irvington.k12.nj.us,1 UNIVERSITY PLACE," ",IRVINGTON,NJ,"=""07111""",1 UNIVERSITY PLACE," ",IRVINGTON,NJ,"=""07111""",Ms.,Angela,Lawrence,Anti-Bullying Specialist,,,,,"=""973-399-6826""",1,1,1,1,1,1,1,,,,,,,,,,"=""02947""",,,
"=""13""",ESSEX,"=""2330""",Irvington Public School District,"=""135""",University Middle School,Mr.,Michael,Bussacco,School Principal,mbussacco@irvington.k12.nj.us,255 MYRTLE AVENUE," ",IRVINGTON,NJ,"=""07111-2621""",255 MYRTLE AVENUE," ",IRVINGTON,NJ,"=""07111-2621""",Mr.,Arthur,Wachtel,Anti-Bullying Specialist,,,,,"=""973-399-6879""",,,,,,,,1,1,1,,,,,,,"=""02120""",,,
"=""13""",ESSEX,"=""2730""",Livingston Board of Education School District,"=""070""",Burnet Hill Elementary School,Ms.,Jessica,Williams,School Principal,jewilliams@livingston.org,25 BYRON PLACE," ",LIVINGSTON,NJ,"=""07039""",25 BYRON PLACE," ",LIVINGSTON,NJ,"=""07039""",Ms.,Lori,Balasic,Anti-Bullying Specialist,,,,,"=""973-535-8000""",1,1,1,1,1,1,1,,,,,,,,,,"=""06052""",,,
"=""13""",ESSEX,"=""2730""",Livingston Board of Education School District,"=""080""",Collins Elementary School,Mrs.,Michelle,Cebula,School Principal,mcebula@livingston.org,67 MARTIN RD," ",LIVINGSTON,NJ,"=""07039-4631""",67 MARTIN RD," ",LIVINGSTON,NJ,"=""07039-4631""",Ms.,Kim,Campbell,Anti-Bullying Specialist,,,,,"=""973-535-8000""",,1,1,1,1,1,1,,,,,,,,,,"=""02134""",,,
"=""13""",ESSEX,"=""2730""",Livingston Board of Education School District,"=""090""",Harrison Elementary School,Mr.,Daniel,Garcia,School Principal,dgarcia@livingston.org,148 North Livingston Ave," ",LIVINGSTON,NJ,"=""07039-4631""",148 North Livingston Ave," ",LIVINGSTON,NJ,"=""07039-4631""",Ms.,Christine,Siti,Anti-Bullying Specialist,,,,,"=""973-535-8000""",,1,1,1,1,1,1,,,,,,,,,,"=""02134""",,,
"=""13""",ESSEX,"=""2730""",Livingston Board of Education School District,"=""055""",Heritage Middle School,Mr.,Shawn,Kelly,School Principal,skelly@livingston.org,20 FOXCROFT DR," ",LIVINGSTON,NJ,"=""07039-2614""",20 FOXCROFT DR," ",LIVINGSTON,NJ,"=""07039-2614""",Mr.,Charles,Raphael,Anti-Bullying Specialist,,,,,"=""973-535-8000""",,,,,,,,,1,1,,,,,,,"=""02128""",,,
"=""13""",ESSEX,"=""2730""",Livingston Board of Education School District,"=""100""",Hillside Elementary School,Ms.,Leah,Sinisi,School Principal,lsinisi@livingston.org,98 Belmont Drive," ",LIVINGSTON,NJ,"=""07039""",98 Belmont Drive," ",LIVINGSTON,NJ,"=""07039""",Ms.,Lisa,Bowe,Anti-Bullying Specialist,,,,,"=""973-535-8000""",,1,1,1,1,1,1,,,,,,,,,,"=""06052""",,,
"=""13""",ESSEX,"=""2730""",Livingston Board of Education School District,"=""050""",Livingston High School,Mr.,Amro,Mohammed,School Principal,amohammed@livingston.org,30 ROBERT HARP DRIVE," ",LIVINGSTON,NJ,"=""07039""",30 ROBERT HARP DRIVE," ",LIVINGSTON,NJ,"=""07039""",Ms.,Brittany,Gajewski,Anti-Bullying Specialist,,,,,"=""973-535-8000""",,,,,,,,,,,1,1,1,1,,,"=""02126""",,,
"=""13""",ESSEX,"=""2730""",Livingston Board of Education School District,"=""110""",Mount Pleasant Elementary School,Dr.,Lorena,Dolan,School Principal,ldolan@livingston.org,11 BROADLAWN DR," ",LIVINGSTON,NJ,"=""07039-3117""",11 BROADLAWN DR," ",LIVINGSTON,NJ,"=""07039-3117""",Ms.,Jennifer,Kelner,Anti-Bullying Specialist,,,,,"=""973-535-8000""",,1,1,1,1,1,1,,,,,,,,,,"=""02140""",,,
"=""13""",ESSEX,"=""2730""",Livingston Board of Education School District,"=""060""",Mount Pleasant Middle School,Mrs.,Bronawyn,OLeary,School Principal,boleary@livingston.org,11 BROADLAWN DR," ",LIVINGSTON,NJ,"=""07039-3117""",11 BROADLAWN DR," ",LIVINGSTON,NJ,"=""07039-3117""",Mrs.,Courtney,Ferraro,Anti-Bullying Specialist,,,,,"=""973-535-8000""",,,,,,,,1,,,,,,,,,"=""02130""",,,
"=""13""",ESSEX,"=""2730""",Livingston Board of Education School District,"=""118""",Riker Hill Elementary School,Ms.,Dana,Triana,School Principal,dtriana@livingston.org,31 BLACKSTONE DR," ",LIVINGSTON,NJ,"=""07039-1801""",31 BLACKSTONE DR," ",LIVINGSTON,NJ,"=""07039-1801""",Ms.,Jacqueline,Byrne,Anti-Bullying Specialist,,,,,"=""973-535-8000""",,1,1,1,1,1,1,,,,,,,,,,"=""02142""",,,
"=""13""",ESSEX,"=""3190""",Millburn Township School District,"=""065""",Deerfield School,Mr.,Michael,Mongon,School Principal,michael.mongon@millburn.org,26 TROY LANE," ",SHORT HILLS,NJ,"=""07078""",26 TROY LANE," ",SHORT HILLS,NJ,"=""07078""",Ms.,Patricia,Policastro,Anti-Bullying Specialist,,,,,"=""973-379-4843""",,1,1,1,1,1,,,,,,,,,,,"=""02152""",,,
"=""13""",ESSEX,"=""3190""",Millburn Township School District,"=""070""",Glenwood School,Ms.,Kerry,Emmanouilidis,School Principal,kerry.emmanouilidis@millburn.org,325 TAYLOR ROAD  SOUTH," ",SHORT HILLS,NJ,"=""07078""",325 TAYLOR ROAD  SOUTH," ",SHORT HILLS,NJ,"=""07078""",Ms.,Jennifer,Baldassari,Anti-Bullying Specialist,,,,,"=""973-379-7576""",,1,1,1,1,1,,,,,,,,,,,"=""02154""",,,
"=""13""",ESSEX,"=""3190""",Millburn Township School District,"=""080""",Hartshorn School,Ms.,Michelle,Melucci,School Principal,michelle.melucci@millburn.org,400 HARTSHORN DRIVE," ",SHORT HILLS,NJ,"=""07078""",400 HARTSHORN DRIVE," ",SHORT HILLS,NJ,"=""07078""",Ms.,Kimberly,Bostory,Anti-Bullying Specialist,,,,,"=""973-379-7550""",,1,1,1,1,1,,,,,,,,,,,"=""02156""",,,
"=""13""",ESSEX,"=""3190""",Millburn Township School District,"=""050""",Millburn High School,Mr.,Robert,Nixon,School Principal,robert.nixon@millburn.org,462 MILLBURN AVE," ",MILLBURN,NJ,"=""07041-1210""",462 MILLBURN AVE," ",MILLBURN,NJ,"=""07041-1210""",Ms.,Shannon,Dahse,Anti-Bullying Specialist,,,,,"=""973-564-7130""",,,,,,,,,,,1,1,1,1,,,"=""02148""",,https://www.instagram.com/MillburnHSPrincipal,
"=""13""",ESSEX,"=""3190""",Millburn Township School District,"=""060""",Millburn Middle School,Dr.,Anne,Richardson,School Principal,anne.richardson@millburn.org,25 OLD SHORT HILLS RD," ",MILLBURN,NJ,"=""07041""",25 OLD SHORT HILLS RD," ",MILLBURN,NJ,"=""07041""",Ms.,Mae,Ward,Anti-Bullying Specialist,,,,,"=""973-379-2600""",,,,,,,,1,1,1,,,,,,,"=""02150""",,,
"=""13""",ESSEX,"=""3190""",Millburn Township School District,"=""100""",South Mountain School,Ms.,Heather,Fiory,School Principal,heather.fiory@millburn.org,2 SOUTHERN SLOPE DRIVE," ",MILLBURN,NJ,"=""07041""",2 SOUTHERN SLOPE DRIVE," ",MILLBURN,NJ,"=""07041""",Ms.,Kimberly,Bostory,Anti-Bullying Specialist,,,,,"=""973-921-1394""",1,1,1,1,1,1,,,,,,,,,,,"=""00230""",,,
"=""13""",ESSEX,"=""3190""",Millburn Township School District,"=""300""",Washington School,Dr.,Anne,Richardson,School Principal,anne.richardson@millburn.org,71 Spring Street," ",Millburn,NJ,"=""07041""",71 Spring Street," ",Millburn,NJ,"=""07041""",Ms.,Bonnie,Loew,Anti-Bullying Specialist,,,,,"=""973-218-7500""",,,,,,,1,,,,,,,,,,"=""""",,https://www.instagram.com/washingtonschool_nj,
"=""13""",ESSEX,"=""3190""",Millburn Township School District,"=""120""",Wyoming School,Ms.,Kristin,Mueller,School Principal,kristin.mueller@millburn.org,55 MYRTLE AVE," ",MILLBURN,NJ,"=""07041""",55 MYRTLE AVE," ",MILLBURN,NJ,"=""07041""",Ms.,Patricia,Policastro,Anti-Bullying Specialist,,,,,"=""973-761-1619""",,1,1,1,1,1,,,,,,,,,,,"=""02162""",,https://www.instagram.com/wyoming_school,
"=""13""",ESSEX,"=""3310""",Montclair Public School District,"=""100""",Bradford Elementary School,Dr.,Frank,Sedita,School Principal,fsedita@montclair.k12.nj.us,87 MT HEBRON RD," ",UPPER MONTCLAIR,NJ,"=""07042""",87 MT HEBRON RD," ",UPPER MONTCLAIR,NJ,"=""07042""",Ms.,Tressie,Hall-Arrindell,Anti-Bullying Specialist,,,,,"=""973-509-4155""",,1,1,1,1,1,1,,,,,,,,,,"=""02168""",,,
"=""13""",ESSEX,"=""3310""",Montclair Public School District,"=""127""",Buzz Aldrin Middle School,Mr.,Major,Jennings,School Principal,mbjennings@montclair.k12.nj.us,173 BELLEVUE AVE," ",UPPER MONTCLAIR,NJ,"=""07042""",173 BELLEVUE AVE," ",UPPER MONTCLAIR,NJ,"=""07042""",Ms.,Emily,Monahan,Anti-Bullying Specialist,,,,,"=""973-509-4220""",,,,,,,,1,1,1,,,,,,,"=""02178""",,,
"=""13""",ESSEX,"=""3310""",Montclair Public School District,"=""060""",Charles H. Bullock School,Ms.,Nami,Kuwabara,School Principal,nkuwabara@montclair.k12.nj.us,55 Washington Street," ",MONTCLAIR,NJ,"=""07042""",55 Washington Street," ",MONTCLAIR,NJ,"=""07042""",Ms.,Lauren,Gutierrez,Anti-Bullying Specialist,,,,,"=""973-509-4255""",,1,1,1,1,1,1,,,,,,,,,,"=""05984""",,,
"=""13""",ESSEX,"=""3310""",Montclair Public School District,"=""110""",Edgemont Elementary School,Ms.,Briony,Carr-Clemente,School Principal,bcarrclemente@montclair.k12.nj.us,20 EDGEMONT RD," ",MONTCLAIR,NJ,"=""07042-2305""",20 EDGEMONT RD," ",MONTCLAIR,NJ,"=""07042-2305""",Ms.,Leigh Ann,Fossella,Anti-Bullying Specialist,,,,,"=""973-509-4162""",,1,1,1,1,1,1,,,,,,,,,,"=""02170""",,,
"=""13""",ESSEX,"=""3310""",Montclair Public School District,"=""116""",Glenfield Middle School,Dr.,Frances,Aboushi,School Principal,faboushi@montclair.k12.nj.us,25 MAPLE AVE," ",MONTCLAIR,NJ,"=""07042-4513""",25 MAPLE AVE," ",MONTCLAIR,NJ,"=""07042-4513""",Ms.,Rebecca,Weintraub,Anti-Bullying Specialist,,,,,"=""973-509-4172""",,,,,,,,1,1,1,,,,,,,"=""02172""",,,
"=""13""",ESSEX,"=""3310""",Montclair Public School District,"=""123""",Hillside Elementary School,Mr.,Edwyn,Acevedo,School Principal,eacevedo@montclair.k12.nj.us,54 ORANGE RD," ",MONTCLAIR,NJ,"=""07042-2110""",54 ORANGE RD," ",MONTCLAIR,NJ,"=""07042-2110""",Ms.,Sabra,Scott,Anti-Bullying Specialist,,,,,"=""973-509-4200""",,,,,1,1,1,,,,,,,,,,"=""02176""",,,
"=""13""",ESSEX,"=""3310""",Montclair Public School District,"=""300""",Montclair Early Learning Academy,Ms.,Carla,Perez,School Director,cperez@montclair.k12.nj.us,176 North Fullerton Avenue," ",Montclair,NJ,"=""07042""",176 North Fullerton Avenue," ",Montclair,NJ,"=""07042""",Ms.,Alexandra,Catalano,Anti-Bullying Specialist,,,,,"=""973-509-5741""",1,,,,,,,,,,,,,,,,"=""""",,,
"=""13""",ESSEX,"=""3310""",Montclair Public School District,"=""050""",Montclair High School,Mr.,Jeffrey,Freeman,School Principal,jfreeman@montclair.k12.nj.us,100 CHESTNUT ST," ",MONTCLAIR,NJ,"=""07042-2908""",100 CHESTNUT ST," ",MONTCLAIR,NJ,"=""07042-2908""",Mr.,Reginald,Clark,Anti-Bullying Specialist,,,,,"=""973-509-4100""",,,,,,,,,,,1,1,1,1,,,"=""02166""",,,
"=""13""",ESSEX,"=""3310""",Montclair Public School District,"=""130""",Nishuane Elementary School,Ms.,Jennifer,Finnerty,School Principal,jfinnerty@montclair.k12.nj.us,32 CEDAR AVE," ",MONTCLAIR,NJ,"=""07042-3110""",32 CEDAR AVE," ",MONTCLAIR,NJ,"=""07042-3110""",Ms.,Amillah,Williamson,Anti-Bullying Specialist,,,,,"=""973-509-4222""",,1,1,1,,,,,,,,,,,,,"=""02180""",,,
"=""13""",ESSEX,"=""3310""",Montclair Public School District,"=""140""",Northeast Elementary School,Dr.,Joseph,Putrino,School Principal,jputrino@montclair.k12.nj.us,603 GROVE ST," ",UPPER MONTCLAIR,NJ,"=""07042""",603 GROVE ST," ",UPPER MONTCLAIR,NJ,"=""07042""",Ms.,Danielle,Kupperman,Anti-Bullying Specialist,,,,,"=""973-509-4242""",,1,1,1,1,1,1,,,,,,,,,,"=""02182""",,,
"=""13""",ESSEX,"=""3310""",Montclair Public School District,"=""170""",Watchung Elementary School,Mr.,Patrick,Krenn,School Principal,pkrenn@montclair.k12.nj.us,14 GARDEN ST," ",MONTCLAIR,NJ,"=""07042-4116""",14 GARDEN ST," ",MONTCLAIR,NJ,"=""07042-4116""",Ms.,Briteja,Williams,Anti-Bullying Specialist,,,,,"=""973-509-4259""",,1,1,1,1,1,1,,,,,,,,,,"=""02184""",,,
"=""13""",ESSEX,"=""3570""",Newark Public School District,"=""170""",Abington Avenue School,Mr.,Alejandro,Echevarria,School Principal,AEchevarria@nps.k12.nj.us,209 Abington Avenue," ",NEWARK,NJ,"=""07107""",209 Abington Avenue," ",NEWARK,NJ,"=""07107""",Ms.,Shirley,Rosas,Anti-Bullying Specialist,,,,,"=""973-268-5230""",1,1,1,1,1,1,1,1,1,1,,,,,,,"=""02222""",,,
"=""13""",ESSEX,"=""3570""",Newark Public School District,"=""087""",American History High School,Ms.,Margaret,Murray,School Principal,MMurray@nps.k12.nj.us,74 Montgomery St," ",NEWARK,NJ,"=""07103""",74 Montgomery St," ",NEWARK,NJ,"=""07103""",Ms.,Patrice,Holness,Anti-Bullying Specialist,,,,,"=""973-733-6903""",,,,,,,,,,,1,1,1,1,,,"=""00791""",,,
"=""13""",ESSEX,"=""3570""",Newark Public School District,"=""200""",Ann Street School,Ms.,Isabel,Marques,School Principal,IMARQUES@nps.k12.nj.us,30 ANN ST," ",NEWARK,NJ,"=""07105-3108""",30 ANN ST," ",NEWARK,NJ,"=""07105-3108""",Ms.,Nicollette,Pinto,Anti-Bullying Specialist,,,,,"=""973-465-4890""",,1,1,1,1,1,1,1,1,1,,,,,,,"=""02228""",,,
"=""13""",ESSEX,"=""3570""",Newark Public School District,"=""010""",Arts High School,Ms.,Regina,Sharpe,School Principal,Rsharpe@NPS.K12.NJ.US,550 M  L  KING BLVD," ",NEWARK,NJ,"=""07102-1214""",550 M  L  KING BLVD," ",NEWARK,NJ,"=""07102-1214""",Mr.,Sean,Lovell,Anti-Bullying Specialist,,,,,"=""973-733-7391""",,,,,,,,,,,1,1,1,1,,,"=""02188""",,,
"=""13""",ESSEX,"=""3570""",Newark Public School District,"=""220""",Avon Avenue School,Ms.,Kinyetta,Bird,School Principal,Kbird@nps.k12.nj.us,219 AVON AVE," ",NEWARK,NJ,"=""07108-2801""",219 AVON AVE," ",NEWARK,NJ,"=""07108-2801""",Ms.,Janet,Bone,Anti-Bullying Specialist,,,,,"=""973-733-6750""",1,1,1,1,1,1,1,1,1,1,,,,,,,"=""02232""",,,
"=""13""",ESSEX,"=""3570""",Newark Public School District,"=""304""",Bard HS Early College,Dr.,Belal,Shadin,School Principal,sbelal@nps.k12.nj.us,321 BERGEN STREET," ",NEWARK,NJ,"=""07103""",321 BERGEN STREET," ",NEWARK,NJ,"=""07103""",Ms.,Naja,Houston,Anti-Bullying Specialist,,,,,"=""973-733-8363""",,,,,,,,,,,1,1,1,1,,,"=""""",,,
"=""13""",ESSEX,"=""3570""",Newark Public School District,"=""020""",Barringer High School,Ms.,Natasha,Pared,School Principal,npared@nps.k12.nj.us,90 PARKER ST," ",NEWARK,NJ,"=""07104-1028""",90 PARKER ST," ",NEWARK,NJ,"=""07104-1028""",Ms.,Daisy,Lema,Anti-Bullying Specialist,,,,,"=""973-268-5125""",,,,,,,,,,,1,1,1,1,,,"=""02190""",,,
"=""13""",ESSEX,"=""3570""",Newark Public School District,"=""225""",Belmont Runyon Elementary School,Mr.,Michael,Dixon,School Principal,MDixon@NPS.K12.NJ.US,1 BELMONT RUNYON WAY," ",NEWARK,NJ,"=""07108-2406""",1 BELMONT RUNYON WAY," ",NEWARK,NJ,"=""07108-2406""",Ms.,Patrice,Holness,Anti-Bullying Specialist,,,,,"=""973-733-6920""",1,1,1,1,1,1,1,1,1,1,,,,,,,"=""02234""",,,
"=""13""",ESSEX,"=""3570""",Newark Public School District,"=""270""",Branch Brook School,Ms.,Amy,Woods,School Principal,a1woods@NPS.K12.NJ.US,228 RIDGE ST," ",NEWARK,NJ,"=""07104-1204""",228 RIDGE ST," ",NEWARK,NJ,"=""07104-1204""",Ms.,Graciela,Fernandez,Anti-Bullying Specialist,,,,,"=""973-268-5112""",1,1,1,1,1,1,1,,,,,,,,,,"=""02244""",,,
"=""13""",ESSEX,"=""3570""",Newark Public School District,"=""290""",Bruce Street School,Mr.,Malcolm,Terrell,School Principal,MTerrell@NPS.K12.NJ.US,333 CLINTON PL," ",NEWARK,NJ,"=""07112-1563""",333 CLINTON PL," ",NEWARK,NJ,"=""07112-1563""",Mr.,John,Gabriel,Anti-Bullying Specialist,,,,,"=""973-705-3952""",1,1,1,1,1,1,1,1,1,1,,,,,,,"=""02248""",,,
"=""13""",ESSEX,"=""3570""",Newark Public School District,"=""310""",Camden Street Elementary School,Mr.,Samuel,Garrison,School Principal,sgarrison@nps.k12.nj.us,281 CAMDEN ST," ",NEWARK,NJ,"=""07103-2635""",281 CAMDEN ST," ",NEWARK,NJ,"=""07103-2635""",Ms.,Charmaine,Rudd-Sanders,Anti-Bullying Specialist,,,,,"=""973-733-6994""",1,1,1,1,1,1,1,1,1,1,,,,,,,"=""02252""",,,
"=""13""",ESSEX,"=""3570""",Newark Public School District,"=""030""",Central High School,Ms.,Terri,Mitchell,School Principal,TVMitchell@NPS.K12.NJ.US,246 18TH AVENUE," ",NEWARK,NJ,"=""07108""",246 18TH AVENUE," ",NEWARK,NJ,"=""07108""",Ms.,Debra,Wertz,Anti-Bullying Specialist,,,,,"=""973-733-6897""",,,,,,,,,,,1,1,1,1,,,"=""02192""",,,
"=""13""",ESSEX,"=""3570""",Newark Public School District,"=""330""",Chancellor Avenue School,Ms.,Sharmaine,McCree,School Principal,SMcCree@NPS.K12.NJ.US,321 CHANCELLOR AVE," ",NEWARK,NJ,"=""07112-1201""",321 CHANCELLOR AVE," ",NEWARK,NJ,"=""07112-1201""",Ms.,Brittany,Martin,Anti-Bullying Specialist,,,,,"=""973-705-3870""",1,1,1,1,1,1,1,1,1,1,,,,,,,"=""02256""",,,
"=""13""",ESSEX,"=""3570""",Newark Public School District,"=""415""",Dr. E. Alma Flagg School,Ms.,Filipa,Silva,School Principal,fsilva@nps.k12.nj.us,150 THIRD ST," ",NEWARK,NJ,"=""07107""",150 THIRD ST," ",NEWARK,NJ,"=""07107""",Ms.,Monica,Wood,Anti-Bullying Specialist,,,,,"=""973-268-5190""",1,1,1,1,1,1,1,1,1,1,,,,,,,"=""05976""",,,
"=""13""",ESSEX,"=""3570""",Newark Public School District,"=""440""",Dr. William H. Horton Elementary School,Ms.,Marvelis,Perreira,School Principal,mperreira@nps.k12.nj.us,291 N 7TH ST," ",NEWARK,NJ,"=""07107-1799""",291 N 7TH ST," ",NEWARK,NJ,"=""07107-1799""",Ms.,Destiny,Grant,Anti-Bullying Specialist,,,,,"=""973-268-5260""",1,1,1,1,1,1,1,1,1,1,,,,,,,"=""02280""",,,
"=""13""",ESSEX,"=""3570""",Newark Public School District,"=""307""",Eagle Academy for Young Men of Newark,Mr.,Semone,Morant,School Principal,SMorant@NPS.K12.NJ.US,279 Chancellor Avenue," ",Newark,NJ,"=""07112""",279 Chancellor Avenue," ",Newark,NJ,"=""07112""",Mr.,Jacques,Pierre,Anti-Bullying Specialist,,,,,"=""973-705-3847""",,,,,,,,,,,1,1,1,1,,,"=""""",,,
"=""13""",ESSEX,"=""3570""",Newark Public School District,"=""040""",East Side High School,Mr.,Carlos,Rodriguez,School Principal,CRodriguez@nps.k12.nj.us,238 VAN BUREN ST," ",NEWARK,NJ,"=""07105-2512""",238 VAN BUREN ST," ",NEWARK,NJ,"=""07105-2512""",Mr.,Jose,Morales,Anti-Bullying Specialist,,,,,"=""973-465-4900""",,,,,,,,,,,1,1,1,1,,,"=""02194""",,,
"=""13""",ESSEX,"=""3570""",Newark Public School District,"=""303""",East Ward Elementary School,Ms.,Nivin,Papa,School Principal,NPapa@nps.k12.nj.us,104 Oliver Street," ",Newark,NJ,"=""07105""",104 Oliver Street," ",Newark,NJ,"=""07105""",Ms.,Stephanie,Pontrella,Anti-Bullying Specialist,,,,,"=""973-522-4036""",1,1,1,1,1,1,1,1,1,1,,,,,,,"=""""",,,
"=""13""",ESSEX,"=""3570""",Newark Public School District,"=""390""",Elliott Street Elementary School,Ms.,Marissa,Falcon,School Principal,m1falcon@nps.k12.nj.us,721 Summer Avenue," ",NEWARK,NJ,"=""07104""",721 Summer Avenue," ",NEWARK,NJ,"=""07104""",Ms.,Jaclyn,Barquin,Anti-Bullying Specialist,,,,,"=""973-268-5360""",1,1,1,1,1,1,1,1,1,1,,,,,,,"=""02270""",,,
"=""13""",ESSEX,"=""3570""",Newark Public School District,"=""410""",First Avenue School,Ms.,Neysa,Miranda,School Principal,NMiranda@nps.k12.nj.us,214 FIRST AVE," ",NEWARK,NJ,"=""07107-1802""",214 FIRST AVE," ",NEWARK,NJ,"=""07107-1802""",Ms.,Maricela,Rodriguez,Anti-Bullying Specialist,,,,,"=""973-268-5240""",1,1,1,1,1,1,1,1,1,1,,,,,,,"=""02274""",,,
"=""13""",ESSEX,"=""3570""",Newark Public School District,"=""420""",Fourteenth Avenue School,Mr.,Armando,Cepero,School Principal,acepero@nps.k12.nj.us,26 Speedway Ave," ",NEWARK,NJ,"=""07106""",26 Speedway Ave," ",NEWARK,NJ,"=""07106""",Ms.,Patricia,Triano,Anti-Bullying Specialist,,,,,"=""973-733-6940""",1,1,1,1,1,1,1,1,1,1,,,,,,,"=""02276""",,,
"=""13""",ESSEX,"=""3570""",Newark Public School District,"=""430""",Franklin Elementary School,Mr.,Robert,Spat,School Principal,rspat@nps.k12.nj.us,42 PARK AVE," ",NEWARK,NJ,"=""07104-1044""",42 PARK AVE," ",NEWARK,NJ,"=""07104-1044""",Ms.,Fanny,Terrones,Anti-Bullying Specialist,,,,,"=""973-268-5250""",1,1,1,1,1,1,1,1,1,1,,,,,,,"=""02278""",,,
"=""13""",ESSEX,"=""3570""",Newark Public School District,"=""435""",George Washington Carver Elementary School,Mr.,Malcolm,Terrell,School Principal,MTerrell@NPS.K12.NJ.US,333 CLINTON PL," ",NEWARK,NJ,"=""07112-1563""",333 CLINTON PL," ",NEWARK,NJ,"=""07112-1563""",Mr.,John,Gabriel,Anti-Bullying Specialist,,,,,"=""973-705-3800""",1,1,1,1,1,1,1,1,1,1,,,,,,,"=""05912""",,,
"=""13""",ESSEX,"=""3570""",Newark Public School District,"=""350""",Grover Cleveland Elementary School,Ms.,Yakima,Jackson,School Principal,y1jackson@nps.k12.nj.us,388 BERGEN ST," ",NEWARK,NJ,"=""07108""",388 BERGEN ST," ",NEWARK,NJ,"=""07108""",Ms.,Victoria,Moultrie,Anti-Bullying Specialist,,,,,"=""973-733-6944""",1,1,1,1,1,1,1,1,1,1,,,,,,,"=""02262""",,,
"=""13""",ESSEX,"=""3570""",Newark Public School District,"=""455""",Harriet Tubman Elementary School,Ms.,Angela,Davis,School Principal,addavis@nps.k12.nj.us,504 S TENTH ST," ",NEWARK,NJ,"=""07103-1802""",504 S TENTH ST," ",NEWARK,NJ,"=""07103-1802""",Ms.,Ryan,Heard,Anti-Bullying Specialist,,,,,"=""973-733-6934""",1,1,1,1,1,1,1,1,1,1,,,,,,,"=""02282""",,,
"=""13""",ESSEX,"=""3570""",Newark Public School District,"=""460""",Hawkins Street School,Mr.,Alejandro,Lopez,School Principal,A1Lopez@NPS.K12.NJ.US,8 HAWKINS ST," ",NEWARK,NJ,"=""07105-3918""",8 HAWKINS ST," ",NEWARK,NJ,"=""07105-3918""",Ms.,Lilliana,Mejias,Anti-Bullying Specialist,,,,,"=""973-465-4920""",,1,1,1,1,1,1,1,1,1,,,,,,,"=""02284""",,,
"=""13""",ESSEX,"=""3570""",Newark Public School District,"=""470""",Hawthorne Avenue School,Mr.,Henry,James,School Principal,HJames@nps.k12.nj.us,428 HAWTHORNE AVE," ",NEWARK,NJ,"=""07108""",428 HAWTHORNE AVE," ",NEWARK,NJ,"=""07108""",Mrs.,Barbara,Crosby,Anti-Bullying Specialist,,,,,"=""973-705-3960""",1,1,1,1,1,1,1,1,1,1,,,,,,,"=""02288""",,,
"=""13""",ESSEX,"=""3570""",Newark Public School District,"=""322""",Ironbound Academy Elementary School,Mrs.,Erica,Paich,School Principal,epaich@nps.k12.nj.us,366 East Kinney Street," ",Newark,NJ,"=""07105""",366 East Kinney Street," ",Newark,NJ,"=""07105""",Ms.,Melanie,Oliveira,Anti-Bullying Specialist,,,,,"=""973-465-4996""",,1,1,1,1,1,1,1,1,1,,,,,,,"=""06138""",,,
"=""13""",ESSEX,"=""3570""",Newark Public School District,"=""565""",Ivy Hill Elementary School,Ms.,Dorrice,Rayam-Johnson,School Principal,D1Rayam@nps.k12.nj.us,107 IVY STREET," ",NEWARK,NJ,"=""07106""",107 IVY STREET," ",NEWARK,NJ,"=""07106""",Ms.,Linda,Meola,Anti-Bullying Specialist,,,,,"=""973-351-2121""",1,1,1,1,1,1,1,1,1,1,,,,,,,"=""02937""",,,
"=""13""",ESSEX,"=""3570""",Newark Public School District,"=""477""",John F. Kennedy School,Ms.,Jill,Summers-Phillips,School Principal,jsummers@nps.k12.nj.us,311 S TENTH ST," ",NEWARK,NJ,"=""07103-2114""",311 S TENTH ST," ",NEWARK,NJ,"=""07103-2114""",Ms.,Lekesha,Brooks-Wertz,Anti-Bullying Specialist,,,,,"=""973-733-6788""",,,,,,,,,,,1,1,1,1,,,"=""02296""",,,
"=""13""",ESSEX,"=""3570""",Newark Public School District,"=""480""",Lafayette Street School,Ms.,Diane,Pereira,School Principal,d1pereira@nps.k12.nj.us,205 LAFAYETTE ST," ",NEWARK,NJ,"=""07105-1843""",205 LAFAYETTE ST," ",NEWARK,NJ,"=""07105-1843""",Ms.,Jane,Marcillo,Anti-Bullying Specialist,,,,,"=""973-465-4860""",1,1,1,1,1,1,1,1,1,1,,,,,,,"=""02298""",,,
"=""13""",ESSEX,"=""3570""",Newark Public School District,"=""490""",Lincoln Elementary School,Ms.,Hillary,Dow,School Principal,hdow@nps.k12.nj.us,87 RICHELIEU TER," ",NEWARK,NJ,"=""07106-2419""",87 RICHELIEU TER," ",NEWARK,NJ,"=""07106-2419""",Ms.,Thea,Rosendary-Beetancourt,Anti-Bullying Specialist,,,,,"=""973-374-2290""",1,1,1,1,1,1,1,1,1,1,,,,,,,"=""02302""",,,
"=""13""",ESSEX,"=""3570""",Newark Public School District,"=""495""",Louise A. Spencer Elementary School,Ms.,Karla,Venezia,School Principal,kvenezia@nps.k12.nj.us,66 MUHAMMAD ALI AVENUE," ",NEWARK,NJ,"=""07108-2914""",66 MUHAMMAD ALI AVENUE," ",NEWARK,NJ,"=""07108-2914""",Ms.,Sharlene,Booker,Anti-Bullying Specialist,,,,,"=""973-733-6931""",1,1,1,1,1,1,1,1,1,1,,,,,,,"=""02304""",,,
"=""13""",ESSEX,"=""3570""",Newark Public School District,"=""301""",Luis Muñoz Marin Elementary School,Mr.,Daniel,Guerra,School Principal,DGuerra@NPS.K12.NJ.US,663 Broadway," ",Newark,NJ,"=""07104""",663 Broadway," ",Newark,NJ,"=""07104""",Ms.,Stacey,Smith,Anti-Bullying Specialist,,,,,"=""973-268-5330""",1,1,1,1,1,1,1,1,1,1,,,,,,,"=""""",,,
"=""13""",ESSEX,"=""3570""",Newark Public School District,"=""050""",Malcolm X Shabazz High School,Dr.,Atiba,Buckman,School Principal,ABuckman@NPS.K12.NJ.US,80 JOHNSON AVE," ",NEWARK,NJ,"=""07108""",80 JOHNSON AVE," ",NEWARK,NJ,"=""07108""",Ms.,Elyse,Carmichael,Anti-Bullying Specialist,,,,,"=""973-733-6760""",,,,,,,,,,,1,1,1,1,,,"=""02198""",,,
"=""13""",ESSEX,"=""3570""",Newark Public School District,"=""520""",McKinley Elementary School,Dr.,Lynette,Dortrait,School Principal,ldortrait@nps.k12.nj.us,1 COLONNADE PL," ",NEWARK,NJ,"=""07104-1810""",1 COLONNADE PL," ",NEWARK,NJ,"=""07104-1810""",Ms.,Skiyetta,Torres,Anti-Bullying Specialist,,,,,"=""973-268-5270""",1,1,1,1,1,1,1,1,1,1,,,,,,,"=""02318""",,,
"=""13""",ESSEX,"=""3570""",Newark Public School District,"=""321""",Michelle Obama Elementary School,Ms.,LaShonda,Gilliam,School Principal,lgilliam@nps.k12.nj.us,186 14th Avenue," ",Newark,NJ,"=""07103""",186 14th Avenue," ",Newark,NJ,"=""07103""",Ms.,Jessica,Alves,Anti-Bullying Specialist,,,,,"=""973-268-5400""",1,1,1,1,1,1,1,1,1,,,,,,,,"=""03531""",,,
"=""13""",ESSEX,"=""3570""",Newark Public School District,"=""570""",Mt Vernon Place School,Ms.,Serenia,Farrell,School Principal,sfarrell@nps.k12.nj.us,142 MOUNT VERNON PL," ",NEWARK,NJ,"=""07106-3303""",142 MOUNT VERNON PL," ",NEWARK,NJ,"=""07106-3303""",Ms.,LaTonya,Cargile,Anti-Bullying Specialist,,,,,"=""973-374-2090""",1,1,1,1,1,1,1,1,1,1,,,,,,,"=""02326""",,,
"=""13""",ESSEX,"=""3570""",Newark Public School District,"=""004""",NJ Regional Day School - Newark,Mr.,Larry,Ramkissoon,School Principal,Lramkissoon@NPS.K12.NJ.US,334 LYONS AVE," ",NEWARK,NJ,"=""07112-1441""",334 LYONS AVE," ",NEWARK,NJ,"=""07112-1441""",Ms.,Diana,Facundo,Anti-Bullying Specialist,,,,,"=""973-705-3820""",,1,1,1,1,1,1,1,1,1,1,1,1,1,,,"=""05985""",,,
"=""13""",ESSEX,"=""3570""",Newark Public School District,"=""323""",Nelson Mandela Elementary School,Mr.,Rodney,Point-Du-Jour,School Principal,r1jour@NPS.K12.NJ.US,74 Hartford St," ",Newark,NJ,"=""07103""",74 Hartford St," ",Newark,NJ,"=""07103""",Ms.,Zebia,Weh-Braddy,Anti-Bullying Specialist,,,,,"=""973-733-7373""",1,1,1,1,1,1,1,1,,,,,,,,,"=""06154""",,,
"=""13""",ESSEX,"=""3570""",Newark Public School District,"=""325""",New Media High School,Mr.,Steven,Oliver,School Principal,SOliver@NPS.K12.NJ.US,226 Dayton Street," ",Newark,NJ,"=""07114""",226 Dayton Street," ",Newark,NJ,"=""07114""",Ms.,Mary,Harvey,Anti-Bullying Specialist,,,,,"=""973-807-3767""",,,,,,,,,,,1,,,,,,"=""""",,,
"=""13""",ESSEX,"=""3570""",Newark Public School District,"=""002""",Newark Evening Educational Center,Mr.,Andre,Hollis,School Principal,a1hollis@NPS.K12.NJ.US,150 Newton St," ",NEWARK,NJ,"=""07103""",150 Newton St," ",NEWARK,NJ,"=""07103""",Ms.,Elyse,Carmichael,Anti-Bullying Specialist,,,,,"=""973-424-4391""",,,,,,,,,,,,,,,,1,"=""""",,,
"=""13""",ESSEX,"=""3570""",Newark Public School District,"=""320""",Newark Sch of Data Science and Information Technology,Dr.,Liana,Summey,School Principal,LSummey@NPS.K12.NJ.US,746 Sanford Avenue," ",Newark,NJ,"=""07106""",746 Sanford Avenue," ",Newark,NJ,"=""07106""",Dr.,Maria,Ortiz,Anti-Bullying Specialist,,,,,"=""973-350-5088""",,,,,,,,,,,1,1,1,1,,,"=""03529""",,,
"=""13""",ESSEX,"=""3570""",Newark Public School District,"=""324""",Newark School of Architecture & Interior Design,Ms.,Soraia,Mendes,School Principal,smendes@nps.k12.nj.us,155 Jefferson Street," ",Newark,NJ,"=""07105""",155 Jefferson Street," ",Newark,NJ,"=""07105""",Ms.,Jesenia,Serrano,Anti-Bullying Specialist,,,,,"=""862-682-6721""",,,,,,,,,,,1,1,,,,,"=""""",,,
"=""13""",ESSEX,"=""3570""",Newark Public School District,"=""319""",Newark School of Fashion & Design,Ms.,Sakina,Pitts,School Principal,s1pitts@nps.k12.nj.us,239 Woodside Avenue," ",Newark,NJ,"=""07104""",239 Woodside Avenue," ",Newark,NJ,"=""07104""",Ms.,Nancy,Bonilla,Anti-Bullying Specialist,,,,,"=""973-268-5111""",,,,,,,,,,,1,1,1,1,,,"=""03528""",,,
"=""13""",ESSEX,"=""3570""",Newark Public School District,"=""318""",Newark School of Global Studies,Mr.,Nelson,Ruiz,School Principal,NRuiz@nps.k12.nj.us,24 Crane Street," ",Newark,NJ,"=""07104""",24 Crane Street," ",Newark,NJ,"=""07104""",Ms.,Stephanie,Barrera,Anti-Bullying Specialist,,,,,"=""973-268-5160""",,,,,,,,,,,1,1,1,1,,,"=""03505""",,,
"=""13""",ESSEX,"=""3570""",Newark Public School District,"=""045""",Newark Vocational High School,Ms.,Karisa,Neis-Lopez,School Principal,k3lopez@NPS.K12.NJ.US,301 WEST KINNEY ST," ",NEWARK,NJ,"=""07103-2927""",301 WEST KINNEY ST," ",NEWARK,NJ,"=""07103-2927""",Ms.,Karla,Karla,Anti-Bullying Specialist,,,,,"=""973-733-6992""",,,,,,,,,,,1,1,1,1,,,"=""02196""",,,
"=""13""",ESSEX,"=""3570""",Newark Public School District,"=""590""",Oliver Street School,Mr.,Luis,Henriques,School Principal,Lhenriques@nps.k12.nj.us,86 OLIVER ST," ",NEWARK,NJ,"=""07105""",86 OLIVER ST," ",NEWARK,NJ,"=""07105""",Ms.,Daisy,Arzola,Anti-Bullying Specialist,,,,,"=""973-465-4870""",1,1,1,1,1,1,1,1,1,1,,,,,,,"=""02330""",,,
"=""13""",ESSEX,"=""3570""",Newark Public School District,"=""581""",Park Elementary School,Ms.,Amy,Panitch,School Principal,APanitch@nps.k12.nj.us,120 MANCHESTER PLACE," ",Newark,NJ,"=""07104""",120 MANCHESTER PLACE," ",Newark,NJ,"=""07104""",Ms.,Jessica,Hidalgo,Anti-Bullying Specialist,,,,,"=""973-268-5999""",1,1,1,1,1,1,1,1,1,1,,,,,,,"=""03061""",,,
"=""13""",ESSEX,"=""3570""",Newark Public School District,"=""370""",Peshine Avenue School,Ms.,Ganiat,Rufai,School Principal,grufai@nps.k12.nj.us,433 Peshine Avenue," ",NEWARK,NJ,"=""07112""",433 Peshine Avenue," ",NEWARK,NJ,"=""07112""",Ms.,Julia,Barton,Anti-Bullying Specialist,,,,,"=""973-705-3890""",1,1,1,1,1,1,1,1,1,1,,,,,,,"=""02266""",,,
"=""13""",ESSEX,"=""3570""",Newark Public School District,"=""605""",Quitman Street School,Ms.,April,Adams-Hogan,School Principal,AAdams@nps.k12.nj.us,21 QUITMAN ST," ",NEWARK,NJ,"=""07103-4105""",21 QUITMAN ST," ",NEWARK,NJ,"=""07103-4105""",Ms.,Vivian,Tonelli,Anti-Bullying Specialist,,,,,"=""973-733-6947""",1,1,1,1,1,1,1,1,1,1,,,,,,,"=""02334""",,,
"=""13""",ESSEX,"=""3570""",Newark Public School District,"=""575""",Rafael Hernandez School,Ms.,Najie,Kennedy,School Principal,NKennedy@nps.k12.nj.us,345 BROADWAY," ",NEWARK,NJ,"=""07104""",345 BROADWAY," ",NEWARK,NJ,"=""07104""",Mr.,Douglas,Brunner,Anti-Bullying Specialist,,,,,"=""973-481-5004""",1,1,1,1,1,1,1,1,1,1,,,,,,,"=""00091""",,,
"=""13""",ESSEX,"=""3570""",Newark Public School District,"=""610""",Ridge Street School,Mr.,David,DeOliveira,School Principal,d1DeOliveira@nps.k12.nj.us,735 RIDGE ST," ",NEWARK,NJ,"=""07104-2323""",735 RIDGE ST," ",NEWARK,NJ,"=""07104-2323""",Ms.,Shirley,Andrews,Anti-Bullying Specialist,,,,,"=""973-268-5210""",1,1,1,1,1,1,1,1,1,1,,,,,,,"=""02338""",,,
"=""13""",ESSEX,"=""3570""",Newark Public School District,"=""615""",Roberto Clemente Elementary School,Dr.,Claudio,Barbaran,School Principal,CBarbaran@NPS.K12.NJ.US,257 SUMMER AVE," ",NEWARK,NJ,"=""07104-2717""",257 SUMMER AVE," ",NEWARK,NJ,"=""07104-2717""",Ms.,Lorena,Valencia,Anti-Bullying Specialist,,,,,"=""973-268-5291""",1,1,1,1,1,1,1,1,1,1,,,,,,,"=""02342""",,,
"=""13""",ESSEX,"=""3570""",Newark Public School District,"=""317""",Salome Ureña Elementary School,Ms.,Liana,Rodriguez,School Principal,L2Rodriguez@nps.k12.nj.us,284 First Avenue," ",Newark,NJ,"=""07107""",284 First Avenue," ",Newark,NJ,"=""07107""",Ms.,Stephanie,White,Anti-Bullying Specialist,,,,,"=""973-412-1171""",1,1,1,1,1,1,1,1,1,1,,,,,,,"=""""",,,
"=""13""",ESSEX,"=""3570""",Newark Public School District,"=""055""",Science Park High School,Ms.,Darleen,Gearhart,School Principal,dgearhart@NPS.K12.NJ.US,260 NORFOLK STREET," ",NEWARK,NJ,"=""07103""",260 NORFOLK STREET," ",NEWARK,NJ,"=""07103""",Ms.,Wylene,McDowell,Anti-Bullying Specialist,,,,,"=""973-733-8689""",,,,,,,,,1,1,1,1,1,1,,,"=""02200""",,,
"=""13""",ESSEX,"=""3570""",Newark Public School District,"=""315""",Sir Isaac Newton Elementary School,Dr.,Tiffany,Wicks,School Principal,twicks@nps.k12.nj.us,150 Newton Street," ",NEWARK,NJ,"=""07103-2639""",150 Newton Street," ",NEWARK,NJ,"=""07103-2639""",Ms.,Nicolle,Hutchins,Anti-Bullying Specialist,,,,,"=""973-733-8765""",1,1,1,1,1,1,1,1,1,,,,,,,,"=""03503""",,,
"=""13""",ESSEX,"=""3570""",Newark Public School District,"=""670""",South 17th Street School,Ms.,Quadriyyah,Williams,School Principal,qwilliams@nps.k12.nj.us,619 S SEVENTEENTH ST," ",NEWARK,NJ,"=""07103-1159""",619 S SEVENTEENTH ST," ",NEWARK,NJ,"=""07103-1159""",Ms.,Brittany,Briggs,Anti-Bullying Specialist,,,,,"=""973-374-2570""",1,1,1,1,1,1,1,1,1,1,,,,,,,"=""02354""",,,
"=""13""",ESSEX,"=""3570""",Newark Public School District,"=""640""",South Street Elementary School,Ms.,Sandra,Cruz,School Principal,scruz@nps.k12.nj.us,44-48 Hermon Street," ",NEWARK,NJ,"=""07105""",44-48 Hermon Street," ",NEWARK,NJ,"=""07105""",Ms.,Ida,Zizza,Anti-Bullying Specialist,,,,,"=""973-465-4880""",1,1,1,1,1,1,1,1,1,1,,,,,,,"=""02352""",,,
"=""13""",ESSEX,"=""3570""",Newark Public School District,"=""690""",Speedway Avenue School,Ms.,Khadijah,Owens,School Principal,ajiles@NPS.K12.NJ.US,701 SOUTH ORANGE AVENUE," ",NEWARK,NJ,"=""07106-2209""",701 SOUTH ORANGE AVENUE," ",NEWARK,NJ,"=""07106-2209""",Mr.,Floyd,Granderson,Anti-Bullying Specialist,,,,,"=""973-374-2740""",1,1,1,1,1,1,1,1,1,1,,,,,,,"=""02356""",,,
"=""13""",ESSEX,"=""3570""",Newark Public School District,"=""710""",Sussex Avenue School,Ms.,Ryshan,Johnson,School Principal,rrjohnson@nps.k12.nj.us,307 SUSSEX AVE," ",NEWARK,NJ,"=""07107-3133""",307 SUSSEX AVE," ",NEWARK,NJ,"=""07107-3133""",Ms.,Rosalyn,Akanbi,Anti-Bullying Specialist,,,,,"=""973-268-5200""",1,1,1,1,1,1,1,1,1,1,,,,,,,"=""02360""",,,
"=""13""",ESSEX,"=""3570""",Newark Public School District,"=""056""",Technology High School,Mr.,Edwin,Reyes,School Principal,edreyes@nps.k12.nj.us,223 BROADWAY," ",NEWARK,NJ,"=""07104""",223 BROADWAY," ",NEWARK,NJ,"=""07104""",Ms.,Juliana,Margaca,Anti-Bullying Specialist,,,,,"=""973-481-5962""",,,,,,,,,,,1,1,1,1,,,"=""00139""",,,
"=""13""",ESSEX,"=""3570""",Newark Public School District,"=""715""",Thirteenth Avenue School,Ms.,Thalia,Brownridge-Smith,School Principal,tbrownridge@NPS.K12.NJ.US,359 THIRTEENTH AVE," ",NEWARK,NJ,"=""07103-2125""",359 THIRTEENTH AVE," ",NEWARK,NJ,"=""07103-2125""",Ms.,Jenine,Blount,Anti-Bullying Specialist,,,,,"=""973-733-7045""",1,1,1,1,1,1,1,1,1,1,,,,,,,"=""02364""",,,
"=""13""",ESSEX,"=""3570""",Newark Public School District,"=""057""",University High School,Ms.,Genique,Flournoy-Hamilton,School Principal,gflournoy@nps.k12.nj.us,55 CLINTON PL," ",NEWARK,NJ,"=""07108-1221""",55 CLINTON PL," ",NEWARK,NJ,"=""07108-1221""",Ms.,Lawren,Bridgeforth Hart,Anti-Bullying Specialist,,,,,"=""973-351-2010""",,,,,,,,,,,1,1,1,1,,,"=""02202""",,,
"=""13""",ESSEX,"=""3570""",Newark Public School District,"=""070""",Weequahic High School,Mr.,Kyle,Thomas,School Principal,K1Thomas@nps.k12.nj.us,279 CHANCELLOR AVE," ",NEWARK,NJ,"=""07112-1201""",279 CHANCELLOR AVE," ",NEWARK,NJ,"=""07112-1201""",Mr.,Diakil,McCray,Anti-Bullying Specialist,,,,,"=""973-705-3903""",,,,,,,,,,,1,1,1,1,,,"=""02206""",,,
"=""13""",ESSEX,"=""3570""",Newark Public School District,"=""080""",West Side High School,Mr.,Akbar,Cook,School Principal,AHCook@NPS.K12.NJ.US,403 South Orange Avenue," ",Newark,NJ,"=""07103""",403 South Orange Avenue," ",Newark,NJ,"=""07103""",Ms.,Jamila,Hammond,Anti-Bullying Specialist,,,,,"=""973-733-6977""",,,,,,,,,,,1,1,1,1,,,"=""02208""",,,
"=""13""",ESSEX,"=""3570""",Newark Public School District,"=""750""",Wilson Avenue School,Ms.,Tania,Sousa-Vilar,School Principal,TSousa@nps.k12.nj.us,19 WILSON AVE," ",NEWARK,NJ,"=""07105""",19 WILSON AVE," ",NEWARK,NJ,"=""07105""",Ms.,Lilianne,Amaral,Anti-Bullying Specialist,,,,,"=""973-465-4910""",,1,1,1,1,1,1,1,1,1,,,,,,,"=""02368""",,,
"=""13""",ESSEX,"=""3630""",North Caldwell School District,"=""050""",Gould/Mountain Elementary School,Mrs.,Lisa,Linden,School Principal,llinden@ncboe.org,132 GOULD AVE," ",N CALDWELL,NJ,"=""07006""",132 GOULD AVE," ",N CALDWELL,NJ,"=""07006""",Mrs.,Laura,Decker,Anti-Bullying Specialist,,,,,"=""973-712-4400""",,,,,,1,1,1,,,,,,,,,"=""02372""",,,
"=""13""",ESSEX,"=""3630""",North Caldwell School District,"=""060""",Grandview Elementary School,Mr.,Francesco,Bifulco,School Principal,fbifulco@ncboe.org,35 HAMILTON DR EAST," ",N CALDWELL,NJ,"=""07006""",35 HAMILTON DR EAST," ",N CALDWELL,NJ,"=""07006""",Mrs.,Victoria,Lobosco,Anti-Bullying Specialist,,,,,"=""973-712-4400""",1,1,1,1,1,,,,,,,,,,,,"=""02374""",,,
"=""13""",ESSEX,"=""3750""",Nutley Public School District,"=""060""",John H. Walker Middle School,Mr.,JOSEPH,MATERIA,School Principal,JMATERIA@NUTLEYSCHOOLS.ORG,325 FRANKLIN AVE," ",NUTLEY,NJ,"=""07110-2735""",325 FRANKLIN AVE," ",NUTLEY,NJ,"=""07110-2735""",Ms.,Alisa,Gennace,Anti-Bullying Specialist,,,,,"=""973-661-8869""",,,,,,,,1,1,1,,,,,,,"=""02380""",,,
"=""13""",ESSEX,"=""3750""",Nutley Public School District,"=""070""",Lincoln School,Mrs.,Antoinette,Frannicola,School Principal,ajfrannicola@NUTLEYSCHOOLS.ORG,301 HARRISON ST," ",NUTLEY,NJ,"=""07110-2614""",301 HARRISON ST," ",NUTLEY,NJ,"=""07110-2614""",Ms.,Nancy,Thunell,Anti-Bullying Specialist,,,,,"=""973-661-8882""",1,1,1,1,1,1,1,,,,,,,,,,"=""02382""",,,
"=""13""",ESSEX,"=""3750""",Nutley Public School District,"=""300""",Nutley Early Childhood Center,Mrs.,April,Vitiello,Director,avitiello@nutleyschools.org,777 Bloomfield Avenue," ",Nutley,NJ,"=""07110-1023""",777 Bloomfield Avenue," ",Nutley,NJ,"=""07110-1023""",Ms.,Merrill,Barbone,Anti-Bullying Specialist,,,,,"=""973-320-8484""",1,,,,,,,,,,,,,,,,"=""""",,,
"=""13""",ESSEX,"=""3750""",Nutley Public School District,"=""050""",Nutley High School,Mr.,DENIS,WILLIAMS,School Principal,dwilliams@nutleyschools.org,300 FRANKLIN AVE," ",NUTLEY,NJ,"=""07110-2734""",300 FRANKLIN AVE," ",NUTLEY,NJ,"=""07110-2734""",Ms.,Erin,Theodorou,Anti-Bullying Specialist,,,,,"=""973-661-8824""",,,,,,,,,,,1,1,1,1,,,"=""02378""",,,
"=""13""",ESSEX,"=""3750""",Nutley Public School District,"=""080""",Radcliffe School,Mr.,Michael,Kearney,School Principal,mkearney@nutleyschools.org,379 BLOOMFIELD AVE," ",NUTLEY,NJ,"=""07110-2252""",379 BLOOMFIELD AVE," ",NUTLEY,NJ,"=""07110-2252""",Ms.,Lauren,Alfaro,Anti-Bullying Specialist,,,,,"=""973-667-8819""",,1,1,1,1,1,1,,,,,,,,,,"=""02384""",,,
"=""13""",ESSEX,"=""3750""",Nutley Public School District,"=""090""",Spring Garden School,Mrs.,Laurie,LaGuardia,School Principal,llaguardia@nutleyschools.org,59 S SPRING GARDEN AVE," ",NUTLEY,NJ,"=""07110-1527""",59 S SPRING GARDEN AVE," ",NUTLEY,NJ,"=""07110-1527""",Ms.,Lauren,Alfaro,Anti-Bullying Specialist,,,,,"=""973-661-8896""",1,1,1,1,1,1,1,,,,,,,,,,"=""02388""",,,
"=""13""",ESSEX,"=""3750""",Nutley Public School District,"=""100""",Washington School,Mr.,Douglas,Jones,School Principal,djones@nutleyschools.org,155 WASHINGTON AVE," ",NUTLEY,NJ,"=""07110-3501""",155 WASHINGTON AVE," ",NUTLEY,NJ,"=""07110-3501""",Ms.,Kelli,Cerniglia,Anti-Bullying Specialist,,,,,"=""973-661-8887""",1,1,1,1,1,1,1,,,,,,,,,,"=""02390""",,,
"=""13""",ESSEX,"=""3750""",Nutley Public School District,"=""110""",Yantacaw School,Mr.,Frank,Francia,School Principal,ffrancia@nutleyschools.org,20 YANTACAW PLACE," ",NUTLEY,NJ,"=""07110""",20 YANTACAW PLACE," ",NUTLEY,NJ,"=""07110""",Ms.,Lauren,Alfaro,Anti-Bullying Specialist,,,,,"=""973-661-8891""",1,1,1,1,1,1,1,,,,,,,,,,"=""02392""",,,
"=""13""",ESSEX,"=""3880""",ORANGE BOARD OF EDUCATION School District,"=""303""",Central Elementary School,Ms.,Denise,White,School Principal,whiteden@orange.k12.nj.us,33 Cleveland Street," ",Orange,NJ,"=""07050""",33 Cleveland Street," ",Orange,NJ,"=""07050""",Ms.,Carol,Daly,Anti-Bullying Specialist,,,,,"=""973-677-4000""",,1,1,1,,,,,,,,,,,,,"=""03507""",,,
"=""13""",ESSEX,"=""3880""",ORANGE BOARD OF EDUCATION School District,"=""070""",Cleveland Street Elementary School,Mr.,Terence,Wesley,School Principal,wesleyte@orange.k12.nj.us,355 CLEVELAND ST," ",ORANGE,NJ,"=""07050-1916""",355 CLEVELAND ST," ",ORANGE,NJ,"=""07050-1916""",Mr.,Darryl,Smith,Anti-Bullying Specialist,,,,,"=""973-677-4100""",1,1,1,1,1,1,1,1,1,,,,,,,,"=""02400""",,,
"=""13""",ESSEX,"=""3880""",ORANGE BOARD OF EDUCATION School District,"=""080""",Forest Street Community Elementary School,Dr.,YANCISCA,LOFTEN-COOKE,School Principal,Cookeyan@orange.k12.nj.us,651 FOREST ST," ",ORANGE,NJ,"=""07050""",651 FOREST ST," ",ORANGE,NJ,"=""07050""",Ms.,Curlin,Edwards,Anti-Bullying Specialist,,,,,"=""973-677-4120""",,1,1,1,1,1,1,1,1,,,,,,,,"=""02402""",,,
"=""13""",ESSEX,"=""3880""",ORANGE BOARD OF EDUCATION School District,"=""090""",Heywood Avenue Elementary School,Ms.,Richele,Woods,School Principal,woodsric@orange.k12.nj.us,421 HEYWOOD AVE," ",ORANGE,NJ,"=""07050-2006""",421 HEYWOOD AVE," ",ORANGE,NJ,"=""07050-2006""",Mrs.,Jeannette,Rodriguez,Anti-Bullying Specialist,,,,,"=""973-677-4105""",1,1,1,1,1,1,1,1,1,,,,,,,,"=""02404""",,,
"=""13""",ESSEX,"=""3880""",ORANGE BOARD OF EDUCATION School District,"=""100""",Lincoln Avenue Elementary School,Mr.,Gregory,Sneed,School Principal,SneedGre@orange.k12.nj.us,216 LINCOLN AVE," ",ORANGE,NJ,"=""07050-2605""",216 LINCOLN AVE," ",ORANGE,NJ,"=""07050-2605""",Ms.,Marie,Bruno-Mayel,Anti-Bullying Specialist,,,,,"=""973-677-4130""",1,1,1,1,1,1,1,1,1,,,,,,,,"=""02406""",,,
"=""13""",ESSEX,"=""3880""",ORANGE BOARD OF EDUCATION School District,"=""110""",Oakwood Avenue Community School,Mr.,Dana,Gaines,School Principal,gaindana@orange.k12.nj.us,135 OAKWOOD AVE," ",ORANGE,NJ,"=""07050-3909""",135 OAKWOOD AVE," ",ORANGE,NJ,"=""07050-3909""",Ms.,Tennia,Tuck,Anti-Bullying Specialist,,,,,"=""973-677-4095""",1,1,1,1,1,1,1,1,1,,,,,,,,"=""02408""",,,
"=""13""",ESSEX,"=""3880""",ORANGE BOARD OF EDUCATION School District,"=""300""",Orange Early Childhood Center,Mr.,Robert,Pettit,School Principal,Pettitro@orange.k12.nj.us,397 Park Avenue," ",Orange,NJ,"=""07050""",397 Park Avenue," ",Orange,NJ,"=""07050""",Ms.,Carol,Daly,Anti-Bullying Specialist,,,,,"=""973-677-4000""",1,,,,,,,,,,,,,,,,"=""""",,,
"=""13""",ESSEX,"=""3880""",ORANGE BOARD OF EDUCATION School District,"=""050""",Orange High School,Mr.,Jason,Belton,School Principal,beltonja@orange.k12.nj.us,400 LINCOLN AVE," ",ORANGE,NJ,"=""07050-2208""",400 LINCOLN AVE," ",ORANGE,NJ,"=""07050-2208""",Ms.,Dana,Jones,Anti-Bullying Specialist,,,,,"=""973-677-4050""",,,,,,,,,,,1,1,1,1,,,"=""02396""",,,
"=""13""",ESSEX,"=""3880""",ORANGE BOARD OF EDUCATION School District,"=""115""",Orange Preparatory Academy School of Inquiry and Innovation,Ms.,Carrie,Halstead,School Principal,halsteca@orange.k12.nj.us,400 CENTRAL AVE," ",ORANGE,NJ,"=""07050-2420""",400 CENTRAL AVE," ",ORANGE,NJ,"=""07050-2420""",Ms.,Malika,Berry,Anti-Bullying Specialist,,,,,"=""973-677-4135""",,,,,,,,,,1,,,,,,,"=""02410""",,,
"=""13""",ESSEX,"=""3880""",ORANGE BOARD OF EDUCATION School District,"=""120""",Park Avenue Elementary School,Ms.,Natasha,Cox,School Principal,coxnatas@orange.k12.nj.us,231 PARK AVE," ",ORANGE,NJ,"=""07050-4102""",231 PARK AVE," ",ORANGE,NJ,"=""07050-4102""",Ms.,Hailey,Arbus,Anti-Bullying Specialist,,,,,"=""973-677-4124""",1,1,1,1,1,1,1,1,1,1,,,,,,,"=""02412""",,,
"=""13""",ESSEX,"=""3880""",ORANGE BOARD OF EDUCATION School District,"=""105""",Rosa Parks Community School,Dr.,Debra,Joseph-Charles,School Principal,josephde@orange.k12.nj.us,369 MAIN STREET," ",ORANGE,NJ,"=""07050""",369 MAIN STREET," ",ORANGE,NJ,"=""07050""",Mrs.,Natasha,Murphy,Anti-Bullying Specialist,,,,,"=""973-677-4515""",,,,,1,1,1,1,1,,,,,,,,"=""06117""",,,
"=""13""",ESSEX,"=""3880""",ORANGE BOARD OF EDUCATION School District,"=""302""",STEM Innovation Academy of the Oranges,Mr.,Eric,Andrews,School Principal,andrewer@orange.k12.nj.us,445 Scotland Road," ",South Orange,NJ,"=""07079""",445 Scotland Road," ",South Orange,NJ,"=""07079""",Mr.,Jamaal,Johnson,Anti-Bullying Specialist,,,,,"=""973-677-4190""",,,,,,,,,,,1,1,1,1,,,"=""03506""",,,
"=""13""",ESSEX,"=""4530""",Roseland School District,"=""020""",Lester C Noecker,Mr.,Raul,Sandoval,School Principal,rsandoval@roselandnjboe.org,100 PASSAIC AVE," ",ROSELAND,NJ,"=""07068""",100 PASSAIC AVE," ",ROSELAND,NJ,"=""07068""",Ms.,Lynn,Cummings,Anti-Bullying Specialist,,,,,"=""973-226-7644""",1,1,1,1,1,1,1,1,,,,,,,,,"=""02418""",,,
"=""13""",ESSEX,"=""4900""",South Orange-Maplewood School District,"=""060""",Clinton Elementary School,Ms.,Melissa,Butler,School Principal,mbutler@somsd.k12.nj.us,27 BERKSHIRE RD," ",MAPLEWOOD,NJ,"=""07040-1429""",27 BERKSHIRE RD," ",MAPLEWOOD,NJ,"=""07040-1429""",Ms.,Julia,Celeste,Anti-Bullying Specialist,,,,,"=""973-378-7686""",,1,1,1,1,1,1,,,,,,,,,,"=""02428""",,,
"=""13""",ESSEX,"=""4900""",South Orange-Maplewood School District,"=""030""",Columbia High School,Mr.,Frank,Sanchez,School Principal,fsanchez@somsd.k12.nj.us,17 PARKER AVE," ",MAPLEWOOD,NJ,"=""07040-1327""",17 PARKER AVE," ",MAPLEWOOD,NJ,"=""07040-1327""",Mr.,Howard,Caspe,Anti-Bullying Specialist,,,,,"=""973-762-5600""",,,,,,,,,,,1,1,1,1,,,"=""02422""",,https://www.instagram.com/columbiahighschool_chs,
"=""13""",ESSEX,"=""4900""",South Orange-Maplewood School District,"=""090""",Delia Bolden Elementary School,Ms.,Kimberly,Hutchinson,School Principal,khutchin@somsd.k12.nj.us,518 RIDGEWOOD RD," ",MAPLEWOOD,NJ,"=""07040-2158""",518 RIDGEWOOD RD," ",MAPLEWOOD,NJ,"=""07040-2158""",Mr.,Maudjah,Francis,Anti-Bullying Specialist,,,,,"=""973-378-7696""",,1,1,1,1,1,1,,,,,,,,,,"=""02432""",,,
"=""13""",ESSEX,"=""4900""",South Orange-Maplewood School District,"=""040""",Maplewood Middle School,Mr.,Kevin,Mason,School Principal,kmason@somsd.k12.nj.us,7 BURNETT ST," ",MAPLEWOOD,NJ,"=""07040-2620""",7 BURNETT ST," ",MAPLEWOOD,NJ,"=""07040-2620""",,Jesse,Pierre,Anti-Bullying Specialist,,,,,"=""973-378-7660""",,,,,,,,1,1,1,,,,,,,"=""02424""",,https://www.instagram.com/mms_cougar,
"=""13""",ESSEX,"=""4900""",South Orange-Maplewood School District,"=""100""",Marshall Elementary School,Ms.,Laura,Swyberius,School Principal,lswyberi@somsd.k12.nj.us,262 GROVE RD," ",S ORANGE,NJ,"=""07079-2367""",262 GROVE RD," ",S ORANGE,NJ,"=""07079-2367""",Mr.,Wilfred,Quaye,Anti-Bullying Specialist,,,,,"=""973-378-7698""",,1,1,1,1,1,1,,,,,,,,,,"=""02434""",,,
"=""13""",ESSEX,"=""4900""",South Orange-Maplewood School District,"=""300""",Montrose Early Childhood Center,Mr.,Leroy,Johnson,Acting Principal,ljohnso3@somsd.k12.nj.us,358 Clark Street," ",South Orange,NJ,"=""07079""",358 Clark Street," ",South Orange,NJ,"=""07079""",,Taliah,Joyner-Isibor,Anti-Bullying Specialist,,,,,"=""973-762-5600""",1,,,,,,,,,,,,,,,,"=""""",,,
"=""13""",ESSEX,"=""4900""",South Orange-Maplewood School District,"=""130""",Seth Boyden Elementary Demonstration School,Ms.,Shannon,Glander,School Principal,sglander@somsd.k12.nj.us,274 BOYDEN AVE," ",MAPLEWOOD,NJ,"=""07040-3010""",274 BOYDEN AVE," ",MAPLEWOOD,NJ,"=""07040-3010""",Ms.,Julia,Portnoff,Anti-Bullying Specialist,,,,,"=""973-378-5209""",,1,1,1,1,1,1,,,,,,,,,,"=""02440""",,,
"=""13""",ESSEX,"=""4900""",South Orange-Maplewood School District,"=""140""",South Mountain Elementary School,Mrs.,Dara,Gronau,School Principal,dgronau@somsd.k12.nj.us,444  WEST SOUTH ORANGE AVE," ",S ORANGE,NJ,"=""07079-1234""",444 SOUTH ORANGE AVE," ",S ORANGE,NJ,"=""07079-1234""",Ms.,Shazaan,Napoleon,Anti-Bullying Specialist,,,,,"=""973-378-5216""",,1,1,1,1,1,1,,,,,,,,,,"=""02442""",,,
"=""13""",ESSEX,"=""4900""",South Orange-Maplewood School District,"=""050""",South Orange Middle School,Ms.,Lynn,Irby,School Principal,lirby@somsd.k12.nj.us,70 North Ridgewood Road," ",S ORANGE,NJ,"=""07079-1518""",70 North Ridgewood Road," ",S ORANGE,NJ,"=""07079-1518""",Ms.,Fajr,Salaam-Goodwin,Anti-Bullying Specialist,,,,,"=""973-378-2772""",,,,,,,,1,1,1,,,,,,,"=""02426""",,,
"=""13""",ESSEX,"=""4900""",South Orange-Maplewood School District,"=""150""",Tuscan Elementary School,Ms.,Maureen,Davenport,School Principal,mdavenpo@somsd.k12.nj.us,25 HARVARD AVE," ",MAPLEWOOD,NJ,"=""07040-3109""",25 HARVARD AVE," ",MAPLEWOOD,NJ,"=""07040-3109""",Ms.,Angeli,Lillman,Anti-Bullying Specialist,,,,,"=""973-378-5221""",,1,1,1,1,1,1,,,,,,,,,,"=""02444""",,,
"=""13""",ESSEX,"=""5370""",Verona Public School District,"=""070""",Brookdale Avenue School,Mrs.,Nicole,Stuto,School Principal,nstuto@veronaschools.org,14 BROOKDALE COURT," ",VERONA,NJ,"=""07044-2431""",14 BROOKDALE COURT," ",VERONA,NJ,"=""07044-2431""",Ms.,Victoria,Ramirez,Anti-Bullying Specialist,,,,,"=""973-571-6752""",,1,1,1,1,1,,,,,,,,,,,"=""02450""",,,
"=""13""",ESSEX,"=""5370""",Verona Public School District,"=""090""",Forest Avenue School,Mr.,Jeffrey,Monacelli,School Principal,jmonacelli@veronaschools.org,118 FOREST AVE," ",VERONA,NJ,"=""07044-1224""",118 FOREST AVE," ",VERONA,NJ,"=""07044-1224""",Ms.,Victoria,Ramirez,Anti-Bullying Specialist,,,,,"=""973-571-6754""",,1,1,1,1,1,,,,,,,,,,,"=""02454""",,,
"=""13""",ESSEX,"=""5370""",Verona Public School District,"=""080""",Frederic N. Brown Elementary School,Dr.,Anthony,Lanzo,School Principal,alanzo@veronaschools.org,125 GROVE AVE," ",VERONA,NJ,"=""07044-1621""",125 GROVE AVE," ",VERONA,NJ,"=""07044-1621""",Ms.,Victoria,Ramirez,Anti-Bullying Specialist,,,,,"=""973-571-6753""",,1,1,1,1,1,,,,,,,,,,,"=""02452""",,,
"=""13""",ESSEX,"=""5370""",Verona Public School District,"=""095""",Henry B. Whitehorne Middle School,Mr.,David,Galbierczyk,School Principal,dgalbierczyk@veronaschools.org,600 BLOOMFIELD AVE," ",VERONA,NJ,"=""07044-1817""",600 BLOOMFIELD AVE," ",VERONA,NJ,"=""07044-1817""",Ms.,Victoria,Ramirez,Anti-Bullying Specialist,,,,,"=""973-571-6751""",,,,,,,1,1,1,1,,,,,,,"=""02456""",,,
"=""13""",ESSEX,"=""5370""",Verona Public School District,"=""100""",Laning Avenue School,Mr.,Howard,Freund,School Principal,hfreund@veronaschools.org,18 LANNING RD," ",VERONA,NJ,"=""07044-2510""",18 LANNING RD," ",VERONA,NJ,"=""07044-2510""",Ms.,Victoria,Ramirez,Anti-Bullying Specialist,,,,,"=""973-571-6755""",1,1,1,1,1,1,,,,,,,,,,,"=""02458""",,,
"=""13""",ESSEX,"=""5370""",Verona Public School District,"=""050""",Verona High School,Mr.,Joshua,Cogdill,School Principal,jcogdill@veronaschools.org,151 FAIRVIEW AVE," ",VERONA,NJ,"=""07044-1320""",151 FAIRVIEW AVE," ",VERONA,NJ,"=""07044-1320""",Mr.,Andrew,Herschmann,Anti-Bullying Specialist,,,,,"=""973-571-6750""",,,,,,,,,,,1,1,1,1,,,"=""02448""",,,
"=""13""",ESSEX,"=""5630""",West Essex Regional School District,"=""050""",West Essex High School,Mr.,Kimberly,Westervelt,School Principal,kwestervelt@westex.org,65 WEST GREENBROOK RD," ",NORTH CALDWELL,NJ,"=""07006""",65 WEST GREENBROOK RD," ",NORTH CALDWELL,NJ,"=""07006""",Mr.,Anthony,Emering,Anti-Bullying Specialist,Mr.,Anthony,Emering,School Homeless Liaison,"=""973-228-1200""",,,,,,,,,,,1,1,1,1,,,"=""02462""",,,
"=""13""",ESSEX,"=""5630""",West Essex Regional School District,"=""070""",West Essex Middle School,Mrs.,Alicia,Angione,School Administrator,aangione@westex.org,65 WEST GREENBROOK RD," ",NORTH CALDWELL,NJ,"=""07006""",65 WEST GREENBROOK RD," ",NORTH CALDWELL,NJ,"=""07006""",Mrs.,Alex,Ayres,Anti-Bullying Specialist,,,,,"=""973-228-1200""",,,,,,,,,1,1,,,,,,,"=""02464""",,,
"=""13""",ESSEX,"=""5680""",West Orange Public Schools,"=""070""",Edison Middle School,Mr.,Steven,Melendez,School Principal,smelendez@westorangeschools.org,75 WILLIAM ST," ",W ORANGE,NJ,"=""07052-5725""",75 WILLIAM ST," ",W ORANGE,NJ,"=""07052-5725""",Ms.,Stephanie,Bryson,Anti-Bullying Specialist,,,,,"=""973-669-5360""",,,,,,,,1,1,1,,,,,,,"=""02472""",,,
"=""13""",ESSEX,"=""5680""",West Orange Public Schools,"=""120""",Gregory Elementary School,Ms.,Makeida,Ramchandani-Hewitt,School Principal,mramchandani@westorangeschools.org,301 GREGORY AVE," ",W ORANGE,NJ,"=""07052-4439""",301 GREGORY AVE," ",W ORANGE,NJ,"=""07052-4439""",Mrs.,Monica,Meja,Anti-Bullying Specialist,,,,,"=""973-669-5397""",,1,1,1,1,1,1,,,,,,,,,,"=""02482""",,,
"=""13""",ESSEX,"=""5680""",West Orange Public Schools,"=""130""",Hazel Avenue Elementary School,Mr.,Joel,Castillo,School Principal,jcastillo@westorangeschools.org,45 HAZEL AVE," ",W ORANGE,NJ,"=""07052-4524""",45 HAZEL AVE," ",W ORANGE,NJ,"=""07052-4524""",Ms.,Florence,Chirichiello,Anti-Bullying Specialist,,,,,"=""973-669-5448""",,1,1,1,1,1,1,,,,,,,,,,"=""02484""",,,
"=""13""",ESSEX,"=""5680""",West Orange Public Schools,"=""150""",Kelly Elementary School,Mr.,David,Marion,School Principal,dmarion@westorangeschools.org,555 PLEASANT VALLEY WAY," ",W ORANGE,NJ,"=""07052-2803""",555 PLEASANT VALLEY WAY," ",W ORANGE,NJ,"=""07052-2803""",Ms.,Haneen,Elbanna,Anti-Bullying Specialist,,,,,"=""973-669-5452""",,1,1,1,1,1,1,,,,,,,,,,"=""02488""",,,
"=""13""",ESSEX,"=""5680""",West Orange Public Schools,"=""135""",Liberty Middle School,Mr.,Xavier,Fitzgerald,School Principal,xfitzgerald@westorangeschools.org,1  KELLY  DRIVE," ",WEST ORANGE,NJ,"=""07052""",1  KELLY  DRIVE," ",WEST ORANGE,NJ,"=""07052""",Mr.,Jeff,Lafoon,Anti-Bullying Specialist,,,,,"=""973-243-8650""",,,,,,,,1,1,1,,,,,,,"=""06112""",,,
"=""13""",ESSEX,"=""5680""",West Orange Public Schools,"=""140""",Mount Pleasant Elementary School,Mr.,Marc,Lawrence,School Principal,mjlawrence@westorangeschools.org,9 MANGER ROAD," ",WEST ORANGE,NJ,"=""07052""",9 MANGER ROAD," ",WEST ORANGE,NJ,"=""07052""",Ms.,Lisa,Struncis,Anti-Bullying Specialist,,,,,"=""973-669-5480""",1,1,1,1,1,1,1,,,,,,,,,,"=""00182""",,,
"=""13""",ESSEX,"=""5680""",West Orange Public Schools,"=""160""",Redwood Elementary School,Ms.,Kimya,Jackson,School Principal,kjackson@westorangeschools.org,75 REDWOOD AVE," ",W ORANGE,NJ,"=""07052-3623""",75 REDWOOD AVE," ",W ORANGE,NJ,"=""07052-3623""",Ms.,Rebecca,Beutel,Anti-Bullying Specialist,,,,,"=""973-669-5457""",,1,1,1,1,1,1,,,,,,,,,,"=""02490""",,,
"=""13""",ESSEX,"=""5680""",West Orange Public Schools,"=""090""",Roosevelt Middle School,Mr.,Lionel,Hush,School Principal,lhush@westorangeschools.org,36 GILBERT PL," ",W ORANGE,NJ,"=""07052-3948""",36 GILBERT PL," ",W ORANGE,NJ,"=""07052-3948""",Ms.,Lauren,Volpe,Anti-Bullying Specialist,,,,,"=""973-669-5373""",,,,,,,,1,1,1,,,,,,,"=""02476""",,,
"=""13""",ESSEX,"=""5680""",West Orange Public Schools,"=""170""",St. Cloud Elementary School,Mr.,Eric,Price,School Principal,eprice@westorangeschools.org,71 SHERIDAN AVE," ",W ORANGE,NJ,"=""07052-2635""",71 SHERIDAN AVE," ",W ORANGE,NJ,"=""07052-2635""",Ms.,Sarah,McIntosh,Anti-Bullying Specialist,,,,,"=""973-669-5393""",,1,1,1,1,1,1,,,,,,,,,,"=""02492""",,,
"=""13""",ESSEX,"=""5680""",West Orange Public Schools,"=""180""",Washington Elementary School,Ms.,Marie,DeMaio,School Principal,mdemaio@westorangeschools.org,289 MAIN ST," ",W ORANGE,NJ,"=""07052-5615""",289 MAIN ST," ",W ORANGE,NJ,"=""07052-5615""",Ms.,Rene,Wells,Anti-Bullying Specialist,,,,,"=""973-669-5385""",1,1,1,1,1,1,1,,,,,,,,,,"=""02494""",,,
"=""13""",ESSEX,"=""5680""",West Orange Public Schools,"=""301""",West Orange Early Childhood Learning Center,Ms.,Kalisha,Dorlean,School Lead,kdorlean@westorangeschools.org,242 Main Street," ",West Orange,NJ,"=""07052""",242 Main Street," ",West Orange,NJ,"=""07052""",Ms.,Kalisha,Dorlean,Anti-Bullying Specialist,,,,,"=""973-567-3435""",1,,,,,,,,,,,,,,,,"=""06139""",,,
"=""13""",ESSEX,"=""5680""",West Orange Public Schools,"=""050""",West Orange High School,Mr.,Oscar,Guerrero,School Principal,oguerrero@westorangeschools.org,51 CONFORTI AVE," ",WEST ORANGE,NJ,"=""07052-2829""",51 CONFORTI AVE," ",WEST ORANGE,NJ,"=""07052-2829""",Dr.,Lesley,Chung,Anti-Bullying Specialist,Ms.,Angela,Rosado,School Homeless Liaison,"=""973-669-5301""",,,,,,,,,,,1,1,1,1,,,"=""02468""",,,
"=""15""",GLOUCESTER,"=""0860""",Clayton Public School District,"=""030""",Clayton High School,Mr.,Matthew,Slater,School Principal,mslater@claytonps.org,55 POP KRAMER BLVD,"SUITE A ",CLAYTON,NJ,"=""08312-1700""",55 POP KRAMER BLVD,"SUITE A ",CLAYTON,NJ,"=""08312-1700""",Mrs.,Lisa,Atanasio-Sloat,Anti-Bullying Specialist,,,,,"=""856-881-8701""",,,,,,,,,,,1,1,1,1,,,"=""02498""",,,
"=""15""",GLOUCESTER,"=""0860""",Clayton Public School District,"=""045""",Clayton Middle School,Mr.,Marvin,Tucker,School Principal,mtucker@claytonps.org,55 POP KRAMER BLVD,"SUITE B ",CLAYTON,NJ,"=""08312-1700""",55 POP KRAMER BLVD,"SUITE B ",CLAYTON,NJ,"=""08312-1700""",Mr.,Tyler,Fruits,Anti-Bullying Specialist,,,,,"=""856-881-8701""",,,,,,,,1,1,1,,,,,,,"=""02502""",,,
"=""15""",GLOUCESTER,"=""0860""",Clayton Public School District,"=""040""",Herma S. Simmons Elementary School,Mrs.,Alicia,Fragoso,School Principal,afragoso@claytonps.org,300 WEST CHESTNUT STREET," ",CLAYTON,NJ,"=""08312-1700""",300 WEST CHESTNUT STREET," ",CLAYTON,NJ,"=""08312-1700""",Mrs.,Mary-Ellen,Walker,Anti-Bullying Specialist,,,,,"=""856-881-8704""",1,1,1,1,1,1,1,,,,,,,,,,"=""02500""",,,
"=""15""",GLOUCESTER,"=""0870""",Clearview Regional High School District,"=""020""",Clearview Regional High School,Mr.,Thomas,Jones,School Principal,tjones@clearviewregional.edu,625 BREAKNECK RD," ",MULLICA HILL,NJ,"=""08062-9436""",625 BREAKNECK RD," ",MULLICA HILL,NJ,"=""08062-9436""",Dr.,Steve,Moraca,Anti-Bullying Specialist,,,,,"=""856-223-2790""",,,,,,,,,,,1,1,1,1,,,"=""02506""",,,
"=""15""",GLOUCESTER,"=""0870""",Clearview Regional High School District,"=""030""",Clearview Regional Middle School,Ms.,Kathryn,Bourquin,School Principal,kbourquin@clearviewregional.edu,595 JEFFERSON RD," ",MULLICA HILL,NJ,"=""08062-9436""",595 JEFFERSON RD," ",MULLICA HILL,NJ,"=""08062-9436""",Ms.,Ciera,Spady,Anti-Bullying Specialist,,,,,"=""856-223-2740""",,,,,,,,,1,1,,,,,,,"=""02508""",,,
"=""15""",GLOUCESTER,"=""4940""",Delsea Regional High School District,"=""050""",Delsea Regional High School,Mrs.,Michele,DePasquale,School Principal,mdepasquale@delsearegional.us,242 FRIES MILL RD," ",FRANKLINVILLE,NJ,"=""08322-9139""",P.O. Box 405,"Fries Mill Road ",FRANKLINVILLE,NJ,"=""08322-9139""",Mr.,Daniel,Fougeray,Anti-Bullying Specialist,Mrs.,Ashley,Dolan,School Homeless Liaison,"=""856-694-0100""",,,,,,,,,,,1,1,1,1,,,"=""02630""",,,
"=""15""",GLOUCESTER,"=""4940""",Delsea Regional High School District,"=""060""",Delsea Regional Middle School,Mr.,John,Bertolino,School Principal,jbertolino@delsearegional.us,250 FRIES MILL RD," ",FRANKLINVILLE,NJ,"=""08322""",P.O. BOX 405,"FRIES MILL ROAD ",FRANKLINVILLE,NJ,"=""08322""",Mr.,Zach,Van Der Wall,Anti-Bullying Specialist,Mrs.,Ashley,Dolan,School Homeless Liaison,"=""856-694-0100""",,,,,,,,,1,1,,,,,,,"=""06060""",,,
"=""15""",GLOUCESTER,"=""1100""",Deptford Township Public School District,"=""030""",Central Early Childhood Center,Ms.,Shelli,Jones,School Principal,jones.s@deptford.k12.nj.us,1040 Monmouth Road," ",DEPTFORD,NJ,"=""08096""",1040 Monmouth Road," ",DEPTFORD,NJ,"=""08096""",Ms.,Marissa,Courtney,Anti-Bullying Specialist,,,,,"=""856-384-8750""",1,,,,,,,,,,,,,,,,"=""00708""",,,
"=""15""",GLOUCESTER,"=""1100""",Deptford Township Public School District,"=""040""",Deptford Township High School,Mr.,Johnathan,Maxson,School Principal,maxson.j@deptford.k12.nj.us,575 S FOX RUN RD," ",DEPTFORD,NJ,"=""08096-4203""",575 S FOX RUN RD," ",DEPTFORD,NJ,"=""08096-4203""",Ms.,Christine,Greene,Anti-Bullying Specialist,,,,,"=""856-232-2713""",,,,,,,,,,,1,1,1,1,,,"=""02512""",,,
"=""15""",GLOUCESTER,"=""1100""",Deptford Township Public School District,"=""045""",Deptford Township Middle School,Mr.,John,Schilling,School Principal,schilling.j@deptford.k12.nj.us,890 BANKBRIDGE RD," ",SEWELL,NJ,"=""08080""",890 BANKBRIDGE RD," ",SEWELL,NJ,"=""08080""",Mr.,Matthew,Huminski,Anti-Bullying Specialist,,,,,"=""856-415-9540""",,,,,,,,1,1,1,,,,,,,"=""02514""",,,
"=""15""",GLOUCESTER,"=""1100""",Deptford Township Public School District,"=""090""",Good Intent Elementary School,Mr.,Jason,Strouse,School Principal,strouse.j@deptford.k12.nj.us,1555 GOOD INTENT RD," ",DEPTFORD,NJ,"=""08096-6101""",1555 GOOD INTENT RD," ",DEPTFORD,NJ,"=""08096-6101""",Ms.,Melissa,Blose,Anti-Bullying Specialist,,,,,"=""856-232-2737""",,,1,1,1,1,1,,,,,,,,,,"=""02518""",,,
"=""15""",GLOUCESTER,"=""1100""",Deptford Township Public School District,"=""105""",Lake Tract Elementary School,Mrs.,Danielle,Lehman,School Principal,lehman.d@deptford.k12.nj.us,690 ISZARD RD," ",DEPTFORD,NJ,"=""08096""",690 ISZARD RD," ",DEPTFORD,NJ,"=""08096""",Ms.,Jessica,Gablin,Anti-Bullying Specialist,,,,,"=""856-686-2240""",,,1,1,1,1,1,,,,,,,,,,"=""02520""",,,
"=""15""",GLOUCESTER,"=""1100""",Deptford Township Public School District,"=""120""",Oak Valley Elementary School,Mr.,Robert,Rambo,School Principal,rambo.r@deptford.k12.nj.us,525 COLLEGE BLVD," ",WENONAH,NJ,"=""08090""",525 COLLEGE BLVD," ",WENONAH,NJ,"=""08090""",Ms.,Lauren,DeVault,Anti-Bullying Specialist,,,,,"=""856-415-9218""",,,1,1,1,1,1,,,,,,,,,,"=""02524""",,,
"=""15""",GLOUCESTER,"=""1100""",Deptford Township Public School District,"=""130""",Pine Acres Early Childhood Center,Ms.,Reminka,Williams,School Principal,williams.r@deptford.k12.nj.us,720 PURDUE AVE," ",WENONAH,NJ,"=""08090""",720 PURDUE AVE," ",WENONAH,NJ,"=""08090""",Ms.,Jigna,Patel,Anti-Bullying Specialist,,,,,"=""856-464-1260""",,1,,,,,,,,,,,,,,,"=""02526""",,,
"=""15""",GLOUCESTER,"=""1100""",Deptford Township Public School District,"=""140""",Shady Lane Elementary School,Mr.,John,Merulla,School Principal,merulla.j@deptford.k12.nj.us,130 PEACH STREET," ",WESTVILLE,NJ,"=""08093-9718""",130 PEACH STREET," ",WESTVILLE,NJ,"=""08093-9718""",Ms.,Kami,Kruc,Anti-Bullying Specialist,,,,,"=""856-384-6046""",,,1,1,1,1,1,,,,,,,,,,"=""02528""",,,
"=""15""",GLOUCESTER,"=""1180""",East Greenwich Township School District,"=""020""",Jeffrey Clark School,Mrs.,Jessica,Loggia,School Principal,loggiaj@eastgreenwich.k12.nj.us,7 QUAKER RD," ",MICKLETON,NJ,"=""08056""",7 QUAKER RD," ",MICKLETON,NJ,"=""08056""",Ms.,Angelina,Lee,Anti-Bullying Specialist,,,,,"=""856-423-0613""",1,1,1,1,,,,,,,,,,,,,"=""00063""",,,
"=""15""",GLOUCESTER,"=""1180""",East Greenwich Township School District,"=""045""",Samuel Mickle School,Mrs.,Bethanne,Barousse,School Principal,barousseb@eastgreenwich.k12.nj.us,559 KINGS HIGHWAY," ",MICKLETON,NJ,"=""08056""",559 KINGS HIGHWAY," ",MICKLETON,NJ,"=""08056""",Mrs.,Kristen,Lombardo,Anti-Bullying Specialist,,,,,"=""856-423-0412""",,,,,1,1,1,1,,,,,,,,,"=""00007""",,,
"=""15""",GLOUCESTER,"=""1330""",Elk Township School District,"=""010""",Aura Elementary School,Dr.,Briean,Madden,School Principal,maddenb@auraelementary.us,900 Clems Run," ",GLASSBORO,NJ,"=""08028-0338""",900 Clems Run," ",GLASSBORO,NJ,"=""08028-0338""",Mrs.,Denise,Pierce,Anti-Bullying Specialist,,,,,"=""856-881-4551""",1,1,1,1,1,1,1,1,,,,,,,,,"=""02538""",,,
"=""15""",GLOUCESTER,"=""1715""",Gateway Regional High School District,"=""050""",Gateway Regional High School,Dr.,Jeffrey,Pierro,School Principal,jpierro@gatewayhs.com,775 TANYARD RD," ",WOODBURY HTS,NJ,"=""08096-6218""",775 TANYARD RD," ",WOODBURY HTS,NJ,"=""08096-6218""",Mrs.,Aimee,Little,Anti-Bullying Specialist,,,,,"=""856-848-8200""",,,,,,,,,1,1,1,1,1,1,,,"=""02554""",,,
"=""15""",GLOUCESTER,"=""1730""",Glassboro Public School District,"=""065""",Dorothy L. Bullock School,Mr.,Kelly Ann,Marchese,School Principal,kmarchese@gpsd.us,370 New St E," ",Glassboro,NJ,"=""08028""",370 New St E," ",Glassboro,NJ,"=""08028""",Mrs.,Katie,Evans,Anti-Bullying Specialist,,,,,"=""856-652-2700""",,,1,1,1,1,1,,,,,,,,,,"=""00064""",https://www.facebook.com/DLBullockGlassboroNJ,,
"=""15""",GLOUCESTER,"=""1730""",Glassboro Public School District,"=""050""",Glassboro High School,Dr.,Monique,Stowman-Burke,School Principal,mstowman-burke@gpsd.us,550 Joseph L Bowe Blvd," ",Glassboro,NJ,"=""08028""",550 Joseph L Bowe Blvd," ",Glassboro,NJ,"=""08028""",Mrs.,Alana,Harrison,Anti-Bullying Specialist,,,,,"=""856-652-2700""",,,,,,,,1,1,1,1,1,1,1,,,"=""02558""",https://www.facebook.com/GlassboroHS,,
"=""15""",GLOUCESTER,"=""1730""",Glassboro Public School District,"=""080""",J. Harvey Rodgers School,Mrs.,Karen,Carino,School Principal,kcarino@gpsd.us,301 Georgetown Rd," ",Glassboro,NJ,"=""08028""",301 Georgetown Rd," ",Glassboro,NJ,"=""08028""",Ms.,Amanda,Brice,Anti-Bullying Specialist,,,,,"=""856-652-2700""",1,1,,,,,,,,,,,,,,,"=""02566""",https://www.facebook.com/JHRodgersglassboronj,,
"=""15""",GLOUCESTER,"=""1730""",Glassboro Public School District,"=""090""",Thomas E. Bowe Middle School,Mrs.,Lauren,Kerr,School Principal,lkerr@gpsd.us,Carpenter Street and Mancuso Lane,"7 Ruth Mancuso Lane ",Glassboro,NJ,"=""08028""",Carpenter Street and Mancuso Lane,"7 Ruth Mancuso Lane ",Glassboro,NJ,"=""08028""",Ms.,Brittnee,Garcia,Anti-Bullying Specialist,,,,,"=""856-652-2700""",,,,,,,,1,1,1,,,,,,,"=""02568""",https://www.facebook.com/BoweSchool,,
"=""15""",GLOUCESTER,"=""1774""",Gloucester County Special Services School District,"=""015""",Bankbridge Regional School,Mrs.,Joy,Ford,School Principal,jrford@gcecnj.org,870 Bankbridge Road," ",Sewell,NJ,"=""08080""",870 Bankbridge Road," ",Sewell,NJ,"=""08080""",Ms.,Sherri,Pierro,Anti-Bullying Specialist,,,,,"=""856-415-7755""",1,1,1,1,1,1,1,1,1,1,1,1,1,1,,,"=""00413""",,,
"=""15""",GLOUCESTER,"=""1775""",Gloucester County Vocational-Technical School District,"=""005""",Adult Regional High School,Dr.,Gina,Mateka,School Principal,gcoccodrillimateka@gcecnj.org,1360 Tanyard Road," ",Sewell,NJ,"=""08080""",1360 Tanyard Road," ",Sewell,NJ,"=""08080""",Mr.,Steven,Fitzgerald,Anti-Bullying Specialist,,,,,"=""856-468-1445""",,,,,,,,,,,,,,,,1,"=""""",,,
"=""15""",GLOUCESTER,"=""1775""",Gloucester County Vocational-Technical School District,"=""010""",Gloucester County Institute of Technology,Dr.,Gina,Mateka,School Principal,gcoccodrillimateka@gcecnj.org,1360 Tanyard Road," ",Sewell,NJ,"=""08080-9510""",1360 Tanyard Road," ",Sewell,NJ,"=""08080-9510""",Mr.,Steven,Fitzgerald,Anti-Bullying Specialist,,,,,"=""856-468-1445""",,,,,,,,,,,1,1,1,1,,,"=""02570""",,,
"=""15""",GLOUCESTER,"=""1830""",Greenwich Township School District,"=""050""",Broad Street Elementary School,Mrs.,Alisa,Whitcraft,School Principal,awhitcraft@gtsdk8.us,255 WEST BROAD ST," ",GIBBSTOWN,NJ,"=""08027""",255 WEST BROAD ST," ",GIBBSTOWN,NJ,"=""08027""",Mrs.,Stacy,Podolski,Anti-Bullying Specialist,,,,,"=""856-224-4900""",1,1,1,1,1,1,1,,,,,,,,,,"=""02574""",,,
"=""15""",GLOUCESTER,"=""1830""",Greenwich Township School District,"=""060""",Nehaunsey Middle School,Mr.,Ryan,Hudson,Chief School Administrator,rhudson@gtsdk8.us,415 SWEDESBORO ROAD," ",GIBBSTOWN,NJ,"=""08027""",415 SWEDESBORO ROAD," ",GIBBSTOWN,NJ,"=""08027""",Mr.,Daniel,Giorgianni,Anti-Bullying Specialist,,,,,"=""856-224-4900""",,,,,,,,1,1,1,,,,,,,"=""06091""",,,
"=""15""",GLOUCESTER,"=""2070""",Harrison Township School District,"=""050""",Harrison Township Elementary School,Ms.,AnnaLisa,Rodano,School Principal,rodanoa@harrisontwp.k12.nj.us,120 N MAIN STREET," ",MULLICA HILL,NJ,"=""08062-9494""",120 N MAIN STREET," ",MULLICA HILL,NJ,"=""08062-9494""",Mrs.,Jean Marie,Sutton,Anti-Bullying Specialist,,,,,"=""856-478-2016""",1,1,1,1,1,,,,,,,,,,,,"=""02578""",,,
"=""15""",GLOUCESTER,"=""2070""",Harrison Township School District,"=""080""",Pleasant Valley School,Mrs.,Karen,Russo,School Principal,russok@harrisontwp.k12.nj.us,401 CEDAR RD," ",MULLICA HILL,NJ,"=""08062-9494""",401 CEDAR RD," ",MULLICA HILL,NJ,"=""08062-9494""",Mrs.,Heather,Schank,Anti-Bullying Specialist,,,,,"=""856-223-5120""",,,,,,1,1,1,,,,,,,,,"=""00441""",,,
"=""15""",GLOUCESTER,"=""2440""",Kingsway Regional School District,"=""050""",Kingsway Regional High School,Mrs.,Stefanie,Fox-Manno,School Principal,mannos@krsd.us,201 KINGS HIGHWAY," ",WOOLWICH TWP,NJ,"=""08085-9608""",201 KINGS HIGHWAY," ",WOOLWICH TWP,NJ,"=""08085-9608""",Mrs.,Patricia,Calandro,Anti-Bullying Specialist,,,,,"=""856-467-3300""",,,,,,,,,,,1,1,1,1,,,"=""02580""",https://www.facebook.com/KingswayDragons,,https://x.com/Dragons_AD
"=""15""",GLOUCESTER,"=""2440""",Kingsway Regional School District,"=""060""",Kingsway Regional Middle School,Mr.,Brian,Tonelli,School Principal,tonellib@krsd.us,203 KINGS HIGHWAY," ",WOOLWICH TWP,NJ,"=""08085""",203 KINGS HIGHWAY," ",WOOLWICH TWP,NJ,"=""08085""",Mrs.,Patricia,Calandro,Anti-Bullying Specialist,,,,,"=""856-467-3300""",,,,,,,,,1,1,,,,,,,"=""00093""",https://www.facebook.com/KingswayDragons,,https://x.com/Dragons_AD
"=""15""",GLOUCESTER,"=""2750""",Logan Township School District,"=""300""",Logan Middle School,Mrs.,Kara,Damminger,School Principal,kdamminger@logantownshipschools.org,110 School Lane," ",Logan Township,NJ,"=""08085""",110 School Lane," ",Logan Township,NJ,"=""08085""",Mrs.,Emma,Procida,Anti-Bullying Specialist,,,,,"=""856-467-5133""",,,,,,,,1,1,1,,,,,,,"=""""",,https://www.instagram.com/logantownshipsd,
"=""15""",GLOUCESTER,"=""2750""",Logan Township School District,"=""040""",Logan Township Elementary School,Mrs.,Carrie,Selb,School Principal,cselb@LOGANTOWNSHIPSCHOOLS.ORG,110 School Lane," ",Logan Township,NJ,"=""08085""",110 School Lane," ",Logan Township,NJ,"=""08085""",Mrs.,Emma,Procida,Anti-Bullying Specialist,,,,,"=""856-467-5133""",,,1,1,1,1,1,,,,,,,,,,"=""02582""",,https://www.instagram.com/logantownshipsd,
"=""15""",GLOUCESTER,"=""2750""",Logan Township School District,"=""025""",The Francis E Donnelly Early Childhood Learning Center,Mrs.,Nikima,Stewart,School Principal,nstewart@LOGANTOWNSHIPSCHOOLS.ORG,100 Peachwood Drive," ",Logan Township,NJ,"=""08085""",100 Peachwood Drive," ",Logan Township,NJ,"=""08085""",Mrs.,Emma,Procida,Anti-Bullying Specialist,,,,,"=""856-294-0145""",1,1,,,,,,,,,,,,,,,"=""00443""",,https://www.instagram.com/logantownshipsd,
"=""15""",GLOUCESTER,"=""2990""",Mantua Township School District,"=""030""",Centre City Elementary School,Mrs.,Jennifer,Cavalieri,School Principal,jcavalieri@mantuaschools.com,301 COLUMBUS DR," ",MANTUA,NJ,"=""08051""",301 COLUMBUS DR," ",MANTUA,NJ,"=""08051""",Mrs.,Lisa,Bellochio,Anti-Bullying Specialist,,,,,"=""856-468-2100""",,,1,1,1,,,,,,,,,,,,"=""02586""",,,
"=""15""",GLOUCESTER,"=""2990""",Mantua Township School District,"=""040""",J. Mason Tomlin Elementary School,Mrs.,DubChristine,Connelly,School Principal,cconnelly@mantuaschools.com,393 MAIN ST," ",MANTUA,NJ,"=""08051""",393 MAIN ST," ",MANTUA,NJ,"=""08051""",Ms.,Alicia,Campbell,Anti-Bullying Specialist,,,,,"=""856-468-0818""",1,,,,,1,1,1,,,,,,,,,"=""02588""",,,
"=""15""",GLOUCESTER,"=""2990""",Mantua Township School District,"=""050""",Sewell Elementary School,Mrs.,Katelyn,Donocoff,School Principal,kdonocoff@mantuaschools.com,40 MCANALLY DR," ",SEWELL,NJ,"=""08080""",40 MCANALLY DR," ",SEWELL,NJ,"=""08080""",Ms.,Andrea,Santos,Anti-Bullying Specialist,,,,,"=""856-468-0626""",1,1,,,,,,,,,,,,,,,"=""02590""",,,
"=""15""",GLOUCESTER,"=""3280""",Monroe Township Public School District,"=""075""",Holly Glen Elementary School,Mr.,David,Babich,School Principal,Dbabich@monroetwp.k12.nj.us,900 NORTH MAIN STREET," ",WILLIAMSTOWN,NJ,"=""08094-9102""",900 NORTH MAIN STREET," ",WILLIAMSTOWN,NJ,"=""08094-9102""",Ms.,Demi,Henderson,Anti-Bullying Specialist,,,,,"=""856-728-8706""",1,1,1,1,1,1,,,,,,,,,,,"=""02596""",,,
"=""15""",GLOUCESTER,"=""3280""",Monroe Township Public School District,"=""090""",Oak Knoll Elementary School,Mrs.,Donna,Sanfilippo,School Principal,Dsanfilippo@monroetwp.k12.nj.us,23 BODINE AVENUE," ",WILLIAMSTOWN,NJ,"=""08094""",23 BODINE AVENUE," ",WILLIAMSTOWN,NJ,"=""08094""",Mrs.,Cheryl,Laneader,Anti-Bullying Specialist,,,,,"=""856-728-3944""",1,1,1,1,1,1,,,,,,,,,,,"=""00397""",,,
"=""15""",GLOUCESTER,"=""3280""",Monroe Township Public School District,"=""095""",Radix Elementary,Dr.,Laura,Gore,School Principal,Lgore@monroetwp.k12.nj.us,363 RADIX RD," ",WILLIAMSTOWN,NJ,"=""08094-8602""",363 RADIX RD," ",WILLIAMSTOWN,NJ,"=""08094-8602""",Mrs.,Amy,Innella,Anti-Bullying Specialist,,,,,"=""856-728-8650""",1,1,1,1,1,1,,,,,,,,,,,"=""05938""",,,
"=""15""",GLOUCESTER,"=""3280""",Monroe Township Public School District,"=""100""",Whitehall Elementary School,Ms.,Kristy,Baker,School Principal,Kbaker@monroetwp.k12.nj.us,161 WHITEHALL RD," ",WILLIAMSTOWN,NJ,"=""08094-9201""",161 WHITEHALL RD," ",WILLIAMSTOWN,NJ,"=""08094-9201""",Mr.,Carlo,Gonzalez,Anti-Bullying Specialist,,,,,"=""856-728-8782""",1,1,1,1,1,1,,,,,,,,,,,"=""02600""",,,
"=""15""",GLOUCESTER,"=""3280""",Monroe Township Public School District,"=""050""",Williamstown High School,Mrs.,Christine,Stanton,School Principal,Cstanton@monroetwp.k12.nj.us,700 N TUCKAHOE RD," ",WILLIAMSTOWN,NJ,"=""08094-8827""",700 N TUCKAHOE RD," ",WILLIAMSTOWN,NJ,"=""08094-8827""",Ms.,Jennifer,Panas,Anti-Bullying Specialist,,,,,"=""856-262-8200""",,,,,,,,,,,1,1,1,1,,,"=""02594""",,,
"=""15""",GLOUCESTER,"=""3280""",Monroe Township Public School District,"=""110""",Williamstown Middle School,Mr.,Karim,Fisher,School Principal,Kfisher@monroetwp.k12.nj.us,561 CLAYTON RD," ",WILLIAMSTOWN,NJ,"=""08094""",561 CLAYTON RD," ",WILLIAMSTOWN,NJ,"=""08094""",Ms.,Janelle,Canavos,Anti-Bullying Specialist,,,,,"=""856-629-7444""",,,,,,,1,1,1,1,,,,,,,"=""00183""",,,
"=""15""",GLOUCESTER,"=""3490""",National Park Borough School District,"=""050""",National Park School,Mrs.,Allison,Thompson,School Principal,athompson@npelem.com,516 LAKEHURST AVE," ",NATIONAL PARK,NJ,"=""08063-1534""",516 LAKEHURST AVE," ",NATIONAL PARK,NJ,"=""08063-1534""",Mr.,Daniel,Bryz-Gornia,Anti-Bullying Specialist,,,,,"=""856-845-6876""",1,1,1,1,1,1,1,1,,,,,,,,,"=""02602""",,,
"=""15""",GLOUCESTER,"=""4020""",Paulsboro School District,"=""060""",Billingsport Elementary School,Mr.,Anthony,Petrutz,School Principal,tmorris@paulsboro.k12.nj.us,441 NASSAU AVE," ",PAULSBORO,NJ,"=""08066""",441 NASSAU AVE," ",PAULSBORO,NJ,"=""08066""",Ms.,Danielle,Hertkorn,Anti-Bullying Specialist,,,,,"=""856-423-2226""",1,1,1,1,,,,,,,,,,,,,"=""02610""",https://www.facebook.com/paulsboropublic,,
"=""15""",GLOUCESTER,"=""4020""",Paulsboro School District,"=""070""",Loudenslager Elementary School,Mrs.,Monica,Moore-Cook,School Principal,mmooreco@paulsboro.k12.nj.us,100 BAIRD AVE," ",PAULSBORO,NJ,"=""08066-1536""",100 BAIRD AVE," ",PAULSBORO,NJ,"=""08066-1536""",Ms.,Charisse,Generette,Anti-Bullying Specialist,,,,,"=""856-423-2228""",,,,,1,1,1,1,,,,,,,,,"=""02612""",,,
"=""15""",GLOUCESTER,"=""4020""",Paulsboro School District,"=""050""",Paulsboro High School,Mr.,Matthew,Browne,School Principal,mbrowne@paulsboro.k12.nj.us,670 N DELAWARE ST," ",PAULSBORO,NJ,"=""08066""",670 N DELAWARE ST," ",PAULSBORO,NJ,"=""08066""",Mrs.,Melba,Moore-Suggs,Anti-Bullying Specialist,,,,,"=""856-423-2222""",,,,,,,,,,,1,1,1,1,,,"=""02608""",https://www.facebook.com/paulsboropublic,,
"=""15""",GLOUCESTER,"=""4020""",Paulsboro School District,"=""300""",Paulsboro Junior High School,Mr.,Matthew,Browne,School Principal,mbrowne@paulsboro.k12.nj.us,670 N Delaware Street," ",Paulsboro,NJ,"=""08066""",670 N Delaware Street," ",Paulsboro,NJ,"=""08066""",Ms.,Melba,Moore-Suggs,Anti-Bullying Specialist,,,,,"=""856-423-2222""",,,,,,,,,1,1,,,,,,,"=""""",https://www.facebook.com/paulsboropublic,,
"=""15""",GLOUCESTER,"=""4140""",Pitman Boro School District,"=""065""",Memorial Elementary School,Mrs.,Kiersten,Sager-Miller,School Principal,ksagermiller@pitman.k12.nj.us,400 Hudson Avenue," ",Pitman,NJ,"=""08071-1014""",400 Hudson Avenue," ",Pitman,NJ,"=""08071-1014""",Ms.,Cindy,Thompson,Anti-Bullying Specialist,,,,,"=""856-589-2526""",1,1,1,,,,,,,,,,,,,,"=""02620""",,,
"=""15""",GLOUCESTER,"=""4140""",Pitman Boro School District,"=""300""",Pitman Elementary School,Mrs.,Karolyn,Mason,School Principal,kmason@pitman.k12.nj.us,138 East Holly Avenue," ",Pitman,NJ,"=""08071-1014""",138 East Holly Avenue," ",Pitman,NJ,"=""08071-1014""",Ms.,Christina,Skanes,Anti-Bullying Specialist,,,,,"=""856-589-0636""",,,,1,1,1,1,1,,,,,,,,,"=""06155""",,,
"=""15""",GLOUCESTER,"=""4140""",Pitman Boro School District,"=""050""",Pitman Jr./Sr. High School,Ms.,Kristen,Stewart,School Principal,kstewart@pitman.k12.nj.us,225 Linden Avenue," ",Pitman,NJ,"=""08071-1014""",225 Linden Avenue," ",Pitman,NJ,"=""08071-1014""",Mr.,Jeffrey,McAfee,Anti-Bullying Specialist,,,,,"=""856-589-2121""",,,,,,,,,1,1,1,1,1,1,,,"=""02616""",,,
"=""15""",GLOUCESTER,"=""4880""",South Harrison Township School District,"=""050""",South Harrison Twp School,Dr.,Elizabeth,Winterburn,School Principal,winterburne@shsd.us,904 MULLICA HILL RD,"P O  BOX 112 ",HARRISONVILLE,NJ,"=""08039-0112""",904 MULLICA HILL RD,"P O  BOX 112 ",HARRISONVILLE,NJ,"=""08039-0112""",Dr.,Elizabeth,Winterburn,Anti-Bullying Specialist,,,,,"=""856-769-0855""",1,1,1,1,1,1,1,1,,,,,,,,,"=""02628""",,,
"=""15""",GLOUCESTER,"=""5120""",Swedesboro-Woolwich School District,"=""080""",General Charles G. Harker School,Mrs.,Kim,Cheesman,School Principal,kcheesman@swsdk6.com,1771 Oldmans Creek Road," ",Woolwich Township,NJ,"=""08085""",1771 Oldmans Creek Road," ",Woolwich Township,NJ,"=""08085""",Mrs.,Brielle,Scott,Anti-Bullying Specialist,,,,,"=""856-241-1552""",,,,,1,1,1,,,,,,,,,,"=""02995""",,,
"=""15""",GLOUCESTER,"=""5120""",Swedesboro-Woolwich School District,"=""050""",Governor Charles C. Stratton,Mrs.,Jennifer,Boston,School Principal,jboston@swsdk6.com,15 Fredrick Boulevard," ",Woolwich Township,NJ,"=""08085""",15 Fredrick Boulevard," ",Woolwich Township,NJ,"=""08085""",Ms.,Tiffany,Sciorillo,Anti-Bullying Specialist,,,,,"=""856-241-1552""",,,1,1,,,,,,,,,,,,,"=""00709""",,,
"=""15""",GLOUCESTER,"=""5120""",Swedesboro-Woolwich School District,"=""070""",Margaret C. Clifford School,Mrs.,Jamie,Flick,Vacant,jflick@swsdk6.com,601 Auburn Avenue," ",Swedesboro,NJ,"=""08085""",601 Auburn Avenue," ",Swedesboro,NJ,"=""08085""",Mrs.,Linsley,Robinson,Anti-Bullying Specialist,,,,,"=""856-241-1552""",1,1,,,,,,,,,,,,,,,"=""00184""",,,
"=""15""",GLOUCESTER,"=""5120""",Swedesboro-Woolwich School District,"=""060""",Walter Hill School,Mr.,Matthew,Kelly,School Principal,mkelly@swsdk6.com,1815 Kings Highway," ",Swedesboro,NJ,"=""08085""",1815 Kings Highway," ",Swedesboro,NJ,"=""08085""",Mrs.,Alaine,Zizzamia,Anti-Bullying Specialist,,,,,"=""856-241-1552""",,,,,,,,1,,,,,,,,,"=""02634""",,,
"=""15""",GLOUCESTER,"=""1590""",Township of Franklin School District,"=""070""",Caroline L. Reutter School,Mr.,Theodore,Peters,School Principal,tpeters@franklintwpschools.org,2150 DELSEA DR," ",FRANKLINVILLE,NJ,"=""08322-2522""",2150 DELSEA DR," ",FRANKLINVILLE,NJ,"=""08322-2522""",Ms.,Lauren,Roberts,Anti-Bullying Specialist,,,,,"=""856-694-0223""",,,,,,,1,1,,,,,,,,,"=""02544""",,,
"=""15""",GLOUCESTER,"=""1590""",Township of Franklin School District,"=""095""",Main Road School,Ms.,Nicole,Inverso,School Principal,ninverso@franklintwpschools.org,1452 MAIN RD," ",NEWFIELD,NJ,"=""08344-5341""",1452 MAIN RD," ",NEWFIELD,NJ,"=""08344-5341""",Ms.,Lindsay,Gioielli,Anti-Bullying Specialist,,,,,"=""856-697-0220""",,,,,1,1,,,,,,,,,,,"=""02550""",,,
"=""15""",GLOUCESTER,"=""1590""",Township of Franklin School District,"=""080""",Mary F. Janvier School,Mr.,Henry,Kobik,School Principal,hkobik@franklintwpschools.org,1532 PENNSYLVANIA AVE," ",FRANKLINVILLE,NJ,"=""08322-2355""",1532 PENNSYLVANIA AVE," ",FRANKLINVILLE,NJ,"=""08322-2355""",Ms.,Rachelle,Sepielli-Feret,Anti-Bullying Specialist,,,,,"=""856-629-0431""",1,1,1,1,,,,,,,,,,,,,"=""02546""",,,
"=""15""",GLOUCESTER,"=""5500""",Washington Township School District,"=""025""",Bells Elementary School,Mr.,Shaun,Giberson,Acting Principal,sgiberson@WTPS.ORG,227 GREENTREE RD," ",TURNERSVILLE,NJ,"=""08012""",227 GREENTREE RD," ",TURNERSVILLE,NJ,"=""08012""",Ms.,Lauren,Connor,Anti-Bullying Specialist,,,,,"=""856-589-8441""",,1,1,1,1,1,1,,,,,,,,,,"=""02644""",,,
"=""15""",GLOUCESTER,"=""5500""",Washington Township School District,"=""027""",Birches Elementary School,Ms.,Julie,LaRubbio,School Principal,jlarubbio@WTPS.ORG,416 WESTMINSTER BLVD," ",TURNERSVILLE,NJ,"=""08012-1625""",416 WESTMINSTER BLVD," ",TURNERSVILLE,NJ,"=""08012-1625""",Ms.,Lauren,Connor,Anti-Bullying Specialist,,,,,"=""856-232-1290""",,1,1,1,1,1,1,,,,,,,,,,"=""02646""",,,
"=""15""",GLOUCESTER,"=""5500""",Washington Township School District,"=""020""",Bunker Hill Middle School,Ms.,Allison,Egizi,School Principal,aegizi@wtps.org,372 PITMAN  DOWNER RD," ",SEWELL,NJ,"=""08080""",372 PITMAN  DOWNER RD," ",SEWELL,NJ,"=""08080""",Ms.,Lauren,Connor,Anti-Bullying Specialist,,,,,"=""856-881-7007""",,,,,,,,1,1,1,,,,,,,"=""00185""",,,
"=""15""",GLOUCESTER,"=""5500""",Washington Township School District,"=""026""",Chestnut Ridge Middle School,Ms.,Theresa,Pietrowski,School Principal,tPietrowski@WTPS.ORG,641 HURFFVILLE  CROSSKEYS RD," ",SEWELL,NJ,"=""08080""",641 HURFFVILLE  CROSSKEYS RD," ",SEWELL,NJ,"=""08080""",Ms.,Lauren,Connor,Anti-Bullying Specialist,,,,,"=""856-582-3535""",,,,,,,,1,1,1,,,,,,,"=""06075""",,,
"=""15""",GLOUCESTER,"=""5500""",Washington Township School District,"=""300""",Elwood Kindle,Ms.,Christina,Cox,School Principal,ccox@wtps.org,211 washington ave," ",pitman,NJ,"=""08071""",211 washington ave," ",pitman,NJ,"=""08071""",Ms.,Lauren,Connor,Anti-Bullying Specialist,,,,,"=""856-589-2628""",1,,,,,,,,,,,,,,,,"=""06174""",,,
"=""15""",GLOUCESTER,"=""5500""",Washington Township School District,"=""030""",Grenloch Terrace Early Childhood Center,Ms.,Christina,Cox,School Principal,ccox@WTPS.ORG,251 WOODBURY  TURNERSVILLE RD," ",SEWELL,NJ,"=""08080""",251 WOODBURY  TURNERSVILLE RD," ",SEWELL,NJ,"=""08080""",Ms.,Lauren,Connor,Anti-Bullying Specialist,,,,,"=""856-227-1303""",1,,,,,,,,,,,,,,,,"=""06038""",,,
"=""15""",GLOUCESTER,"=""5500""",Washington Township School District,"=""040""",Hurffville Elementary School,Ms.,Erica,Holck,School Principal,eholck@WTPS.ORG,200 HURFFVILLE  GRENLOCH RD," ",SEWELL,NJ,"=""08080-9499""",200 HURFFVILLE  GRENLOCH RD," ",SEWELL,NJ,"=""08080-9499""",Ms.,Lauren,Connor,Anti-Bullying Specialist,,,,,"=""856-589-7459""",,1,1,1,1,1,1,,,,,,,,,,"=""02650""",,,
"=""15""",GLOUCESTER,"=""5500""",Washington Township School District,"=""050""",Orchard Valley Middle School,Ms.,Kayla,Berry,School Principal,kberry@WTPS.ORG,238 PITMAN  DOWNER RD," ",SEWELL,NJ,"=""08080-2118""",238 PITMAN  DOWNER RD," ",SEWELL,NJ,"=""08080-2118""",Ms.,Lauren,Connor,Anti-Bullying Specialist,,,,,"=""856-582-5353""",,,,,,,,1,1,1,,,,,,,"=""06076""",,,
"=""15""",GLOUCESTER,"=""5500""",Washington Township School District,"=""028""",Thomas Jefferson Elementary School,Mrs.,Stephanie,Martucci,School Principal,smartucci@wtps.org,95 ALTAIR DR," ",TURNERSVILLE,NJ,"=""08012-2437""",95 ALTAIR DR," ",TURNERSVILLE,NJ,"=""08012-2437""",Ms.,Lauren,Connor,Anti-Bullying Specialist,,,,,"=""856-589-8248""",,1,1,1,1,1,1,,,,,,,,,,"=""05922""",,,
"=""15""",GLOUCESTER,"=""5500""",Washington Township School District,"=""301""",WCK Walls Pre-K,,,,,,320 Grant Avenue," ",Pitman,NJ,"=""08071""",320 Grant Avenue," ",Pitman,NJ,"=""08071""",,,,,,,,,"=""856-589-1316""",1,,,,,,,,,,,,,,,,"=""""",,,
"=""15""",GLOUCESTER,"=""5500""",Washington Township School District,"=""010""",Washington Township High School,Mr.,Raymond,Anderson,School Principal,randerson@WTPS.ORG,519 HURFFVILLE  CROSSKEYS RD," ",SEWELL,NJ,"=""08080-2700""",519 HURFFVILLE  CROSSKEYS RD," ",SEWELL,NJ,"=""08080-2700""",Ms.,Lauren,Connor,Anti-Bullying Specialist,,,,,"=""856-589-8500""",1,,,,,,,,,,1,1,1,1,,,"=""02640""",,,
"=""15""",GLOUCESTER,"=""5500""",Washington Township School District,"=""060""",Wedgwood Elementary School,Ms.,Virginia,Grier,Acting Principal,vgrier@WTPS.ORG,236 HURFFVILLE RD," ",SEWELL,NJ,"=""08080-9475""",236 HURFFVILLE RD," ",SEWELL,NJ,"=""08080-9475""",Ms.,Lauren,Connor,Anti-Bullying Specialist,,,,,"=""856-227-8110""",,1,1,1,1,1,1,,,,,,,,,,"=""02654""",,,
"=""15""",GLOUCESTER,"=""5500""",Washington Township School District,"=""070""",Whitman Elementary School,Ms.,Julie,Hopp,School Principal,jhopp@WTPS.ORG,827 WHITMAN SCHOOL DR," ",TURNERSVILLE,NJ,"=""08012-1186""",827 WHITMAN SCHOOL DR," ",TURNERSVILLE,NJ,"=""08012-1186""",Ms.,Lauren,Connor,Anti-Bullying Specialist,,,,,"=""856-227-1103""",,1,1,1,1,1,1,,,,,,,,,,"=""02656""",,,
"=""15""",GLOUCESTER,"=""5590""",Wenonah  Boro School District,"=""050""",Wenonah Elementary School,Ms.,Kristine,Height,School Administrator,kheight@wenonahschool.org,200 N CLINTON AVE," ",WENONAH,NJ,"=""08090""",200 N CLINTON AVE," ",WENONAH,NJ,"=""08090""",Mrs.,Patricia,Larsen-Christine,Anti-Bullying Specialist,,,,,"=""856-468-6000""",1,1,1,1,1,1,1,1,,,,,,,,,"=""02658""",,,
"=""15""",GLOUCESTER,"=""5620""",West Deptford Township School District,"=""070""",Green-Fields Elementary School,Mr.,Jeffrey,Miller-McGrail,School Principal,jmiller-mcgrail@wdeptford.k12.nj.us,15 HILL LANE," ",WOODBURY,NJ,"=""08096""",15 HILL LANE," ",WOODBURY,NJ,"=""08096""",Ms.,Kelly,Hansbury,Anti-Bullying Specialist,,,,,"=""856-845-7929""",1,,,,1,1,,,,,,,,,,,"=""02666""",,,
"=""15""",GLOUCESTER,"=""5620""",West Deptford Township School District,"=""100""",Oakview Elementary School,Mrs.,Teresa,Capocci,School Principal,tcapocci@wdeptford.k12.nj.us,350 DUBOIS AVE," ",WEST DEPTFORD,NJ,"=""08096""",350 DUBOIS AVE," ",WEST DEPTFORD,NJ,"=""08096""",Ms.,Samantha,Plasky,Anti-Bullying Specialist,,,,,"=""856-845-1856""",1,1,1,1,1,,,,,,,,,,,,"=""02670""",,,
"=""15""",GLOUCESTER,"=""5620""",West Deptford Township School District,"=""111""",Red Bank Elementary School,Ms.,Jill,Scheetz,School Principal,jscheetz@wdeptford.k12.nj.us,192 PHILADELPHIA AVE," ",WEST DEPTFORD,NJ,"=""08086-9703""",192 PHILADELPHIA AVE," ",WEST DEPTFORD,NJ,"=""08086-9703""",Mrs.,Toni,Durham,Anti-Bullying Specialist,,,,,"=""856-845-2727""",1,1,1,1,,,,,,,,,,,,,"=""02672""",,,
"=""15""",GLOUCESTER,"=""5620""",West Deptford Township School District,"=""300""",West Deptford Early Childhood Center,Ms.,Jill,Scheetz,School Principal,jscheetz@wdeptford.k12.nj.us,1261 Red Bank Avenue," ",West Deptford,NJ,"=""08086""",1261 Red Bank Avenue," ",West Deptford,NJ,"=""08086""",Ms.,Toni,Durham,Anti-Bullying Specialist,,,,,"=""856-848-6450""",1,,,,,,,,,,,,,,,,"=""""",,,
"=""15""",GLOUCESTER,"=""5620""",West Deptford Township School District,"=""050""",West Deptford High School,Mr.,Jason,Morrell,School Principal,jmorrell@wdeptford.k12.nj.us,1600 OLD CROWN POINT RD," ",WEST DEPTFORD,NJ,"=""08093""",1600 OLD CROWN POINT RD," ",WEST DEPTFORD,NJ,"=""08093""",Ms.,April,Sanford,Anti-Bullying Specialist,,,,,"=""856-848-6110""",,,,,,,,,,,1,1,1,1,,,"=""02662""",,,
"=""15""",GLOUCESTER,"=""5620""",West Deptford Township School District,"=""130""",West Deptford Middle School,Mr.,Jason,Morrell,School Principal,jmorrell@wdeptford.k12.nj.us,675 GROVE RD," ",WEST DEPTFORD,NJ,"=""08066-1925""",675 GROVE RD," ",WEST DEPTFORD,NJ,"=""08066-1925""",Ms.,Liza,Lecher,Anti-Bullying Specialist,,,,,"=""856-848-1200""",,,,,,1,1,1,1,1,,,,,,,"=""02676""",,,
"=""15""",GLOUCESTER,"=""5740""",Westville Boro Public School District,"=""040""",Parkview Elementary School,Dr.,Karen,Jones,School Principal,kjones@westvillesd.com,101 BIRCH ST," ",WESTVILLE,NJ,"=""08093""",101 BIRCH ST," ",WESTVILLE,NJ,"=""08093""",Ms.,Jennie,Lam,Anti-Bullying Specialist,Ms.,Jennie,Lam,School Homeless Liaison,"=""856-456-0235""",1,1,1,1,1,1,1,1,,,,,,,,,"=""02684""",,,
"=""15""",GLOUCESTER,"=""5860""",Woodbury City Public School District,"=""090""",Evergreen Avenue Elementary School,Mr.,Jason,Vivadelli,School Principal,jvivadelli@woodburysch.com,160 North Evergreen Avenue," ",Woodbury,NJ,"=""08096""",160 North Evergreen Avenue," ",Woodbury,NJ,"=""08096""",Mrs.,Jennifer,McCarthy,Anti-Bullying Specialist,,,,,"=""856-853-0125""",1,1,1,1,1,1,1,,,,,,,,,,"=""02692""",,,
"=""15""",GLOUCESTER,"=""5860""",Woodbury City Public School District,"=""100""",Walnut Street School,Dr.,Jeffrey,Adams,School Principal,jadams@woodburysch.com,60 Walnut Street," ",Woodbury,NJ,"=""08096""",60 Walnut Street," ",Woodbury,NJ,"=""08096""",Mrs.,Lori,Ferretti,Anti-Bullying Specialist,,,,,"=""856-853-0126""",1,1,1,1,1,1,1,,,,,,,,,,"=""02694""",,,
"=""15""",GLOUCESTER,"=""5860""",Woodbury City Public School District,"=""110""",West End Memorial Elementary School,Mr.,Joseph,Delecce,School Principal,jdelecce@woodburysch.com,215 Queen Street," ",Woodbury,NJ,"=""08096""",215 Queen Street," ",Woodbury,NJ,"=""08096""",Ms.,Kristyn,Rieger,Anti-Bullying Specialist,,,,,"=""856-853-0124""",1,1,1,1,1,1,1,,,,,,,,,,"=""02696""",,,
"=""15""",GLOUCESTER,"=""5860""",Woodbury City Public School District,"=""050""",Woodbury Jr-Sr High School,Mr.,Dwayne,Dobbins,School Principal,ddobbins@woodburysch.com,25 N. Broad Street," ",Woodbury,NJ,"=""08096-4602""",25 N. Broad Street," ",Woodbury,NJ,"=""08096-4602""",Ms.,Patricia,Mclister,Anti-Bullying Specialist,,,,,"=""856-853-0123""",,,,,,,,1,1,1,1,1,1,1,,,"=""02688""",,,
"=""15""",GLOUCESTER,"=""5870""",Woodbury Heights Public School District,"=""050""",Woodbury Heights Elementary,Mr.,Chris,Rodia,Chief School Administrator,crodia@woodburyhtselem.com,100 ACADEMY AVE," ",WOODBURY HTS,NJ,"=""08097""",100 ACADEMY AVE," ",WOODBURY HTS,NJ,"=""08097""",Mrs.,Lynne,Fletcher,Anti-Bullying Specialist,,,,,"=""856-848-2610""",1,1,1,1,1,1,1,1,,,,,,,,,"=""02698""",,,
"=""17""",HUDSON,"=""0220""",Bayonne School District,"=""010""",Bayonne Alternative High School,Dr.,Michael,Pierson,School Administrator,mpierson@bboed.org,669 Avenue A," ",Bayonne,NJ,"=""07002""",669 Avenue A," ",Bayonne,NJ,"=""07002""",Mr.,Michael,Vazquez,Anti-Bullying Specialist,,,,,"=""201-858-5895""",,,,,,,,,,,1,1,1,1,,,"=""""",,,
"=""17""",HUDSON,"=""0220""",Bayonne School District,"=""020""",Bayonne High School,Mr.,Keith,Makowski,School Principal,kmakowski@bboed.org,669 AVENUE A," ",BAYONNE,NJ,"=""07002""",669 AVENUE A," ",BAYONNE,NJ,"=""07002""",Ms.,Lecia,Cheatam-Nichols,Anti-Bullying Specialist,,,,,"=""201-858-5900""",,,,,,,,,,,1,1,1,1,,,"=""02704""",,,
"=""17""",HUDSON,"=""0220""",Bayonne School District,"=""050""",Henry E. Harris Community School,Mrs.,Maria,Kazimir,School Principal,mkazimir@bboed.org,135 AVENUE C," ",BAYONNE,NJ,"=""07002""",135 AVENUE C," ",BAYONNE,NJ,"=""07002""",Ms.,Kaitlyn,Ballance,Anti-Bullying Specialist,,,,,"=""201-858-5945""",1,1,1,1,1,1,1,1,1,1,,,,,,,"=""02714""",,,
"=""17""",HUDSON,"=""0220""",Bayonne School District,"=""060""",Horace Mann Community School,Mr.,Donald,Byrd,Interim Principal,dbyrd@bboed.org,25 WEST 38TH STREET," ",BAYONNE,NJ,"=""07002""",25 WEST 38TH STREET," ",BAYONNE,NJ,"=""07002""",Ms.,Kara,Nitkowski,Anti-Bullying Specialist,,,,,"=""201-858-5979""",1,1,1,1,1,1,1,1,1,1,,,,,,,"=""02716""",,,
"=""17""",HUDSON,"=""0220""",Bayonne School District,"=""040""",John M. Bailey Community School,Mr.,Albert,McCormick,School Principal,amccormick@bboed.org,75 WEST 10TH STREET," ",BAYONNE,NJ,"=""07002""",75 WEST 10TH STREET," ",BAYONNE,NJ,"=""07002""",Mrs.,Dana,Vincent,Anti-Bullying Specialist,,,,,"=""201-858-5824""",1,1,1,1,1,1,1,1,1,1,,,,,,,"=""02712""",,,
"=""17""",HUDSON,"=""0220""",Bayonne School District,"=""070""",Lincoln Community School #5,Ms.,Carolyn,Malanowski,School Principal,cmalanowski@bboed.org,208 PROSPECT AVENUE," ",BAYONNE,NJ,"=""07002""",208 PROSPECT AVENUE," ",BAYONNE,NJ,"=""07002""",Ms.,Megan,Hickey,Anti-Bullying Specialist,,,,,"=""201-858-5973""",1,1,1,1,1,1,1,1,1,1,,,,,,,"=""02718""",,,
"=""17""",HUDSON,"=""0220""",Bayonne School District,"=""080""",Mary J Donohoe Community School,Mr.,Philip,Baccarella,School Principal,pjbaccarella@bboed.org,25 East 5th Street," ",BAYONNE,NJ,"=""07002""",25 East 5th Street," ",BAYONNE,NJ,"=""07002""",Ms.,Amanda,Schenkman,Anti-Bullying Specialist,,,,,"=""201-858-5969""",1,1,1,1,1,1,1,1,1,1,,,,,,,"=""02720""",,,
"=""17""",HUDSON,"=""0220""",Bayonne School District,"=""140""",Nicholas Oresko Community School,Ms.,Monique,Bullock,School Principal,mbullock@bboed.org,33 East 24th Street," ",BAYONNE,NJ,"=""07002""",33 East 24th Street," ",BAYONNE,NJ,"=""07002""",Ms.,Danielle,Traina-Coll,Anti-Bullying Specialist,,,,,"=""201-858-6281""",1,1,1,1,1,1,1,1,1,1,,,,,,,"=""00141""",,,
"=""17""",HUDSON,"=""0220""",Bayonne School District,"=""090""",Philip G. Vroom Community School,Mrs.,Stacey,Janeczko,School Principal,sjaneczko@bboed.org,18 WEST 26TH ST," ",BAYONNE,NJ,"=""07002-3803""",18 WEST 26TH ST," ",BAYONNE,NJ,"=""07002-3803""",Mrs.,Sandra,D'Angelo,Anti-Bullying Specialist,,,,,"=""201-858-5956""",1,1,1,1,1,1,1,1,1,1,,,,,,,"=""02722""",,,
"=""17""",HUDSON,"=""0220""",Bayonne School District,"=""030""",Walter F. Robinson Community School,Dr.,Karen,Fiermonte,School Principal,kfiermonte@bboed.org,95 WEST 31ST STREET," ",BAYONNE,NJ,"=""07002""",95 WEST 31ST STREET," ",BAYONNE,NJ,"=""07002""",Ms.,Leslie,Cirillo,Anti-Bullying Specialist,,,,,"=""201-858-5964""",1,1,1,1,1,1,1,1,1,1,,,,,,,"=""02710""",,,
"=""17""",HUDSON,"=""0220""",Bayonne School District,"=""120""",Washington Community School #9,Mr.,George,Becker,School Principal,gbecker@bboed.org,191 AVENUE B," ",BAYONNE,NJ,"=""07002""",191 AVENUE B," ",BAYONNE,NJ,"=""07002""",Ms.,Hayley,Stultz,Anti-Bullying Specialist,,,,,"=""201-858-5990""",1,1,1,1,1,1,1,1,1,1,,,,,,,"=""02728""",,,
"=""17""",HUDSON,"=""0220""",Bayonne School District,"=""085""",William Shemin Midtown Community School #8,Mr.,James,Pondillo,School Principal,japondillo@bboed.org,550 AVENUE A," ",BAYONNE,NJ,"=""07002""",550 AVENUE A," ",BAYONNE,NJ,"=""07002""",Ms.,Andrea,Mantone,Anti-Bullying Specialist,,,,,"=""201-858-5984""",1,1,1,1,1,1,1,1,1,1,,,,,,,"=""00001""",,,
"=""17""",HUDSON,"=""0220""",Bayonne School District,"=""130""",Woodrow Wilson Community School,Ms.,Tara,Furmaniak,School Principal,tfurmaniak@bboed.org,101 WEST 56TH STREET," ",BAYONNE,NJ,"=""07002""",101 WEST 56TH STREET," ",BAYONNE,NJ,"=""07002""",Ms.,Maria,Pagano,Anti-Bullying Specialist,,,,,"=""201-858-5996""",1,1,1,1,1,1,1,1,1,1,,,,,,,"=""02730""",,,
"=""17""",HUDSON,"=""1200""",East Newark School District,"=""050""",East Newark Elementary School,Dr.,Rosaura,Bagolie,School Principal,rbagolie@eastnewarkschool.org,501-11 NORTH THIRD STREET," ",EAST NEWARK,NJ,"=""07029""",501-11 NORTH THIRD STREET," ",EAST NEWARK,NJ,"=""07029""",Ms.,Nathaly,Vera,Anti-Bullying Specialist,,,,,"=""973-481-6800""",,1,1,1,1,1,1,1,1,1,,,,,,,"=""02732""",,,
"=""17""",HUDSON,"=""1850""",Guttenberg School District,"=""050""",Anna L. Klein,Mr.,Keith,Petry,School Principal,kpetry@alkschool.org,301  69TH ST," ",GUTTENBERG,NJ,"=""07093-2411""",301  69TH ST," ",GUTTENBERG,NJ,"=""07093-2411""",Mr.,Robert,Correggio,Anti-Bullying Specialist,,,,,"=""201-861-3100""",1,1,1,1,1,1,1,1,1,1,,,,,,,"=""02734""",,,
"=""17""",HUDSON,"=""2060""",Harrison Public Schools,"=""061""",Hamilton Intermediate School,Mr.,John,Carey,School Principal,john.carey@staff.harrisonschools.org,223 HAMILTON STREET," ",HARRISON,NJ,"=""07029""",223 HAMILTON STREET," ",HARRISON,NJ,"=""07029""",Ms.,Amanda,Carrillo,Anti-Bullying Specialist,,,,,"=""973-735-5550""",,,,,,1,1,,,,,,,,,,"=""02933""",,,
"=""17""",HUDSON,"=""2060""",Harrison Public Schools,"=""050""",Harrison High School,Mr.,Matthew,Weber,School Principal,matthew.weber@staff.harrisonschools.org,401 Kingsland Avenue," ",HARRISON,NJ,"=""07029-1405""",401 Kingsland Avenue," ",HARRISON,NJ,"=""07029-1405""",Mr.,Sean,Dolaghan,Anti-Bullying Specialist,Ms.,Clarisa,Pimentel,School Homeless Liaison,"=""973-482-5050""",,,,,,,,,,,1,1,1,1,,,"=""02738""",,,
"=""17""",HUDSON,"=""2060""",Harrison Public Schools,"=""300""",Kennedy Elementary School,Mrs.,KImberly,Huaranga,School Principal,kimberly.huaranga@staff.harrisonschools.org,1 Washington Street," ",Harrison,NJ,"=""07029-2613""",1 Washington Street," ",Harrison,NJ,"=""07029-2613""",Ms.,Kathelyn,Perez,Anti-Bullying Specialist,,,,,"=""973-833-8500""",1,1,1,,,,,,,,,,,,,,"=""03509""",,,
"=""17""",HUDSON,"=""2060""",Harrison Public Schools,"=""060""",Lincoln Elementary School,Ms.,Amy,Heberling,School Principal,amy.heberling@staff.harrisonschools.org,221 CROSS STREET," ",HARRISON,NJ,"=""07029-2613""",221 CROSS STREET," ",HARRISON,NJ,"=""07029-2613""",Ms.,Dianna,Gomez,Anti-Bullying Specialist,,,,,"=""973-483-6400""",,,,1,1,,,,,,,,,,,,"=""02740""",,,
"=""17""",HUDSON,"=""2060""",Harrison Public Schools,"=""070""",Washington Middle School,Mr.,Hamlet,Marte,School Principal,hamlet.marte@staff.harrisonschools.org,One North Fifth Street," ",HARRISON,NJ,"=""07029-2515""",One North Fifth Street," ",HARRISON,NJ,"=""07029-2515""",Mrs.,Mayra,Rivas-Flores,Anti-Bullying Specialist,,,,,"=""973-483-2285""",,,,,,,,1,1,1,,,,,,,"=""02742""",,,
"=""17""",HUDSON,"=""2210""",Hoboken Public School District,"=""005""",Hoboken High School,Ms.,Robin,Piccapietra,School Principal,robin.piccapietra@hoboken.k12.nj.us,NINTH & CLINTON ST," ",HOBOKEN,NJ,"=""07030""",NINTH & CLINTON ST," ",HOBOKEN,NJ,"=""07030""",Mrs.,Gina,Mattera,Anti-Bullying Specialist,,,,,"=""201-356-3700""",,,,,,,,,,,1,1,1,1,,,"=""02746""",https://www.facebook.com/kenpublicschooldistrict,https://www.instagram.com/hobokenpublicschooldistrict,
"=""17""",HUDSON,"=""2210""",Hoboken Public School District,"=""300""",Hoboken Middle School,Mr.,Ryan,Sorafine,School Principal,ryan.sorafine@hoboken.k12.nj.usra@hoboken.k12.nj.us,158 Fourth Street," ",HOBOKEN,NJ,"=""07030""",158 Fourth Street," ",HOBOKEN,NJ,"=""07030""",Dr.,Robin,Baskinger,Anti-Bullying Specialist,,,,,"=""201-356-3750""",,,,,,,,1,1,1,,,,,,,"=""""",https://www.facebook.com/kenpublicschooldistrict,https://www.instagram.com/hobokenpublicschooldistrict,
"=""17""",HUDSON,"=""2210""",Hoboken Public School District,"=""050""",Joseph F Brandt Elementary School,Mr.,Charles,Bartlett,School Principal,charles.bartlett@hoboken.k12.nj.us,215 NINTH STREET," ",HOBOKEN,NJ,"=""07030""",215 NINTH STREET," ",HOBOKEN,NJ,"=""07030""",Ms.,Andrea,DellaFave,Anti-Bullying Specialist,,,,,"=""201-356-3690""",,1,1,1,1,1,1,,,,,,,,,,"=""02756""",https://www.facebook.com/kenpublicschooldistrict,https://www.instagram.com/hobokenpublicschooldistrict,
"=""17""",HUDSON,"=""2210""",Hoboken Public School District,"=""065""",Thomas G. Connors Elementary School,Mrs.,Juliana,Addi,School Principal,juliana.addi@hoboken.k12.nj.us,201 MONROE STREET," ",HOBOKEN,NJ,"=""07030""",201 MONROE STREET," ",HOBOKEN,NJ,"=""07030""",Mr.,Jack,Hamlin,Anti-Bullying Specialist,,,,,"=""201-356-3680""",,1,1,1,1,1,1,,,,,,,,,,"=""00065""",https://www.facebook.com/kenpublicschooldistrict,https://www.instagram.com/hobokenpublicschooldistrict,
"=""17""",HUDSON,"=""2210""",Hoboken Public School District,"=""070""",Wallace Elementary School,Mr.,Stephen,Dickerson,School Principal,sdickerson@hoboken.k12.nj.us,1100 WILLOW AVENUE," ",HOBOKEN,NJ,"=""07030""",1100 WILLOW AVENUE," ",HOBOKEN,NJ,"=""07030""",Ms.,Elizabeth,Palmer,Anti-Bullying Specialist,,,,,"=""201-356-3650""",1,1,1,1,1,1,1,,,,,,,,,,"=""02764""",https://www.facebook.com/kenpublicschooldistrict,https://www.instagram.com/hobokenpublicschooldistrict,
"=""17""",HUDSON,"=""2295""",Hudson County Schools of Technology School District,"=""300""",Academy of Career and Technical Education,Ms.,Kathy,Young,School Principal,kyoung@hcstonline.org,One High Tech Way," ",Secaucus,NJ,"=""07094-1682""",One High Tech Way," ",Secaucus,NJ,"=""07094-1682""",Mr.,James,Comprelli,Anti-Bullying Specialist,,,,,"=""201-662-6806""",,,,,,,,,,,1,1,1,1,,,"=""03468""",,https://www.instagram.com/hightech.hcst,
"=""17""",HUDSON,"=""2295""",Hudson County Schools of Technology School District,"=""304""",Academy of Technology Design,Ms.,Barbara,Mendolla,School Principal,bmendoll@hcstonline.org,525 Montgomery Street," ",Jersey City,NJ,"=""07302-3237""",525 Montgomery Street," ",Jersey City,NJ,"=""07302-3237""",Ms.,Amy,DeGise,Anti-Bullying Specialist,,,,,"=""201-631-6300""",,,,,,,,,,,1,1,1,1,,,"=""""",,https://www.instagram.com/countyprep.hcst,
"=""17""",HUDSON,"=""2295""",Hudson County Schools of Technology School District,"=""010""",Adult High School and Post Secondary Programs,Mr.,Christopher,Cassaro,School Principal,ccassaro@hcstonline.org,525 Montgomery Street," ",Jersey City,NJ,"=""07302-3237""",525 Montgomery Street," ",Jersey City,NJ,"=""07302-3237""",Ms.,Amy,DeGise,Anti-Bullying Specialist,,,,,"=""201-631-6361""",,,,,,,,,,,,,,,,1,"=""""",,,
"=""17""",HUDSON,"=""2295""",Hudson County Schools of Technology School District,"=""030""",County Prep High School,Mrs.,Barbara,Mendolla,School Principal,bmendoll@hcstonline.org,525 MONTGOMERY STREET," ",JERSEY CITY,NJ,"=""07306-3237""",525 MONTGOMERY STREET," ",JERSEY CITY,NJ,"=""07306-3237""",Ms.,Amy,DeGise,Anti-Bullying Specialist,,,,,"=""201-631-6300""",,,,,,,,,,,1,1,1,1,,,"=""05906""",,https://www.instagram.com/countyprep.hcst,
"=""17""",HUDSON,"=""2295""",Hudson County Schools of Technology School District,"=""090""",Explore Middle School,Mrs.,Amy,Lin-Rodriguez,School Principal,alinrodriguez@hcstonline.org,180 9th Street," ",JERSEY CITY,NJ,"=""07302-1703""",180 9th Street," ",JERSEY CITY,NJ,"=""07302-1703""",Mrs.,Heather,Bruno,Anti-Bullying Specialist,,,,,"=""201-631-6396""",,,,,,,,1,1,1,,,,,,,"=""00189""",,https://www.instagram.com/exploremiddleschool,
"=""17""",HUDSON,"=""2295""",Hudson County Schools of Technology School District,"=""050""",High Tech High School,Ms.,Kathy,Young,School Principal,kyoung@hcstonline.org,One High Tech Way," ",Secaucus,NJ,"=""07094-1682""",One High Tech Way," ",Secaucus,NJ,"=""07094-1682""",Mr.,James,Comprelli,Anti-Bullying Specialist,,,,,"=""201-662-6806""",,,,,,,,,,,1,1,1,1,,,"=""02766""",,https://www.instagram.com/hightech.hcst,
"=""17""",HUDSON,"=""2295""",Hudson County Schools of Technology School District,"=""305""",Hudson County Vocational Craig Guy Center,Ms.,Nikki,Sammartino,School Principal,nsammartino@hcstonline.org,669 Avenue A," ",Bayonne,NJ,"=""07002-1851""",669 Avenue A," ",Bayonne,NJ,"=""07002-1851""",Ms.,Christy,Glock,Anti-Bullying Specialist,,,,,"=""551-231-5635""",,,,,,,,,,,1,1,1,1,,,"=""""",,,
"=""17""",HUDSON,"=""2390""",Jersey City Public School District,"=""095""",Academy I,Dr.,Fatima,Corbin,School Principal,fcorbin@jcboe.org,209 BERGEN AVENUE," ",JERSEY CITY,NJ,"=""07305""",209 BERGEN AVENUE," ",JERSEY CITY,NJ,"=""07305""",Mr.,John,Hughes,Anti-Bullying Specialist,,,,,"=""201-915-6500""",,,,,,,,1,1,1,,,,,,,"=""00142""",,,
"=""17""",HUDSON,"=""2390""",Jersey City Public School District,"=""040""",Adult Evening High School,Dr.,Erma,Percival,School Principal,epercival@jcboe.org,2 Palisade Avenue," ",Jersey City,NJ,"=""07306""",2 Palisade Avenue," ",Jersey City,NJ,"=""07306""",Dr.,Erma,Percival,Anti-Bullying Specialist,,,,,"=""201-714-4440""",,,,,,,,,,,,,,,,1,"=""""",,,
"=""17""",HUDSON,"=""2390""",Jersey City Public School District,"=""320""",Alexander D. Sullivan School,Dr.,Martha,Osei-Yaw,School Principal,moseiyaw@jcboe.org,171 SEAVIEW AVE," ",JERSEY CITY,NJ,"=""07305-2412""",171 SEAVIEW AVE," ",JERSEY CITY,NJ,"=""07305-2412""",Ms.,Cathie,Garofalo,Anti-Bullying Specialist,,,,,"=""201-915-6530""",1,1,1,1,1,1,1,,,,,,,,,,"=""02830""",,,
"=""17""",HUDSON,"=""2390""",Jersey City Public School District,"=""240""",Alfred Zampella School,Ms.,ELIZABETH,IANNITELLI,School Principal,eiannitelli@jcboe.org,201 NORTH ST," ",JERSEY CITY,NJ,"=""07307-3336""",201 NORTH ST," ",JERSEY CITY,NJ,"=""07307-3336""",Mr.,Joel,Carhuaz,Anti-Bullying Specialist,,,,,"=""201-714-4350""",1,1,1,1,1,1,1,1,1,1,,,,,,,"=""02812""",,,
"=""17""",HUDSON,"=""2390""",Jersey City Public School District,"=""220""",Chaplain Charles Watters School,Ms.,Patricia,Acosta,School Principal,pacosta@jcboe.org,220 VIRGINIA AVE," ",JERSEY CITY,NJ,"=""07304-1424""",220 VIRGINIA AVE," ",JERSEY CITY,NJ,"=""07304-1424""",Ms.,April,Lewis,Anti-Bullying Specialist,,,,,"=""201-915-6510""",1,1,1,1,1,1,1,1,1,1,,,,,,,"=""02808""",,,
"=""17""",HUDSON,"=""2390""",Jersey City Public School District,"=""120""",Charles E. Trefurt School,Dr.,Darrell,Carson,School Principal,dcarson@jcboe.org,96 FRANKLIN ST," ",JERSEY CITY,NJ,"=""07307""",96 FRANKLIN ST," ",JERSEY CITY,NJ,"=""07307""",Ms.,Debbie,Ganesh,Anti-Bullying Specialist,,,,,"=""201-714-4320""",1,1,1,1,1,1,1,,,,,,,,,,"=""02788""",,,
"=""17""",HUDSON,"=""2390""",Jersey City Public School District,"=""250""",Christa McAuliffe School,Ms.,Elaine,Domingo,School Principal,edomingo@jcboe.org,167 HANCOCK AVE," ",JERSEY CITY,NJ,"=""07307-2017""",167 HANCOCK AVE," ",JERSEY CITY,NJ,"=""07307-2017""",Mrs.,Debra,Cavanagh,Anti-Bullying Specialist,,,,,"=""201-714-4360""",1,1,1,1,1,1,1,1,1,1,,,,,,,"=""02814""",,,
"=""17""",HUDSON,"=""2390""",Jersey City Public School District,"=""340""",Cornelia F. Bradford School,Ms.,Blanca,Jackson,School Principal,bjackson1@jcboe.org,96 SUSSEX ST," ",JERSEY CITY,NJ,"=""07302-4402""",96 SUSSEX ST," ",JERSEY CITY,NJ,"=""07302-4402""",Mr.,Scott,Sigler,Anti-Bullying Specialist,,,,,"=""201-915-6450""",1,1,1,1,1,1,1,,,,,,,,,,"=""02834""",,,
"=""17""",HUDSON,"=""2390""",Jersey City Public School District,"=""075""",Dr Ronald McNair High School,Dr.,Francis,Dooley,School Principal,fdooley@jcboe.org,123 COLES  STREET," ",JERSEY CITY,NJ,"=""07302""",123 COLES  STREET," ",JERSEY CITY,NJ,"=""07302""",Ms.,Margaret,Grimsby,Anti-Bullying Specialist,,,,,"=""201-418-7617""",,,,,,,,,,,1,1,1,1,,,"=""02778""",,,
"=""17""",HUDSON,"=""2390""",Jersey City Public School District,"=""330""",Dr. Charles P. DeFuccio School,Dr.,Chantel,Perry,School Principal,cperry@jcboe.org,214 PLAINFIELD AVE," ",JERSEY CITY,NJ,"=""07306-7006""",214 PLAINFIELD AVE," ",JERSEY CITY,NJ,"=""07306-7006""",Dr.,Sherrice,Robinson,Anti-Bullying Specialist,,,,,"=""201-915-6560""",1,1,1,1,1,1,1,1,1,1,,,,,,,"=""02832""",,,
"=""17""",HUDSON,"=""2390""",Jersey City Public School District,"=""190""",Dr. Maya Angelou Elementary School,Mr.,Hani,Ileya,School Principal,hileya@jcboe.org,239 Ocean Avenue," ",JERSEY CITY,NJ,"=""07305-2626""",239 Ocean Avenue," ",JERSEY CITY,NJ,"=""07305-2626""",Ms.,Myra,Rodriguez,Anti-Bullying Specialist,,,,,"=""201-915-6470""",1,1,1,1,1,1,1,,,,,,,,,,"=""02802""",,,
"=""17""",HUDSON,"=""2390""",Jersey City Public School District,"=""110""",Dr. Michael Conti School,Mr.,John,Rivero,School Principal,jrivero@jcboe.org,182 MERSELES ST," ",JERSEY CITY,NJ,"=""07302-2235""",182 MERSELES ST," ",JERSEY CITY,NJ,"=""07302-2235""",Mr.,Louis,DeCarlo,Anti-Bullying Specialist,,,,,"=""201-714-4300""",1,1,1,1,1,1,1,1,1,1,,,,,,,"=""02786""",,,
"=""17""",HUDSON,"=""2390""",Jersey City Public School District,"=""270""",Dr. Paul Rafalides School,Mr.,Dana,O'Callaghan,School Principal,docallaghan@jcboe.org,362 UNION ST," ",JERSEY CITY,NJ,"=""07304-1212""",362 UNION ST," ",JERSEY CITY,NJ,"=""07304-1212""",Ms.,Krystal,Sanchez,Anti-Bullying Specialist,,,,,"=""201-915-6540""",1,1,1,1,1,1,1,,,,,,,,,,"=""02822""",,,
"=""17""",HUDSON,"=""2390""",Jersey City Public School District,"=""345""",Ezra L. Nolan School,Mr.,Asael,Salgado,School Principal,asalgado@jcboe.org,88 GATES AVE," ",JERSEY CITY,NJ,"=""07305-2448""",88 GATES AVE," ",JERSEY CITY,NJ,"=""07305-2448""",Ms.,Melissa,DelaCruz,Anti-Bullying Specialist,,,,,"=""201-915-6570""",,,,,,,,1,1,1,,,,,,,"=""02836""",,,
"=""17""",HUDSON,"=""2390""",Jersey City Public School District,"=""100""",Frank R Conwell School,Mr.,Darren,Mischel,School Principal,dmischel@jcboe.org,111 BRIGHT STREET," ",JERSEY CITY,NJ,"=""07302-4342""",111 BRIGHT STREET," ",JERSEY CITY,NJ,"=""07302-4342""",Mrs.,Patricia,OMalley,Anti-Bullying Specialist,,,,,"=""201-915-6100""",1,1,1,1,1,1,1,,,,,,,,,,"=""02784""",,,
"=""17""",HUDSON,"=""2390""",Jersey City Public School District,"=""155""",Franklin L. Williams School,Mrs.,Jaimie,Barnaskas,School Principal,jbarnaskas@jcboe.org,222 LAIDLAW AVENUE," ",JERSEY CITY,NJ,"=""07306""",222 LAIDLAW AVENUE," ",JERSEY CITY,NJ,"=""07306""",Mr.,Louis,Greco,Anti-Bullying Specialist,,,,,"=""201-714-8340""",,,,,,,,1,1,1,,,,,,,"=""06114""",,,
"=""17""",HUDSON,"=""2390""",Jersey City Public School District,"=""260""",Gladys Nunery School,Mr.,Robert,O'Connor,School Principal,roconnor@jcboe.org,123 CLAREMONT AVE," ",JERSEY CITY,NJ,"=""07305-3603""",123 CLAREMONT AVE," ",JERSEY CITY,NJ,"=""07305-3603""",Ms.,Chrisjohnna,Catanio,Anti-Bullying Specialist,,,,,"=""201-915-6520""",1,1,1,1,1,1,1,,,,,,,,,,"=""02816""",,,
"=""17""",HUDSON,"=""2390""",Jersey City Public School District,"=""050""",Henry Snyder High School,Dr.,Troy,Smith,School Principal,tsmith@jcboe.org,239 BERGEN AVE," ",JERSEY CITY,NJ,"=""07305-1524""",239 BERGEN AVE," ",JERSEY CITY,NJ,"=""07305-1524""",Ms.,Renee,Fryson,Anti-Bullying Specialist,,,,,"=""201-915-6600""",,,,,,,,,,,1,1,1,1,,,"=""02772""",,,
"=""17""",HUDSON,"=""2390""",Jersey City Public School District,"=""002""",Infinity Institute,Dr.,Treniere,Dobson,School Principal,tdobson@jcboe.org,222 Mercer Street," ",Jersey City,NJ,"=""07302""",222 Mercer Street," ",Jersey City,NJ,"=""07302""",Ms.,Meagan,Lopez,Anti-Bullying Specialist,,,,,"=""201-915-1404""",,,,,,,,1,1,1,1,1,1,1,,,"=""03121""",,,
"=""17""",HUDSON,"=""2390""",Jersey City Public School District,"=""301""",Innovation High School,Mr.,Emilio,Pane,School Principal,epane@jcboe.org,239 Bergen Avenue," ",Jersey City,NJ,"=""07305""",239 Bergen Avenue," ",Jersey City,NJ,"=""07305""",Mr.,Eliud,Amaya,Anti-Bullying Specialist,,,,,"=""201-915-1504""",,,,,,,,,,,1,1,1,1,,,"=""""",,,
"=""17""",HUDSON,"=""2390""",Jersey City Public School District,"=""350""",James F. Murray School,Dr.,Sandra,Jones Laguay,School Principal,sjones@jcboe.org,339 STEGMAN PARKWAY," ",JERSEY CITY,NJ,"=""07305-1408""",339 STEGMAN PARKWAY," ",JERSEY CITY,NJ,"=""07305-1408""",Mr.,Talib,Ahmad,Anti-Bullying Specialist,,,,,"=""201-915-6620""",1,1,1,1,1,1,1,1,1,1,,,,,,,"=""02842""",,,
"=""17""",HUDSON,"=""2390""",Jersey City Public School District,"=""060""",James J Ferris High School,Ms.,Deneen,Burke,School Principal,dalford@jcboe.org,35 COLGATE ST," ",JERSEY CITY,NJ,"=""07302-3307""",35 COLGATE ST," ",JERSEY CITY,NJ,"=""07302-3307""",Ms.,Meridith,Pooler,Anti-Bullying Specialist,,,,,"=""201-915-6660""",,,,,,,,,,,1,1,1,1,,,"=""02774""",,,
"=""17""",HUDSON,"=""2390""",Jersey City Public School District,"=""360""",Joseph H. Brensinger School,Dr.,Robert,Brower,School Principal,rbrower@jcboe.org,600 BERGEN AVE," ",JERSEY CITY,NJ,"=""07304""",600 BERGEN AVE," ",JERSEY CITY,NJ,"=""07304""",Ms.,Emily,Landolfi,Anti-Bullying Specialist,,,,,"=""201-915-6120""",1,1,1,1,1,1,1,1,1,1,,,,,,,"=""02846""",,,
"=""17""",HUDSON,"=""2390""",Jersey City Public School District,"=""370""",Jotham W. Wakeman School,Mr.,Joseph,Apruzzese,School Principal,japruzzese@jcboe.org,100 ST PAULS AVE," ",JERSEY CITY,NJ,"=""07306-2208""",100 ST PAULS AVE," ",JERSEY CITY,NJ,"=""07306-2208""",Ms.,Tina,Barone,Anti-Bullying Specialist,,,,,"=""201-714-4310""",1,1,1,1,1,1,1,,,,,,,,,,"=""02848""",,,
"=""17""",HUDSON,"=""2390""",Jersey City Public School District,"=""150""",Julia A. Barnes School,Mr.,Donald,Howard Jr.,School Principal,dhoward@jcboe.org,91 ASTOR PLACE," ",JERSEY CITY,NJ,"=""07304-2920""",91 ASTOR PLACE," ",JERSEY CITY,NJ,"=""07304-2920""",Ms.,Danielle,Cordero,Anti-Bullying Specialist,,,,,"=""201-915-6420""",1,1,1,1,,,,,,,,,,,,,"=""02794""",,,
"=""17""",HUDSON,"=""2390""",Jersey City Public School District,"=""082""",Liberty High School,Ms.,Monica,Grazilla,School Principal,mgrazilla@jcboe.org,299 SIP AVENUE," ",JERSEY CITY,NJ,"=""07306""",299 SIP AVENUE," ",JERSEY CITY,NJ,"=""07306""",Mr.,Mark,Klein,Anti-Bullying Specialist,,,,,"=""201-714-4373""",,,,,,,,,,,1,1,1,1,,,"=""00391""",,,
"=""17""",HUDSON,"=""2390""",Jersey City Public School District,"=""070""",Lincoln High School,Mr.,Chris,Gadsden,School Principal,CGADSDEN@jcboe.org,60 CRESCENT AVE," ",JERSEY CITY,NJ,"=""07304-2925""",60 CRESCENT AVE," ",JERSEY CITY,NJ,"=""07304-2925""",Ms.,Revenna,Fowlkes,Anti-Bullying Specialist,,,,,"=""201-915-6700""",,,,,,,,,,,1,1,1,1,,,"=""02776""",,,
"=""17""",HUDSON,"=""2390""",Jersey City Public School District,"=""210""",Mahatma K. Gandhi School,Dr.,Peter,Mattaliano,School Principal,pmattaliano@jcboe.org,143 ROMAINE AVE," ",JERSEY CITY,NJ,"=""07306-5218""",143 ROMAINE AVE," ",JERSEY CITY,NJ,"=""07306-5218""",Ms.,Kristy,Cardinali,Anti-Bullying Specialist,,,,,"=""201-915-6490""",1,1,1,1,1,1,1,1,1,1,,,,,,,"=""02806""",,,
"=""17""",HUDSON,"=""2390""",Jersey City Public School District,"=""347""",Martin Center for the Arts,Ms.,Nancy,Rescigno,School Principal,nrescigno@jcboe.org,59 WILKINSON AVE," ",JERSEY CITY,NJ,"=""07305-4227""",59 WILKINSON AVE," ",JERSEY CITY,NJ,"=""07305-4227""",Ms.,Tesha,Mateo,Anti-Bullying Specialist,,,,,"=""201-915-6590""",1,1,1,1,1,1,1,1,1,1,,,,,,,"=""02838""",,,
"=""17""",HUDSON,"=""2390""",Jersey City Public School District,"=""140""","Martin Luther King, Jr. School",Dr.,Cleopatra,Wingard,School Principal,cwingard@jcboe.org,886 BERGEN AVE," ",JERSEY CITY,NJ,"=""07306-4302""",886 BERGEN AVE," ",JERSEY CITY,NJ,"=""07306-4302""",Ms.,PAPCUN-VAN SANT,SUSAN,Anti-Bullying Specialist,,,,,"=""201-915-6521""",1,1,1,1,1,1,1,1,1,1,,,,,,,"=""02792""",,,
"=""17""",HUDSON,"=""2390""",Jersey City Public School District,"=""105""",Middle School # 4,Mr.,Richard,Stellato,School Principal,rstellato@jcboe.org,107 BRIGHT STREET," ",JERSEY CITY,NJ,"=""07302""",107 BRIGHT STREET," ",JERSEY CITY,NJ,"=""07302""",Mr.,John,Bengen,Anti-Bullying Specialist,,,,,"=""201-946-5740""",,,,,,,,1,1,1,,,,,,,"=""00539""",,,
"=""17""",HUDSON,"=""2390""",Jersey City Public School District,"=""230""",Nicolaus Copernicus School,Ms.,Diane,Pistilli,School Principal,dpistilli@jcboe.org,3385 KENNEDY BLVD," ",JERSEY CITY,NJ,"=""07307-4210""",3385 KENNEDY BLVD," ",JERSEY CITY,NJ,"=""07307-4210""",Ms.,Laura,Medina,Anti-Bullying Specialist,,,,,"=""201-714-4340""",1,1,1,1,1,1,1,,,,,,,,,,"=""02810""",,,
"=""17""",HUDSON,"=""2390""",Jersey City Public School District,"=""160""","Ollie Culbreth, Jr. School",Ms.,Sharon,Abbruscato,School Principal,sabbruscato@jcboe.org,153 UNION ST," ",JERSEY CITY,NJ,"=""07304-2317""",153 UNION ST," ",JERSEY CITY,NJ,"=""07304-2317""",Mr.,Bhaskar,Singh,Anti-Bullying Specialist,,,,,"=""201-915-6430""",1,1,1,1,1,1,1,1,1,1,,,,,,,"=""02796""",,,
"=""17""",HUDSON,"=""2390""",Jersey City Public School District,"=""302""","Patricia M. Noonan School, PS #26",Dr.,Alan,Lamonica,School Principal,alamonica@jcboe.org,164 Laidlaw Ave," ",Jersey City,NJ,"=""07306""",164 Laidlaw Ave," ",Jersey City,NJ,"=""07306""",Ms.,Jennifer,Garrido,Anti-Bullying Specialist,,,,,"=""201-963-7160""",1,1,1,1,1,1,1,,,,,,,,,,"=""""",,,
"=""17""",HUDSON,"=""2390""",Jersey City Public School District,"=""280""",President Barack Obama Elementary School,Ms.,Janeen,Maniscalco,School Principal,jmaniscalco@jcboe.org,1830 KENNEDY BLVD," ",JERSEY CITY,NJ,"=""07305-2123""",1830 KENNEDY BLVD," ",JERSEY CITY,NJ,"=""07305-2123""",Ms.,Leonia,Holston,Anti-Bullying Specialist,,,,,"=""201-915-6550""",1,1,1,1,1,1,1,1,1,1,,,,,,,"=""02824""",,,
"=""17""",HUDSON,"=""2390""",Jersey City Public School District,"=""300""",Rafael Cordero y Molina,Mr.,Sergio,Cabrera,School Principal,scabrera@jcboe.org,158 ERIE ST," ",JERSEY CITY,NJ,"=""07302-1718""",158 ERIE ST," ",JERSEY CITY,NJ,"=""07302-1718""",Ms.,Theresa,Defelice,Anti-Bullying Specialist,,,,,"=""201-714-4390""",1,1,1,1,1,1,1,1,1,1,,,,,,,"=""02828""",,,
"=""17""",HUDSON,"=""2390""",Jersey City Public School District,"=""011""",Regional Day School,Ms.,Colleen,Henry,School Principal,chenry@jcboe.org,425 JOHNSTON AVENUE," ",JERSEY CITY,NJ,"=""07304""",425 JOHNSTON AVENUE," ",JERSEY CITY,NJ,"=""07304""",Ms.,Deborah,Levine,Anti-Bullying Specialist,,,,,"=""201-915-6165""",1,1,1,1,1,1,1,1,1,1,1,1,1,1,,,"=""05980""",,,
"=""17""",HUDSON,"=""2390""",Jersey City Public School District,"=""200""",Rev. Dr. Ercel F. Webb School,Dr.,Janine,Anderson,School Principal,janderson@jcboe.org,264 VAN HORNE STREET," ",JERSEY CITY,NJ,"=""07304""",264 VAN HORNE STREET," ",JERSEY CITY,NJ,"=""07304""",Ms.,Maria,Curcio,Anti-Bullying Specialist,,,,,"=""201-915-6480""",1,1,1,1,1,1,1,,,,,,,,,,"=""02804""",,,
"=""17""",HUDSON,"=""2390""",Jersey City Public School District,"=""170""","Whitney M. Young, Jr. School",Mr.,Rolanda,Terry,School Principal,rterry@jcboe.org,135 STEGMAN ST," ",JERSEY CITY,NJ,"=""07305-3208""",135 STEGMAN ST," ",JERSEY CITY,NJ,"=""07305-3208""",Ms.,Juanita,Ferdinand,Anti-Bullying Specialist,,,,,"=""201-915-6440""",1,1,1,1,1,1,1,1,1,1,,,,,,,"=""02798""",,,
"=""17""",HUDSON,"=""2390""",Jersey City Public School District,"=""080""",William L Dickinson High School,Mr.,Gekson,Casillas,School Principal,gcasillas@jcboe.org,2 PALISADE AVE," ",JERSEY CITY,NJ,"=""07306-1202""",2 PALISADE AVE," ",JERSEY CITY,NJ,"=""07306-1202""",Mr.,Robert,Maffia,Anti-Bullying Specialist,,,,,"=""201-714-4400""",,,,,,,,,,,1,1,1,1,,,"=""02780""",,,
"=""17""",HUDSON,"=""2410""",Kearny,"=""070""",Franklin Elementary School,Mrs.,Yvonne,Cali,School Principal,ycali@kearnyschools.com,100 DAVIS AVE," ",KEARNY,NJ,"=""07032-3328""",100 DAVIS AVE," ",KEARNY,NJ,"=""07032-3328""",Mrs.,Tiffany,Cascante,Anti-Bullying Specialist,,,,,"=""201-955-5020""",1,1,1,1,1,1,1,1,,,,,,,,,"=""02868""",,,
"=""17""",HUDSON,"=""2410""",Kearny,"=""080""",Garfield Elementary School,Dr.,Donna,Masters,School Principal,dmasters@kearnyschools.com,360 BELGROVE DR," ",KEARNY,NJ,"=""07032-1628""",360 BELGROVE DR," ",KEARNY,NJ,"=""07032-1628""",Ms.,Valerie,Balogh,Anti-Bullying Specialist,,,,,"=""201-955-5090""",1,1,1,1,1,1,1,1,,,,,,,,,"=""02870""",,,
"=""17""",HUDSON,"=""2410""",Kearny,"=""050""",Kearny High School,Mr.,Curtis,Brack,School Principal,cbrack@kearnyschools.com,336 DEVON ST," ",KEARNY,NJ,"=""07032-2612""",336 DEVON ST," ",KEARNY,NJ,"=""07032-2612""",Ms.,Denise,Pais-Sotelo,Anti-Bullying Specialist,,,,,"=""201-955-5050""",,,,,,,,,,,1,1,1,1,,,"=""02866""",,,
"=""17""",HUDSON,"=""2410""",Kearny,"=""090""",Lincoln Middle School,Mr.,James,Hempel,School Principal,jhempel@kearnyschools.com,121 BEECH ST," ",KEARNY,NJ,"=""07032-2707""",121 BEECH ST," ",KEARNY,NJ,"=""07032-2707""",Mr.,Anthony,Carratura,Anti-Bullying Specialist,,,,,"=""201-955-5095""",,,,,,,,,1,1,,,,,,,"=""02872""",,,
"=""17""",HUDSON,"=""2410""",Kearny,"=""100""",Roosevelt Elementary School,Mr.,Antonio,Moyano,School Principal,amoyano@kearnyschools.com,733 KEARNY AVE," ",KEARNY,NJ,"=""07032-3005""",733 KEARNY AVE," ",KEARNY,NJ,"=""07032-3005""",Ms.,Gabrielle,Figueroa,Anti-Bullying Specialist,,,,,"=""201-955-5100""",1,1,1,1,1,1,1,1,,,,,,,,,"=""02874""",,,
"=""17""",HUDSON,"=""2410""",Kearny,"=""110""",Schuyler Elementary School,Ms.,Valerie,Iacono,School Principal,viacono@kearnyschools.com,644 FOREST ST," ",KEARNY,NJ,"=""07032-3798""",644 FOREST ST," ",KEARNY,NJ,"=""07032-3798""",Ms.,Mary Jo,Prill,Anti-Bullying Specialist,,,,,"=""201-955-5105""",1,1,1,1,1,1,1,1,,,,,,,,,"=""02876""",,,
"=""17""",HUDSON,"=""2410""",Kearny,"=""120""",Washington Elementary School,Mr.,John,Adamski,School Principal,jadamski@kearnyschools.com,80 BELGROVE DR," ",KEARNY,NJ,"=""07032-1504""",80 BELGROVE DR," ",KEARNY,NJ,"=""07032-1504""",Ms.,Sima,Afayee,Anti-Bullying Specialist,,,,,"=""201-955-5100""",1,1,1,1,1,1,1,1,,,,,,,,,"=""02878""",,,
"=""17""",HUDSON,"=""3610""",North Bergen School District,"=""060""",Franklin Elementary School,Ms.,Hamza,Abdelhadi,School Principal,habdelhadi@northbergen.k12.nj.us,5211 Columbia Avenue," ",N BERGEN,NJ,"=""07047-5916""",5211 Columbia Avenue," ",N BERGEN,NJ,"=""07047-5916""",Mrs.,Seham,Abdelhay,Anti-Bullying Specialist,,,,,"=""201-974-7007""",1,1,1,1,1,1,1,1,,,,,,,,,"=""02882""",,,
"=""17""",HUDSON,"=""3610""",North Bergen School District,"=""070""",Horace Mann Elementary School,Ms.,Maria,Alonso,School Principal,malonso@northbergen.k12.nj.us,1215  83RD STREET," ",NORTH BERGEN,NJ,"=""07047-4215""",1215  83RD STREET," ",NORTH BERGEN,NJ,"=""07047-4215""",Mr.,Alex,Nunez,Anti-Bullying Specialist,,,,,"=""201-295-2880""",,1,1,1,1,1,1,1,,,,,,,,,"=""02886""",,,
"=""17""",HUDSON,"=""3610""",North Bergen School District,"=""080""",John F Kennedy Elementary School,Mr.,Frank,Bafumi,School Principal,fbafumi@northbergen.k12.nj.us,1210 11th ST," ",N BERGEN,NJ,"=""07047-1810""",1210 11th ST," ",N BERGEN,NJ,"=""07047-1810""",Ms.,Jesenia,Rivera,Anti-Bullying Specialist,,,,,"=""201-974-7000""",1,1,1,1,1,1,1,1,,,,,,,,,"=""02888""",,,
"=""17""",HUDSON,"=""3610""",North Bergen School District,"=""090""",Lincoln Elementary School,Mr.,Nicolas,Sacco Jr,School Principal,nsacco2@northbergen.k12.nj.us,1206 63RD ST," ",NORTH BERGEN,NJ,"=""07047-3408""",1206 63RD ST," ",NORTH BERGEN,NJ,"=""07047-3408""",Ms.,Destinee,Delgado,Anti-Bullying Specialist,,,,,"=""201-295-2850""",1,1,1,1,1,1,1,1,,,,,,,,,"=""02890""",,,
"=""17""",HUDSON,"=""3610""",North Bergen School District,"=""100""",McKinley Elementary School,Mr.,Joseph,Bartulovich,School Principal,jbartulovich@northbergen.k12.nj.us,3110 LIBERTY AVE," ",NORTH BERGEN,NJ,"=""07047-2319""",3110 LIBERTY AVE," ",NORTH BERGEN,NJ,"=""07047-2319""",Ms.,Seham,Escheik,Anti-Bullying Specialist,,,,,"=""201-974-7020""",1,1,1,1,1,1,1,1,,,,,,,,,"=""02892""",,,
"=""17""",HUDSON,"=""3610""",North Bergen School District,"=""050""",North Bergen High School,Mr.,Richard,Locricchio,School Principal,rlocricchio@northbergen.k12.nj.us,7417 KENNEDY BLVD," ",N BERGEN,NJ,"=""07047-5916""",7417 KENNEDY BLVD," ",N BERGEN,NJ,"=""07047-5916""",Ms.,Theresa,Rabelo,Anti-Bullying Specialist,,,,,"=""201-295-2800""",,,,,,,,,,,1,1,1,1,,,"=""02882""",,,
"=""17""",HUDSON,"=""3610""",North Bergen School District,"=""301""",North Bergen Junior High School,Mrs.,Adamarys,Galvin,School Principal,agalvin@northbergen.k12.nj.us,2000 85th Street," ",North Bergen,NJ,"=""07047""",2000 85th Street," ",North Bergen,NJ,"=""07047""",Mrs.,Diana,Englese,Anti-Bullying Specialist,,,,,"=""201-875-5020""",,,,,,,,,1,1,1,1,1,1,,,"=""""",,,
"=""17""",HUDSON,"=""3610""",North Bergen School District,"=""110""",Robert Fulton Elementary School,Ms.,Shareen,Shibli,School Principal,Sshibli@northbergen.k12.nj.us,7407 HUDSON AVE," ",NORTH BERGEN,NJ,"=""07047-5607""",7407 HUDSON AVE," ",NORTH BERGEN,NJ,"=""07047-5607""",Ms.,Carla,Deschamps,Anti-Bullying Specialist,,,,,"=""201-295-2900""",,1,1,1,1,1,1,1,,,,,,,,,"=""02894""",,,
"=""17""",HUDSON,"=""4730""",Secaucus School District,"=""065""",Clarendon School,Ms.,Christine,Candela,School Principal,ccandela@sboe.org,685 FIFTH ST," ",SECAUCUS,NJ,"=""07094-3004""",685 FIFTH ST," ",SECAUCUS,NJ,"=""07094-3004""",Ms.,DAWN,DOERING,Anti-Bullying Specialist,,,,,"=""201-974-2012""",,1,1,1,1,1,1,,,,,,,,,,"=""02902""",,,
"=""17""",HUDSON,"=""4730""",Secaucus School District,"=""070""",Huber Street School,Ms.,Robert,Valente,School Principal,rvalente@sboe.org,1520 PATERSON PLANK RD," ",SECAUCUS,NJ,"=""07094""",1520 PATERSON PLANK RD," ",SECAUCUS,NJ,"=""07094""",Ms.,JAMIE,VIGGIANO,Anti-Bullying Specialist,,,,,"=""201-974-2055""",1,1,1,1,1,1,1,,,,,,,,,,"=""02904""",,,
"=""17""",HUDSON,"=""4730""",Secaucus School District,"=""050""",Secaucus High School,Mr.,Steven,Viggiani,School Principal,sviggiani@sboe.org,11 MILL RIDGE ROAD," ",SECAUCUS,NJ,"=""07094""",11 MILL RIDGE ROAD," ",SECAUCUS,NJ,"=""07094""",Ms.,TARA,TAVARIS,Anti-Bullying Specialist,,,,,"=""201-974-2033""",,,,,,,,,,,1,1,1,1,,,"=""02900""",,,
"=""17""",HUDSON,"=""4730""",Secaucus School District,"=""080""",Secaucus Middle School,Dr.,Danielle,Garzon,School Principal,dgarzone@sboe.org,11 MILL RIDGE ROAD," ",SECAUCUS,NJ,"=""07094""",11 MILL RIDGE ROAD," ",SECAUCUS,NJ,"=""07094""",Ms.,Sara,Sciscilo,Anti-Bullying Specialist,,,,,"=""201-974-2025""",,,,,,,,1,1,1,,,,,,,"=""06059""",,,
"=""17""",HUDSON,"=""5240""",Union City School District,"=""300""",Colin Powell Elementary School,Mrs.,Teresita,Diaz,School Principal,tediaz@ucboe.us,1500 New York Avenue," ",Union City,NJ,"=""07087""",1500 New York Avenue," ",Union City,NJ,"=""07087""",Mrs.,Olga,Hernandez,Anti-Bullying Specialist,,,,,"=""201-351-5165""",,1,1,1,1,1,1,1,,,,,,,,,"=""""",,,
"=""17""",HUDSON,"=""5240""",Union City School District,"=""105""",Emerson Middle School,Mr.,Raymond,Coccioli,School Principal,rcoccioli@ucboe.us,318 - 18th Street," ",UNION CITY,NJ,"=""07087""",318 - 18th Street," ",UNION CITY,NJ,"=""07087""",Mr.,Edward,Amo-Krah,Anti-Bullying Specialist,,,,,"=""201-348-5900""",,,,,,,,,1,1,,,,,,,"=""00546""",,,
"=""17""",HUDSON,"=""5240""",Union City School District,"=""302""",Esther Salas Academy,Mrs.,Michele,Cowan,School Principal,mcowan@ucboe.us,516 36th Street," ",Union City,NJ,"=""07087""",516 36th Street," ",Union City,NJ,"=""07087""",Mrs.,Catherine,Kirby,Anti-Bullying Specialist,,,,,"=""201-271-2289""",,,,,,,,,1,1,1,,,,,,"=""""",,,
"=""17""",HUDSON,"=""5240""",Union City School District,"=""145""",Eugenio Maria de Hostos Center for Early Childhood Education,Mrs.,Adriana,Birne,School Principal,abirne@ucboe.us,2200 KENNEDY BLVD," ",UNION CITY,NJ,"=""07087""",2200 KENNEDY BLVD," ",UNION CITY,NJ,"=""07087""",Mrs.,Denise,Pertuz,Anti-Bullying Specialist,,,,,"=""201-271-2311""",1,1,,,,,,,,,,,,,,,"=""00819""",,,
"=""17""",HUDSON,"=""5240""",Union City School District,"=""120""",George Washington Elementary School,Mr.,Julio,Rivera,School Principal,arivera@ucboe.us,3905 NEW YORK AVE," ",UNION CITY,NJ,"=""07087-4821""",3905 NEW YORK AVE," ",UNION CITY,NJ,"=""07087-4821""",Mrs.,Jessica,Mederos,Anti-Bullying Specialist,,,,,"=""201-348-5829""",,1,1,1,1,1,1,1,,,,,,,,,"=""02922""",,,
"=""17""",HUDSON,"=""5240""",Union City School District,"=""303""",Hudson Elementary School,Ms.,EMAN,NAJJAR,Interim Principal,ENAJJAR@UCBOE.US,167 19TH ST," ",Union City,NJ,"=""07087""",167 19TH ST," ",Union City,NJ,"=""07087""",,EMAN,NAJJAR,Anti-Bullying Specialist,,SUSAN,POWERS,School Homeless Liaison,"=""201-624-9800""",1,1,1,1,1,1,1,1,,,,,,,,,"=""""",,,
"=""17""",HUDSON,"=""5240""",Union City School District,"=""054""",Jose Marti STEM Academy,Mr.,Rudy,Baez,School Principal,rbaez@ucboe.us,1800 SUMMIT AVE," ",UNION CITY,NJ,"=""07087""",1800 SUMMIT AVE," ",UNION CITY,NJ,"=""07087""",Mrs.,Aida,Mulvanerton,Anti-Bullying Specialist,Mr.,Susan,Powers,School Homeless Liaison,"=""201-348-5400""",,,,,,,,,,,1,1,1,1,,,"=""03074""",,,
"=""17""",HUDSON,"=""5240""",Union City School District,"=""130""",Robert Waters Elementary School,Dr.,Catherine,Kirby,School Principal,ckirby@ucboe.us,2800 SUMMIT AVE," ",UNION CITY,NJ,"=""07087-2323""",2800 SUMMIT AVE," ",UNION CITY,NJ,"=""07087-2323""",Mrs.,Barbara,Pinzon,Anti-Bullying Specialist,,,,,"=""201-348-5925""",1,1,1,1,1,1,1,1,,,,,,,,,"=""02924""",,,
"=""17""",HUDSON,"=""5240""",Union City School District,"=""140""",Sara M. Gilmore Academy,Mrs.,Michele,Cowan,School Principal,mcowan@ucboe.us,1700 Kerrigan Avenue," ",Union City,NJ,"=""07087""",1700 Kerrigan Avenue," ",Union City,NJ,"=""07087""",Mrs.,Jeanette,Torres,Anti-Bullying Specialist,,,,,"=""201-348-5851""",,,1,1,1,1,1,1,1,1,,,,,,,"=""00143""",,,
"=""17""",HUDSON,"=""5240""",Union City School District,"=""110""",Theodore Roosevelt Elementary School,Ms.,Martha,OConnell,School Principal,moconnell@ucboe.us,4507 HUDSON AVE," ",UNION CITY,NJ,"=""07087-6317""",4507 HUDSON AVE," ",UNION CITY,NJ,"=""07087-6317""",Mrs.,Anna,De La Torre,Anti-Bullying Specialist,,,,,"=""201-348-5971""",1,1,1,1,1,1,1,1,,,,,,,,,"=""02920""",,,
"=""17""",HUDSON,"=""5240""",Union City School District,"=""070""",Thomas A Edison Elementary School,Mr.,Waleed,Miqbel,School Principal,wmiqbel@ucboe.us,507 WEST ST," ",UNION CITY,NJ,"=""07087-2811""",507 WEST ST," ",UNION CITY,NJ,"=""07087-2811""",Mr.,Michael,Mabel,Anti-Bullying Specialist,,,,,"=""201-348-5965""",1,1,1,1,1,1,1,1,,,,,,,,,"=""02912""",,,
"=""17""",HUDSON,"=""5240""",Union City School District,"=""020""",Union City Evening High School,Mr.,Ryan,Lewis,School Principal,rlewis@ucboe.us,2215 Kerrigan Avenue," ",Union City,NJ,"=""07087""",2215 Kerrigan Avenue," ",Union City,NJ,"=""07087""",Mr.,Ryan,Lewis,Anti-Bullying Specialist,,,,,"=""201-601-3702""",,,,,,,,,,,,,,1,,,"=""""",,,
"=""17""",HUDSON,"=""5240""",Union City School District,"=""055""",Union City High School,Mr.,Ryan,Lewis,School Principal,rlewis@ucboe.us,2500 Kennedy Blvd," ",Union City,NJ,"=""07087""",2500 Kennedy Blvd," ",Union City,NJ,"=""07087""",Mrs.,Tanya,Canela,Anti-Bullying Specialist,,,,,"=""201-330-8678""",,,,,,,,,,,1,1,1,1,,,"=""03059""",,,
"=""17""",HUDSON,"=""5240""",Union City School District,"=""150""",Union Hill Middle School,Mr.,Michael,Abbato,School Principal,miabbato@ucboe.us,3800 HUDSON AVE," ",UNION CITY,NJ,"=""07087-6020""",3800 HUDSON AVE," ",UNION CITY,NJ,"=""07087-6020""",Mrs.,Roberta,Barfield,Anti-Bullying Specialist,,,,,"=""201-348-5936""",,,,,,,,,1,1,,,,,,,"=""03073""",,,
"=""17""",HUDSON,"=""5240""",Union City School District,"=""118""",Veterans' Memorial Elementary School,Ms.,Melissa,Brzuszkiewicz,School Principal,mbrzuszkiewicz@ucboe.us,1401 CENTRAL AVENUE," ",UNION CITY,NJ,"=""07087""",1401 CENTRAL AVENUE," ",UNION CITY,NJ,"=""07087""",Mrs.,Sandra,Lopez,Anti-Bullying Specialist,,,,,"=""201-348-2737""",1,1,1,1,1,1,1,1,,,,,,,,,"=""00715""",,,
"=""17""",HUDSON,"=""5580""",Weehawken Public School District,"=""070""",Daniel Webster School,Mrs.,Amani,Hassan,School Principal,ahassan@weehawken.k12.nj.us,2700  PALISADE AVE,"Daniel Webster School ",WEEHAWKEN,NJ,"=""07086""",2700  PALISADE AVE,"Daniel Webster School ",WEEHAWKEN,NJ,"=""07086""",Ms.,Melissa,Viera,Anti-Bullying Specialist,,,,,"=""201-422-6150""",1,1,1,1,,,,,,,,,,,,,"=""02930""",,,
"=""17""",HUDSON,"=""5580""",Weehawken Public School District,"=""080""",Theodore Roosevelt School,Mrs.,Suzanne,Mera,School Principal,smera@weehawken.k12.nj.us,1 LOUISA PLACE,"T. Roosevelt School ",WEEHAWKEN,NJ,"=""07086""",1 LOUISA PLACE,"T. Roosevelt School ",WEEHAWKEN,NJ,"=""07086""",Mr.,Cory,Ferrer,Anti-Bullying Specialist,,,,,"=""201-422-6140""",1,,,,1,1,1,1,,,,,,,,,"=""02932""",,,
"=""17""",HUDSON,"=""5580""",Weehawken Public School District,"=""050""",Weehawken High School,Mr.,Robert,Ferullo,School Principal,bferullo@weehawken.k12.nj.us,53 LIBERTY PLACE," ",WEEHAWKEN,NJ,"=""07086""",53 LIBERTY PLACE," ",WEEHAWKEN,NJ,"=""07086""",Ms.,Jenna,DeBari,Anti-Bullying Specialist,,,,,"=""201-422-6130""",1,,,,,,,,1,1,1,1,1,1,,,"=""02928""",,,
"=""17""",HUDSON,"=""5670""",West New York School District,"=""080""",Albio Sires Elementary School,Mrs.,Renee,Theobald-Rodriguez,School Principal,rtheobald@wnyschools.net,6300 PALISADE AVE," ",WEST NEW YORK,NJ,"=""07093-2318""",6300 PALISADE AVE," ",WEST NEW YORK,NJ,"=""07093-2318""",Ms.,Lindsay,Miksiewicz,Anti-Bullying Specialist,,,,,"=""201-553-4070""",,1,1,1,1,1,1,1,,,,,,,,,"=""02946""",https://www.facebook.com/WNYPS4,,
"=""17""",HUDSON,"=""5670""",West New York School District,"=""055""",Early Childhood School,Mrs.,Cara,Zebrowski,School Principal,czebrowski@wnyschools.net,5204 HUDSON AVE," ",WEST NEW YORK,NJ,"=""07093-2614""",5204 HUDSON AVE," ",WEST NEW YORK,NJ,"=""07093-2614""",Ms.,Vivian,Calunga,Anti-Bullying Specialist,,,,,"=""201-553-4035""",1,,,,,,,,,,,,,,,,"=""00445""",https://www.facebook.com/WNYECC,,
"=""17""",HUDSON,"=""5670""",West New York School District,"=""100""",Harry L Bain,Mr.,Robert,Reiman,School Principal,rreiman@wnyschools.net,6200 BROADWAY," ",WEST NEW YORK,NJ,"=""07093-2639""",6200 BROADWAY," ",WEST NEW YORK,NJ,"=""07093-2639""",Ms.,Sandra,Rivera,Anti-Bullying Specialist,,,,,"=""201-553-4095""",,1,1,1,1,1,1,1,,,,,,,,,"=""02950""",https://www.facebook.com/wnyhlb,,
"=""17""",HUDSON,"=""5670""",West New York School District,"=""050""",Memorial High School,Mr.,Brian,Cooney,School Principal,bcooney@wnyschools.net,5501 PARK AVE," ",WEST NEW YORK,NJ,"=""07093-3523""",5501 PARK AVE," ",WEST NEW YORK,NJ,"=""07093-3523""",Ms.,Migdalia,Mendoza-Gonzalez,Anti-Bullying Specialist,,,,,"=""201-553-4110""",,,,,,,,,,,1,1,1,1,,,"=""02938""",https://www.facebook.com/WNYMHS,,
"=""17""",HUDSON,"=""5670""",West New York School District,"=""090""",Public School Number Five,Mr.,Adam,Parkinson,School Principal,adparkinson@wnyschools.net,5401 HUDSON AVE," ",WEST NEW YORK,NJ,"=""07093-2617""",5401 HUDSON AVE," ",WEST NEW YORK,NJ,"=""07093-2617""",Ms.,Louisa,Arango,Anti-Bullying Specialist,,,,,"=""201-553-4080""",,1,1,1,1,1,1,1,,,,,,,,,"=""02948""",https://www.facebook.com/WNYPS5,,
"=""17""",HUDSON,"=""5670""",West New York School District,"=""060""",Public School Number One,,Scott,Cannao,School Principal,scannao@wnyschools.net,6129 MADISON ST," ",WEST NEW YORK,NJ,"=""07093-1512""",6129 MADISON ST," ",WEST NEW YORK,NJ,"=""07093-1512""",,Loren,Britez,Anti-Bullying Specialist,,,,,"=""201-553-4025""",,1,1,1,1,1,1,1,,,,,,,,,"=""02940""",https://www.facebook.com/WNYPS1,,
"=""17""",HUDSON,"=""5670""",West New York School District,"=""070""",Public School Number Three,Mrs.,Tara,Mantineo,School Principal,tmantineo@wnyschools.net,600 55TH ST," ",WEST NEW YORK,NJ,"=""07093-4626""",600 55TH ST," ",WEST NEW YORK,NJ,"=""07093-4626""",Mrs.,Tania,Guerrero,Anti-Bullying Specialist,,,,,"=""201-553-4060""",,1,1,1,1,1,1,1,,,,,,,,,"=""02944""",https://www.facebook.com/wnyps3,,
"=""17""",HUDSON,"=""5670""",West New York School District,"=""065""",Public School Number Two,,Alexander,Calderone,School Principal,acalderone@wnyschools.net,5200 BROADWAY," ",WEST NEW YORK,NJ,"=""07093-2638""",5200 BROADWAY," ",WEST NEW YORK,NJ,"=""07093-2638""",Dr.,Marilyn,Valenciano,Anti-Bullying Specialist,,,,,"=""201-553-4040""",,1,1,1,1,1,1,1,,,,,,,,,"=""02942""",https://www.facebook.com/WNYPS2,,
"=""17""",HUDSON,"=""5670""",West New York School District,"=""110""",West New York Middle School,Ms.,Kelly,Jameson,School Principal,kejameson@wnyschools.net,201 57TH ST," ",WEST NEW YORK,NJ,"=""07093-2705""",201 57TH ST," ",WEST NEW YORK,NJ,"=""07093-2705""",Mr.,Edwin,Gonzalez,Anti-Bullying Specialist,,,,,"=""201-553-4160""",,,,,,,,,1,1,,,,,,,"=""00547""",https://www.facebook.com/WNYMS,,
"=""19""",HUNTERDON,"=""0020""",Alexandria Township School District,"=""005""",Alexandria Township School,Mrs.,Erin,Durborow,School Principal,durborow@alexandriaschools.org,557 County Rd. 513," ",Pittstown,NJ,"=""08867-9508""",557 County Rd. 513," ",Pittstown,NJ,"=""08867-9508""",Dr.,Carly,Berstrom-Rosellini,Anti-Bullying Specialist,Dr.,Carly,Bergstrom-Rosellini,School Homeless Liaison,"=""908-996-6811""",1,1,1,1,1,1,1,1,1,1,,,,,,,"=""02954""",,,
"=""19""",HUNTERDON,"=""0370""",Bethlehem Township School District,"=""020""",Ethel Hoppock Middle School,Mrs.,Meaghan,Dagostino,School Principal,mdagostino@btschools.org,280 ASBURY  WEST PORTAL RD," ",ASBURY,NJ,"=""08802""",280 ASBURY  WEST PORTAL RD," ",ASBURY,NJ,"=""08802""",Ms.,Kamerone,Jeter,Anti-Bullying Specialist,,,,,"=""908-479-6336""",,,,,,,,1,1,1,,,,,,,"=""02958""",,,
"=""19""",HUNTERDON,"=""0370""",Bethlehem Township School District,"=""070""",Thomas B. Conley Elementary School,Ms.,Bree,Robinson,School Principal,bbrace@btschools.org,940 IRON BRIDGE RD," ",ASBURY,NJ,"=""08802-1135""",940 IRON BRIDGE RD," ",ASBURY,NJ,"=""08802-1135""",Ms.,Rebecca,Billera,Anti-Bullying Specialist,,,,,"=""908-537-4044""",1,1,1,1,1,1,1,,,,,,,,,,"=""05895""",,,
"=""19""",HUNTERDON,"=""0430""",Bloomsbury Borough School District,"=""020""",Bloomsbury Borough School,Dr.,Jenniffer,Marycz,Chief School Administrator,jmarycz@bburyes.org,20 Main Street," ",Bloomsbury,NJ,"=""08804-9538""",20 Main Street," ",Bloomsbury,NJ,"=""08804-9538""",Mrs.,Catherine,Lepage,Anti-Bullying Specialist,Dr.,Jenniffer,Marycz,School Homeless Liaison,"=""908-479-4414""",1,1,1,1,1,1,1,1,1,1,,,,,,,"=""02960""",,,
"=""19""",HUNTERDON,"=""0670""",Califon Borough School District,"=""030""",Califon Public School,Dr.,Lori,Jones,Chief School Administrator,CSA@califonschool.org,6 SCHOOL STREET," ",CALIFON,NJ,"=""07830-9044""",6 SCHOOL STREET," ",CALIFON,NJ,"=""07830-9044""",Mrs.,Christine,Sullivan,Anti-Bullying Specialist,,,,,"=""908-832-2828""",1,1,1,1,1,1,1,1,1,1,,,,,,,"=""02962""",https://www.facebook.com/CalifonPublicSchool,,https://x.com/califonstrong
"=""19""",HUNTERDON,"=""0920""",Clinton Township School District,"=""050""",Clinton Township Middle School,Mrs.,Christina,Hunte,School Principal,chunte@ctsdnj.org,34 GRAYROCK ROAD," ",CLINTON,NJ,"=""08809""",34 GRAYROCK ROAD," ",CLINTON,NJ,"=""08809""",Mr.,Greg,James,Anti-Bullying Specialist,,,,,"=""908-238-9141""",,,,,,,,1,1,1,,,,,,,"=""02935""",,,
"=""19""",HUNTERDON,"=""0920""",Clinton Township School District,"=""035""",Patrick McGaheran,Mrs.,Jennifer,Sernotti,School Principal,jsernotti@ctsdnj.org,63  ALLERTON ROAD," ",LEBANON,NJ,"=""08833""",63  ALLERTON ROAD," ",LEBANON,NJ,"=""08833""",Mrs.,Kerry,Mueller,Anti-Bullying Specialist,,,,,"=""908-735-5151""",,1,1,1,,,,,,,,,,,,,"=""06027""",,,
"=""19""",HUNTERDON,"=""0920""",Clinton Township School District,"=""040""",Round Valley,Mrs.,Janell,Smolk,School Principal,jsmolk@ctsdnj.org,128  COKESBURY RD," ",LEBANON,NJ,"=""08833""",128  COKESBURY RD," ",LEBANON,NJ,"=""08833""",Mr.,Alex,Ruttenberg,Anti-Bullying Specialist,,,,,"=""908-236-6341""",,,,,1,1,1,,,,,,,,,,"=""02970""",,,
"=""19""",HUNTERDON,"=""0920""",Clinton Township School District,"=""030""",Spruce Run,Mrs.,Melissa,Goad,School Principal,mgoad@ctsdnj.org,27 BELVIDERE AVENUE," ",CLINTON,NJ,"=""08809""",27 BELVIDERE AVENUE," ",CLINTON,NJ,"=""08809""",Mrs.,Stephanie,Rodrigues-silva,Anti-Bullying Specialist,,,,,"=""908-735-7916""",1,,,,,,,,,,,,,,,,"=""02968""",,,
"=""19""",HUNTERDON,"=""0910""",Clinton-Glen Gardner School District,"=""030""",Clinton Public School,Dr.,Seth,Cohen,School Administrator,scohen@cpsnj.org,10 SCHOOL STREET," ",CLINTON,NJ,"=""08809""",10 SCHOOL STREET," ",CLINTON,NJ,"=""08809""",Mrs.,Angela,McVerry,Anti-Bullying Specialist,,,,,"=""908-735-8512""",1,1,1,1,1,1,1,1,1,1,,,,,,,"=""02964""",,,
"=""19""",HUNTERDON,"=""1040""",Delaware Township School District,"=""040""",Delaware Township School,Mr.,Lipson,Scott,School Administrator,slipson@dtsk8nj.org,501 ROSEMONT  RINGOES ROAD,"P O  BOX 1000 ",SERGEANTSVILLE,NJ,"=""08557""",501 ROSEMONT  RINGOES ROAD,"P O  BOX 1000 ",SERGEANTSVILLE,NJ,"=""08557""",Ms.,Jessica,Prusina,Anti-Bullying Specialist,Mr.,Scott,Lipson,School Homeless Liaison,"=""609-397-3179""",1,1,1,1,1,1,1,1,1,1,,,,,,,"=""02974""",,,
"=""19""",HUNTERDON,"=""1050""",Delaware Valley Regional High School District,"=""040""",Delaware Valley Regional High School,Mr.,Michael,Kays,School Principal,michaelkays@dvrhs.k12.nj.us,19 Senator Stout Rd," ",Frenchtown,NJ,"=""08825""",19 Senator Stout Rd," ",Frenchtown,NJ,"=""08825""",Ms.,Amanda,Matlee,Anti-Bullying Specialist,,,,,"=""908-996-2131""",,,,,,,,,,,1,1,1,1,,,"=""02978""",,,
"=""19""",HUNTERDON,"=""1160""",East Amwell Township School District,"=""050""",East Amwell Township,Mr.,Timothy,Loveland,School Principal,tloveland@eastamwell.org,43 WERTSVILLE RD,"P O  BOX 680 ",RINGOES,NJ,"=""08551""",43 WERTSVILLE RD,"P O  BOX 680 ",RINGOES,NJ,"=""08551""",Ms.,Megan,Schmidt,Anti-Bullying Specialist,,,,,"=""908-782-6464""",1,1,1,1,1,1,1,1,1,1,,,,,,,"=""02980""",,,
"=""19""",HUNTERDON,"=""1510""",Flemington-Raritan Regional School District,"=""030""",Barley Sheaf Elementary School,Ms.,Amy,Switkes,School Principal,amy.switkesk@frsd.us,80 BARLEY SHEAF ROAD," ",FLEMINGTON,NJ,"=""08822-9180""",80 BARLEY SHEAF ROAD," ",FLEMINGTON,NJ,"=""08822-9180""",Ms.,Gina,Collins,Anti-Bullying Specialist,,,,,"=""908-284-7584""",1,1,1,1,1,1,,,,,,,,,,,"=""02984""",,,
"=""19""",HUNTERDON,"=""1510""",Flemington-Raritan Regional School District,"=""033""",Copper Hill Elementary School,Mr.,Jesse,Lockett,School Principal,jesse.lockett@frsd.us,100 Everitts Road," ",Ringoes,NJ,"=""08551-9180""",100 Everitts Road," ",Ringoes,NJ,"=""08551-9180""",Ms.,Rebecca,Moeri,Anti-Bullying Specialist,,,,,"=""908-284-7660""",1,1,1,1,1,1,,,,,,,,,,,"=""00145""",,,
"=""19""",HUNTERDON,"=""1510""",Flemington-Raritan Regional School District,"=""035""",Francis A. Desmares Elementary School,Mr.,Mark,Masessa,School Principal,mark.masessa@frsd.us,16 OLD CLINTON ROAD," ",FLEMINGTON,NJ,"=""08822-1325""",16 OLD CLINTON ROAD," ",FLEMINGTON,NJ,"=""08822-1325""",Ms.,Viviana,Moncada,Anti-Bullying Specialist,,,,,"=""908-284-7540""",1,1,1,1,1,1,,,,,,,,,,,"=""06086""",,,
"=""19""",HUNTERDON,"=""1510""",Flemington-Raritan Regional School District,"=""045""",J.P. Case Middle School,Mr.,Robert,Castellano,School Principal,Robert.Castellano@frsd.us,301 CASE BOULEVARD," ",FLEMINGTON,NJ,"=""08822""",301 CASE BOULEVARD," ",FLEMINGTON,NJ,"=""08822""",Ms.,Collette,Baills,Anti-Bullying Specialist,,,,,"=""908-284-7501""",,,,,,,,,1,1,,,,,,,"=""00541""",,,
"=""19""",HUNTERDON,"=""1510""",Flemington-Raritan Regional School District,"=""040""",Reading-Fleming Intermediate School,Dr.,Anthony,DeMarco,School Principal,anthony.demarco@frsd.us,50 COURT STREET," ",FLEMINGTON,NJ,"=""08822-1325""",50 COURT STREET," ",FLEMINGTON,NJ,"=""08822-1325""",Ms.,Heather,Albanese,Anti-Bullying Specialist,,,,,"=""908-284-7504""",,,,,,,1,1,,,,,,,,,"=""02986""",,,
"=""19""",HUNTERDON,"=""1510""",Flemington-Raritan Regional School District,"=""050""",Robert Hunter Elementary School,Ms.,Jessica,Braynor,Acting Principal,jessica.braynor@frsd.us,8 DAYTON ROAD," ",FLEMINGTON,NJ,"=""08822-9104""",8 DAYTON ROAD," ",FLEMINGTON,NJ,"=""08822-9104""",Ms.,Sarah,Fontanez,Anti-Bullying Specialist,,,,,"=""908-284-7620""",1,1,1,1,1,1,,,,,,,,,,,"=""02988""",,,
"=""19""",HUNTERDON,"=""1600""",Franklin Township School District,"=""050""",Franklin Township School,Mrs.,Jennifer,Aquino,School Principal,jaquino@ftschool.org,226 QUAKERTOWN ROAD,"P O  BOX 368 ",QUAKERTOWN,NJ,"=""08868-0368""",226 QUAKERTOWN ROAD,"P O  BOX 368 ",QUAKERTOWN,NJ,"=""08868-0368""",Mr.,Austin,Van-Spanje,Anti-Bullying Specialist,,,,,"=""908-735-7929""",1,1,1,1,1,1,1,1,1,1,,,,,,,"=""02990""",,,
"=""19""",HUNTERDON,"=""1680""",Frenchtown Borough School District,"=""050""",Frenchtown Elementary,Mr.,James,Hintenach,Chief School Administrator,jhintenach@frenchtownschool.org,902 HARRISON ST," ",FRENCHTOWN,NJ,"=""08825-1124""",902 HARRISON ST," ",FRENCHTOWN,NJ,"=""08825-1124""",Ms.,Katelynn,Yard,Anti-Bullying Specialist,Mrs.,Jennifer,Ege,School Homeless Liaison,"=""908-996-2751""",1,1,1,1,1,1,1,1,1,1,,,,,,,"=""02992""",https://www.facebook.com/056494134189,,
"=""19""",HUNTERDON,"=""1970""",Hampton Borough School District,"=""050""",Hampton Borough School,Mr.,Daniel,Kerr,Chief School Administrator,dkerr@hamptonpublicschool.org,32  41 SOUTH STREET," ",HAMPTON,NJ,"=""08827-9502""",32  41 SOUTH STREET," ",HAMPTON,NJ,"=""08827-9502""",Mr.,Daniel,Kerr,Anti-Bullying Specialist,,,,,"=""908-537-4101""",1,1,1,1,1,1,1,,,,,,,,,,"=""02996""",,,
"=""19""",HUNTERDON,"=""2140""",High Bridge Borough School District,"=""060""",High Bridge Elementary School,Mrs.,Katherine,Franks,School Principal,franksk@hbschools.org,40 FAIRVIEW AVENUE," ",HIGH BRIDGE,NJ,"=""08829-1503""",40 FAIRVIEW AVENUE," ",HIGH BRIDGE,NJ,"=""08829-1503""",Ms.,Megan,Gulevski,Anti-Bullying Specialist,,,,,"=""908-638-4105""",1,1,1,1,1,1,,,,,,,,,,,"=""03002""",,,
"=""19""",HUNTERDON,"=""2140""",High Bridge Borough School District,"=""055""",High Bridge Middle School,Dr.,Gregory,Hobaugh,School Principal,hobaughg@hbschools.org,50 THOMAS ST," ",HIGH BRIDGE,NJ,"=""08829-2010""",50 THOMAS ST," ",HIGH BRIDGE,NJ,"=""08829-2010""",Mrs.,Katherine,Franks,Anti-Bullying Specialist,,,,,"=""908-638-4101""",,,,,,,1,1,1,1,,,,,,,"=""03000""",,,
"=""19""",HUNTERDON,"=""2220""",Holland Township School District,"=""060""",Holland Township Elementary School,Mr.,Kristopher,Boganski,School Principal,kboga@hollandschool.org,710 MILFORD  WARREN GLEN ROAD," ",MILFORD,NJ,"=""08848""",710 MILFORD  WARREN GLEN ROAD," ",MILFORD,NJ,"=""08848""",Mrs.,Jennifer,Leap,Anti-Bullying Specialist,,,,,"=""908-995-2401""",1,1,1,1,1,1,1,1,1,1,,,,,,,"=""03004""",,,
"=""19""",HUNTERDON,"=""2300""",Hunterdon Central Regional High School District,"=""050""",Hunterdon Central Regional High School District,Mr.,Edward,Brandt,School Principal,ebrandt@hcrhs.org,84 Route 31," ",Flemington,NJ,"=""08822-1239""",84 State Highway 31," ",FLEMINGTON,NJ,"=""08822-1239""",Mr.,Kristina,Ferguson,Anti-Bullying Specialist,,,,,"=""908-782-5727""",,,,,,,,,,,1,1,1,1,,,"=""03006""",,,
"=""19""",HUNTERDON,"=""2305""",Hunterdon County Educational Services Commission,"=""085""",ESC Academy,Mr.,Dennis,Schiller,School Principal,dschiller@hunterdonesc.org,37 Hoffmans Crossing Road," ",Califon,NJ,"=""07830""",37 Hoffmans Crossing Road," ",Califon,NJ,"=""07830""",Mr.,David,Lutzky,Anti-Bullying Specialist,,,,,"=""908-439-3703""",,,,,,,,1,1,1,1,1,1,1,,,"=""06116""",,,
"=""19""",HUNTERDON,"=""2308""",Hunterdon County Vocational School District,"=""300""",Hunterdon County Academies,Dr.,Todd,Bonsall,School Principal,tbonsall@hcvsd.org,1445 State Route 31," ",Annandale,NJ,"=""08801""",10 Junction Rd," ",Flemington,NJ,"=""08822""",Mrs.,Courtney,Spalter,Anti-Bullying Specialist,,,,,"=""908-788-1119""",,,,,,,,,,,1,1,1,1,,,"=""""",,,
"=""19""",HUNTERDON,"=""2308""",Hunterdon County Vocational School District,"=""090""",Hunterdon County Vocational School District Adult School,Ms.,Christina,Shockley,School Director,cshockley@hcvsd.org,2 Regional Road," ",Annandale,NJ,"=""08801""",10 Junction Rd," ",Flemington,NJ,"=""08822""",Mrs.,Courtney,Spalter,Anti-Bullying Specialist,,,,,"=""908-788-1119""",,,,,,,,,,,,,,1,,,"=""""",,,
"=""19""",HUNTERDON,"=""2308""",Hunterdon County Vocational School District,"=""050""",Hunterdon County Vocational School District Central Campus,Dr.,Todd,Bonsall,Chief School Administrator,tbonsall@hcvsd.org,10 Junction Rd," ",FLEMINGTON,NJ,"=""08822""",10 Junction Rd," ",FLEMINGTON,NJ,"=""08822""",Mrs.,Courtney,Spalter,Anti-Bullying Specialist,,,,,"=""908-284-1444""",,,,,,,,,,,1,1,1,1,,,"=""00021""",,,
"=""19""",HUNTERDON,"=""2308""",Hunterdon County Vocational School District,"=""030""",Hunterdon Polytech North Campus,Dr.,Todd,Bonsall,Chief School Administrator,tbonsall@hcvsd.org,2 Regional Road," ",Annandale,NJ,"=""08801""",10 Junction Road," ",Flemington,NJ,"=""08822""",Mrs.,Courtney,Spalter,Anti-Bullying Specialist,,,,,"=""908-248-1444""",,,,,,,,,,,1,1,1,1,,,"=""00716""",,,
"=""19""",HUNTERDON,"=""2450""",Kingwood Township School District,"=""050""",Kingwood Township School,Mr.,Christopher,Keri,School Principal,ckeri@kingwoodschool.org,880 COUNTY ROAD 519," ",FRENCHTOWN,NJ,"=""08825-9731""",880 COUNTY ROAD 519," ",FRENCHTOWN,NJ,"=""08825-9731""",Ms.,Jennifer,Petronzi,Anti-Bullying Specialist,,,,,"=""908-996-2941""",1,1,1,1,1,1,1,1,1,1,,,,,,,"=""03008""",,,
"=""19""",HUNTERDON,"=""2590""",Lebanon Borough School District,"=""050""",Lebanon Borough School,Mr.,Bruce,Arcurio,Chief School Administrator,barcurio@lebanonschool.org,6 MAPLE ST," ",LEBANON,NJ,"=""08833-2118""",6 MAPLE ST," ",LEBANON,NJ,"=""08833-2118""",Mrs.,Lila,Kosciolek,Anti-Bullying Specialist,,,,,"=""908-236-2448""",1,1,1,1,1,1,1,,,,,,,,,,"=""03012""",,,
"=""19""",HUNTERDON,"=""2600""",Lebanon Township School District,"=""060""",Valley View School,Dr.,Harold,Abraham,School Principal,habraham@lebtwpk8.org,400 ROUTE 513," ",CALIFON,NJ,"=""07830-9231""",400 ROUTE 513," ",CALIFON,NJ,"=""07830-9231""",Ms.,Megan,Wade,Anti-Bullying Specialist,,,,,"=""908-832-2175""",1,1,1,1,1,1,,,,,,,,,,,"=""03018""",,,
"=""19""",HUNTERDON,"=""2600""",Lebanon Township School District,"=""050""",Woodglen School,Ms.,Patricia,Bell,School Principal,pbell@lebtwpk8.org,70 BUNNVALE ROAD," ",CALIFON,NJ,"=""07830-9231""",70 BUNNVALE ROAD," ",CALIFON,NJ,"=""07830-9231""",Mrs.,Rachel,Melick,Anti-Bullying Specialist,,,,,"=""908-638-4111""",,,,,,,1,1,1,1,,,,,,,"=""03016""",,,
"=""19""",HUNTERDON,"=""3180""",Milford Borough School District,"=""050""",Milford Public School,Mr.,Erik,Falkenstein,Chief School Administrator,rfalkenstein@milfordpublicschool.com,7 HILLSIDE AVENUE," ",MILFORD,NJ,"=""08848-9459""",7 HILLSIDE AVENUE," ",MILFORD,NJ,"=""08848-9459""",Mrs.,Jennifer,Petronzi,Anti-Bullying Specialist,,,,,"=""908-995-4349""",1,1,1,1,1,1,1,,,,,,,,,,"=""03020""",,,
"=""19""",HUNTERDON,"=""3660""",North Hunterdon-Voorhees Regional High School District,"=""050""",North Hunterdon High School Regional High School District,Mr.,Timothy,Flynn,School Principal,tflynn@nhvweb.net,1445 State Route 31," ",Annandale,NJ,"=""08801""",1445 State Route 31," ",Annandale,NJ,"=""08801""",Ms.,Tara,Kraatz,Anti-Bullying Specialist,,,,,"=""908-735-5191""",,,,,,,,,,,1,1,1,1,,,"=""03024""",,,
"=""19""",HUNTERDON,"=""3660""",North Hunterdon-Voorhees Regional High School District,"=""060""",Voorhees High School,Mr.,Ronald,Peterson,School Principal,rpeterson@nhvweb.net,256 County Route 513," ",Glen Gardner,NJ,"=""08826-9529""",256 County Route 513," ",Glen Gardner,NJ,"=""08826-9529""",Ms.,Marcella,Grau,Anti-Bullying Specialist,,,,,"=""908-638-6116""",,,,,,,,,,,1,1,1,1,,,"=""03026""",,,
"=""19""",HUNTERDON,"=""4350""",Readington Township School District,"=""030""",Holland Brook School,Dr.,Jonathan,Moss,School Principal,jmoss@readington.k12.nj.us,52 READINGTON ROAD," ",WHITEHOUSE STATION,NJ,"=""08889""",PO BOX 1500," ",WHITEHOUSE STATION,NJ,"=""08889""",Ms.,Christine,Crielly,Anti-Bullying Specialist,,,,,"=""908-823-0454""",,,,,,1,1,,,,,,,,,,"=""00311""",,https://www.instagram.com/hollandbrookbobcats,https://x.com/hbsbobcats
"=""19""",HUNTERDON,"=""4350""",Readington Township School District,"=""050""",Readington Middle School,Mr.,Timothy,Charleston,School Principal,tcharleston@readington.k12.nj.us,48 READINGTON RD," ",WHITEHOUSE STATION,NJ,"=""08889""",PO BOX 700," ",WHITEHOUSE STATION,NJ,"=""08889""",Mr.,Paul,Smith,Anti-Bullying Specialist,,,,,"=""908-534-2113""",,,,,,,,1,1,1,,,,,,,"=""03030""",,https://www.instagram.com/RMS_Vikings,
"=""19""",HUNTERDON,"=""4350""",Readington Township School District,"=""060""",Three Bridges School,Dr.,Kristen,Higgins,School Principal,khiggins@readington.k12.nj.us,480 MAIN STREET," ",THREE BRIDGES,NJ,"=""08887""",PO BOX 443," ",THREE BRIDGES,NJ,"=""08887""",Mrs.,Elizabeth,Furka,Anti-Bullying Specialist,,,,,"=""908-782-2141""",1,1,1,1,1,,,,,,,,,,,,"=""03032""",https://www.facebook.com/TbsTiger,https://www.instagram.com/tbstigers,https://x.com/TBStiger
"=""19""",HUNTERDON,"=""4350""",Readington Township School District,"=""070""",Whitehouse School,Dr.,Ann,DeRosa,School Principal,aderosa@readington.k12.nj.us,50 WHITEHOUSE AVE," ",WHITEHOUSE STATION,NJ,"=""08889-0157""",PO BOX 157," ",WHITEHOUSE STATION,NJ,"=""08889-0157""",Ms.,Keri,Morabito,Anti-Bullying Specialist,,,,,"=""908-534-4411""",1,1,1,1,1,,,,,,,,,,,,"=""03034""",,https://www.instagram.com/cubsofcharacter,https://x.com/cubsofcharacter
"=""19""",HUNTERDON,"=""1376""",South Hunterdon Regional School District,"=""301""",South Hunterdon Regional Elementary School,Mrs.,Wanda,Quinones,School Principal,wanda.quinones@shrsd.org,200 N. Main St," ",Lambertville,NJ,"=""08530""",200 N. Main St," ",Lambertville,NJ,"=""08530""",Mrs.,Melissa,Cortina,Anti-Bullying Specialist,,,,,"=""609-397-0183""",1,1,1,1,1,1,,,,,,,,,,,"=""06176""",,,
"=""19""",HUNTERDON,"=""1376""",South Hunterdon Regional School District,"=""050""",South Hunterdon Regional High School,Mr.,Adam,Wright,School Principal,adam.wright@shrsd.org,301 Mt Airy Harbourton Rd," ",Lambertville,NJ,"=""08530""",301 Mt Airy Harbourton Rd," ",Lambertville,NJ,"=""08530""",Mr.,Bay,Pedersen,Anti-Bullying Specialist,,,,,"=""609-397-2060""",,,,,,,,,,,1,1,1,1,,,"=""""",,,
"=""19""",HUNTERDON,"=""1376""",South Hunterdon Regional School District,"=""302""",South Hunterdon Regional Middle School,Ms.,Jennifer,MacKnight,School Principal,jennifer.macknight@shrsd.org,170 Rocktown-Lambertville Road," ",Lambertville,NJ,"=""08530""",170 Rocktown-Lambertville Road," ",Lambertville,NJ,"=""08530""",Ms.,Briana,Arcieri,Anti-Bullying Specialist,,,,,"=""609-397-0819""",,,,,,,1,1,1,1,,,,,,,"=""""",,,
"=""19""",HUNTERDON,"=""5180""",Tewksbury Township School District,"=""030""",Old Turnpike School,Dr.,Michael,Mitchell,School Principal,mmitchell@tewksburyschools.org,171 OLD TURNPIKE ROAD," ",CALIFON,NJ,"=""07830""",171 OLD TURNPIKE ROAD," ",CALIFON,NJ,"=""07830""",Ms.,Katherine,Gould,Anti-Bullying Specialist,,,,,"=""908-439-2010""",,,,,,,1,1,1,1,,,,,,,"=""03042""",,,
"=""19""",HUNTERDON,"=""5180""",Tewksbury Township School District,"=""055""",Tewksbury Elementary School,Ms.,Lisa,Moore,School Principal,lmoore@tewksburyschools.org,109 FAIRMOUNT ROAD EAST," ",CALIFON,NJ,"=""07830""",109 FAIRMOUNT ROAD EAST," ",CALIFON,NJ,"=""07830""",Ms.,Sheila,Donovan,Anti-Bullying Specialist,,,,,"=""908-832-2594""",1,1,1,1,1,1,,,,,,,,,,,"=""00545""",,,
"=""19""",HUNTERDON,"=""5270""",Union Township School District,"=""060""",Union Township Elementary School,Mr.,Steven,Fiedeldey,School Principal,sfiedeldey@uniontwpschool.org,149 PERRYVILLE ROAD," ",HAMPTON,NJ,"=""08827""",149 PERRYVILLE ROAD," ",HAMPTON,NJ,"=""08827""",Mrs.,Erin,Casellini,Anti-Bullying Specialist,,,,,"=""908-735-5511""",1,1,1,1,1,,,,,,,,,,,,"=""00805""",,,
"=""19""",HUNTERDON,"=""5270""",Union Township School District,"=""050""",Union Township Middle School,Mrs.,Kerry,Foote,School Principal,kfoote@uniontwpschool.org,165 PERRYVILLE ROAD," ",HAMPTON,NJ,"=""08827-9715""",165 PERRYVILLE ROAD," ",HAMPTON,NJ,"=""08827-9715""",Mrs.,Chelsea,Giunta,Anti-Bullying Specialist,,,,,"=""908-735-5511""",,,,,,1,1,1,1,1,,,,,,,"=""03046""",,,
"=""21""",MERCER,"=""3105""",Area Vocational Technical School District of Mercer County,"=""040""",MCVS Arthur R. Sypek Center,Mr.,Jared,Warren,School Principal,jwarren@mcts.edu,129 BULL RUN ROAD," ",PENNINGTON,NJ,"=""08534-1303""",129 BULL RUN ROAD," ",PENNINGTON,NJ,"=""08534-1303""",Mr.,Dana,Tanzini,Anti-Bullying Specialist,,,,,"=""609-737-9784""",,,,,,,,,,,,,1,1,,,"=""03178""",,,
"=""21""",MERCER,"=""3105""",Area Vocational Technical School District of Mercer County,"=""030""",MCVS Assunpink Shared Time Center/Rubino,Dr.,Phillip,Crisostomo,School Principal,pcrisostomo@mcts.edu,1085 Old Trenton Rd," ",Trenton,NJ,"=""08690-1303""",1085 Old Trenton Rd," ",Trenton,NJ,"=""08534-1303""",Ms.,Gabriella,Stinger,Anti-Bullying Specialist,,,,,"=""609-586-2129""",,,,,,,,,1,1,1,1,1,1,,,"=""03178""",,,
"=""21""",MERCER,"=""3105""",Area Vocational Technical School District of Mercer County,"=""300""",Mercer County Technical School Culinary Arts Academy,Mr.,Jared,Warren,School Principal,jwarren@mcts.edu,129 Bull Run Road," ",Pennington,NJ,"=""08534""",129 Bull Run Road," ",Pennington,NJ,"=""08534""",Ms.,Dana,Tanzini,Anti-Bullying Specialist,,,,,"=""609-737-9784""",,,,,,,,,,,1,1,1,1,,,"=""""",,,
"=""21""",MERCER,"=""3105""",Area Vocational Technical School District of Mercer County,"=""304""",Mercer County Technical School Health Sciences Academy,Dr.,Phillip,Crisostomo,School Principal,pcrisostomo@mcts.edu,1085 Old Trenton Road," ",Trenton,NJ,"=""08690""",1085 Old Trenton Road," ",Trenton,NJ,"=""08690""",Ms.,Gabriella,Stinger,Anti-Bullying Specialist,,,,,"=""609-586-5144""",,,,,,,,,,,1,1,1,1,,,"=""""",,,
"=""21""",MERCER,"=""3105""",Area Vocational Technical School District of Mercer County,"=""302""",Mercer County Technical School STEM Academy,Mr.,Jared,Warren,School Principal,jwarren@mcts.edu,129 Bull Run Road," ",Pennington,NJ,"=""08534""",129 Bull Run Road," ",Pennington,NJ,"=""08534""",Ms.,Dana,Tanzini,Anti-Bullying Specialist,,,,,"=""609-737-9784""",,,,,,,,,,,1,1,1,1,,,"=""""",,,
"=""21""",MERCER,"=""1245""",East Windsor Regional School District,"=""055""",Ethel McKnight Elementary School,Ms.,Nicole,Foulks,School Principal,nfoulks@ewrsd.k12.nj.us,58 TWIN RIVERS DR   SOUTH," ",EAST WINDSOR,NJ,"=""08520""",58 TWIN RIVERS DR   SOUTH," ",EAST WINDSOR,NJ,"=""08520""",Mrs.,Jennifer,Snyder,Anti-Bullying Specialist,,,,,"=""609-443-7800""",,1,1,1,,,,,,,,,,,,,"=""03056""",,,
"=""21""",MERCER,"=""1245""",East Windsor Regional School District,"=""060""",Grace N. Rogers Elementary School,Mrs.,Lori,Emmerson,School Principal,lemmerson@ewrsd.k12.nj.us,380 STOCKTON ST," ",HIGHTSTOWN,NJ,"=""08520""",380 STOCKTON ST," ",HIGHTSTOWN,NJ,"=""08520""",Ms.,Hillary,Stryker,Anti-Bullying Specialist,,,,,"=""609-443-7833""",1,,,,1,1,1,,,,,,,,,,"=""03058""",,,
"=""21""",MERCER,"=""1245""",East Windsor Regional School District,"=""050""",Hightstown High School,Dr.,Jonathan,Dauber,School Principal,jdauber@ewrsd.k12.nj.us,25 LESHIN LANE," ",HIGHTSTOWN,NJ,"=""08520-4006""",25 LESHIN LANE," ",HIGHTSTOWN,NJ,"=""08520-4006""",Ms.,Lisa,Moscoso,Anti-Bullying Specialist,,,,,"=""609-443-7738""",,,,,,,,,,,1,1,1,1,,,"=""03054""",,,
"=""21""",MERCER,"=""1245""",East Windsor Regional School District,"=""070""",Melvin H. Kreps Middle School,Dr.,Alba,Lugo,School Principal,alugo@ewrsd.k12.nj.us,5 KENT LANE," ",EAST WINDSOR,NJ,"=""08520""",5 KENT LANE," ",EAST WINDSOR,NJ,"=""08520""",Mr.,Jonathan,Basmagy,Anti-Bullying Specialist,,,,,"=""609-443-7767""",,,,,,,,1,1,1,,,,,,,"=""03060""",,,
"=""21""",MERCER,"=""1245""",East Windsor Regional School District,"=""075""",Perry L. Drew Elementary School,Ms.,Jazmyn,Allen,School Principal,jnallen@ewrsd.k12.nj.us,70 TWIN RIVERS DRIVE NORTH," ",EAST WINDSOR,NJ,"=""08520""",70 TWIN RIVERS DRIVE NORTH," ",EAST WINDSOR,NJ,"=""08520""",Ms.,Lisa,Rogers,Anti-Bullying Specialist,,,,,"=""609-443-7820""",,,,,1,1,1,,,,,,,,,,"=""03062""",,,
"=""21""",MERCER,"=""1245""",East Windsor Regional School District,"=""080""",Walter C. Black Elementary School,Ms.,Heather,Gladkowski,School Principal,hgladkowski@ewrsd.k12.nj.us,371 STOCKTON STREET," ",HIGHTSTOWN,NJ,"=""08520""",371 STOCKTON STREET," ",HIGHTSTOWN,NJ,"=""08520""",Ms.,Whitney,Conley,Anti-Bullying Specialist,,,,,"=""609-443-7816""",,1,1,1,,,,,,,,,,,,,"=""03064""",,,
"=""21""",MERCER,"=""1430""",Ewing Township School District,"=""050""",Ewing High School,Ms.,Lisa,Sabo,School Principal,lsabo@ewingboe.org,900 PARKWAY AVE," ",EWING,NJ,"=""08618-2308""",900 PARKWAY AVE," ",EWING,NJ,"=""08618-2308""",Mrs.,Kelly,Kawalek,Anti-Bullying Specialist,,,,,"=""609-538-9800""",,,,,,,,,,,1,1,1,1,,,"=""03068""",,,
"=""21""",MERCER,"=""1430""",Ewing Township School District,"=""105""",Francis Lore Elementary School,Ms.,Alicia,Mackall,School Principal,amackall@ewingboe.org,13 WESTWOOD DRIVE," ",EWING,NJ,"=""08628-1912""",13 WESTWOOD DRIVE," ",EWING,NJ,"=""08628-1912""",Ms.,Christine,Meekins,Anti-Bullying Specialist,,,,,"=""609-538-9800""",1,1,1,1,1,1,1,,,,,,,,,,"=""03076""",,,
"=""21""",MERCER,"=""1430""",Ewing Township School District,"=""060""",Gilmore J Fisher Middle School,Dr.,Maggy,Hanna,School Principal,mhanna@ewingboe.org,1325 LOWER FERRY ROAD," ",EWING,NJ,"=""08618-1409""",1325 LOWER FERRY ROAD," ",EWING,NJ,"=""08618-1409""",Ms.,Rebecca,Romanko,Anti-Bullying Specialist,,,,,"=""609-538-9800""",,,,,,,,1,1,1,,,,,,,"=""03070""",,,
"=""21""",MERCER,"=""1430""",Ewing Township School District,"=""130""",Parkway Elementary School,Mrs.,Michelle,Conway,School Principal,mconway@ewingboe.org,446 PARKWAY AVENUE," ",EWING,NJ,"=""08618-2605""",446 PARKWAY AVENUE," ",EWING,NJ,"=""08618-2605""",Mr.,Robert,Odri,Anti-Bullying Specialist,,,,,"=""609-538-9800""",1,1,1,1,1,1,1,,,,,,,,,,"=""03082""",,,
"=""21""",MERCER,"=""1430""",Ewing Township School District,"=""140""",William L Antheil Elementary School,Mr.,Clifford,Harrison,School Principal,charrison@ewingboe.org,339 EWINGVILLE ROAD," ",EWING,NJ,"=""08638-1721""",339 EWINGVILLE ROAD," ",EWING,NJ,"=""08638-1721""",Mrs.,Leah,Rodriguez,Anti-Bullying Specialist,,,,,"=""609-538-9800""",1,1,1,1,1,1,1,,,,,,,,,,"=""03086""",,,
"=""21""",MERCER,"=""1950""",Hamilton Township Public School District,"=""070""",Albert E Grice Middle School,Mr.,Dwayne,Walker,School Principal,dwalker@htsdnj.org,901 WHITEHORSE HAMILTON SQ," ",HAMILTON,NJ,"=""08610-1426""",901 WHITEHORSE HAMILTON SQ," ",HAMILTON,NJ,"=""08610-1426""",Ms.,Andrea,Garvey,Anti-Bullying Specialist,,,,,"=""609-631-4152""",,,,,,,,1,1,1,,,,,,,"=""03094""",,,
"=""21""",MERCER,"=""1950""",Hamilton Township Public School District,"=""085""",Alexander Elementary School,Mr.,Joseph,Bookholdt,School Principal,jbookholdt@htsdnj.org,20 ROBERT FROST DRIVE," ",HAMILTON,NJ,"=""08690-2331""",20 ROBERT FROST DRIVE," ",HAMILTON,NJ,"=""08690-2331""",Ms.,Megan,Carrigg,Anti-Bullying Specialist,,,,,"=""609-631-4148""",1,1,1,1,1,1,1,,,,,,,,,,"=""03100""",,,
"=""21""",MERCER,"=""1950""",Hamilton Township Public School District,"=""080""",Emily C. Reynolds Middle School,Mrs.,Patricia,Landolfi-Collins,School Principal,pcollins@htsdnj.org,2145 YARDVILLE HAMILTON SQ," ",HAMILTON,NJ,"=""08690""",2145 YARDVILLE HAMILTON SQ," ",HAMILTON,NJ,"=""08690""",Ms.,Daralynne,McCaughey,Anti-Bullying Specialist,,,,,"=""609-631-4162""",,,,,,,,1,1,1,,,,,,,"=""03096""",,,
"=""21""",MERCER,"=""1950""",Hamilton Township Public School District,"=""105""",George E. Wilson Elementary School,Ms.,Dereth,Sanchez-Ahmed,School Principal,dsanchez-ahmed@htsdnj.org,600 Park Avenue," ",HAMILTON,NJ,"=""08610-5012""",600 Park Avenue," ",HAMILTON,NJ,"=""08610-5012""",Mr.,Brendan,Maurice,Anti-Bullying Specialist,,,,,"=""609-631-4169""",1,1,1,1,1,1,1,,,,,,,,,,"=""03130""",,,
"=""21""",MERCER,"=""1950""",Hamilton Township Public School District,"=""110""",Greenwood Elementary School,Dr.,Nicole,Dickens-Simon,School Principal,ndickens-simon@htsdnj.org,2069 GREENWOOD AVENUE," ",HAMILTON,NJ,"=""08609-2328""",2069 GREENWOOD AVENUE," ",HAMILTON,NJ,"=""08609-2328""",Ms.,Ranea,Fouratt,Anti-Bullying Specialist,,,,,"=""609-631-4151""",1,1,1,1,1,1,1,,,,,,,,,,"=""03104""",,,
"=""21""",MERCER,"=""1950""",Hamilton Township Public School District,"=""050""",Hamilton East - Steinert,Mr.,Bryan,Rogers,School Principal,brogers@htsdnj.org,2900 KLOCKNER ROAD," ",HAMILTON,NJ,"=""08690""",2900 KLOCKNER ROAD," ",HAMILTON,NJ,"=""08690""",Ms.,Gerri,Leone,Anti-Bullying Specialist,,,,,"=""609-631-4150""",,,,,,,,,,,1,1,1,1,,,"=""03090""",,,
"=""21""",MERCER,"=""1950""",Hamilton Township Public School District,"=""055""",Hamilton North - Nottingham,Mr.,Frank,Ragazzo,School Principal,fragazzo@htsdnj.org,1055 KLOCKNER ROAD," ",HAMILTON,NJ,"=""08619-3046""",1055 KLOCKNER ROAD," ",HAMILTON,NJ,"=""08619-3046""",Ms.,Jo Anne,Parker,Anti-Bullying Specialist,,,,,"=""609-631-4161""",,,,,,,,,,,1,1,1,1,,,"=""05933""",,,
"=""21""",MERCER,"=""1950""",Hamilton Township Public School District,"=""060""",Hamilton West-Watson,Mr.,Brian,Smith,School Principal,bsmith@htsdnj.org,2720 SOUTH CLINTON AVENUE," ",HAMILTON,NJ,"=""08610-5053""",2720 SOUTH CLINTON AVENUE," ",HAMILTON,NJ,"=""08610-5053""",Ms.,Lauren,Petraglia,Anti-Bullying Specialist,,,,,"=""609-631-4168""",,,,,,,,,,,1,1,1,1,,,"=""03092""",,,
"=""21""",MERCER,"=""1950""",Hamilton Township Public School District,"=""150""",Kisthardt Elementary School,Ms.,Diana,Vasil,School Principal,dvasil@htsdnj.org,215 HARCOURT DRIVE," ",HAMILTON,NJ,"=""08610-4213""",215 HARCOURT DRIVE," ",HAMILTON,NJ,"=""08610-4213""",Ms.,Kiera,McKee,Anti-Bullying Specialist,,,,,"=""609-631-4153""",1,1,1,1,1,1,1,,,,,,,,,,"=""03106""",,,
"=""21""",MERCER,"=""1950""",Hamilton Township Public School District,"=""160""",Klockner Elementary School,Dr.,Rashaan,Monroe,School Principal,rmonroe@htsdnj.org,830 KLOCKNER AVENUE," ",HAMILTON,NJ,"=""08619-2933""",830 KLOCKNER AVENUE," ",HAMILTON,NJ,"=""08619-2933""",Ms.,Mia,Long,Anti-Bullying Specialist,,,,,"=""609-631-4154""",1,1,1,1,1,1,1,,,,,,,,,,"=""03108""",,,
"=""21""",MERCER,"=""1950""",Hamilton Township Public School District,"=""170""",Kuser Elementary School,Ms.,Nydia,Peake,School Principal,npeake@htsdnj.org,70 NEWKIRK AVENUE," ",HAMILTON,NJ,"=""08629-1428""",70 NEWKIRK AVENUE," ",HAMILTON,NJ,"=""08629-1428""",Ms.,Jazmin,Roman,Anti-Bullying Specialist,,,,,"=""609-631-4155""",1,1,1,1,1,1,1,,,,,,,,,,"=""03110""",,,
"=""21""",MERCER,"=""1950""",Hamilton Township Public School District,"=""180""",Lalor Elementary School,Ms.,Jennifer,Marinello,School Principal,jmarinello@htsdnj.org,25 BARNT DEKLYN ROAD," ",HAMILTON,NJ,"=""08610-6632""",25 BARNT DEKLYN ROAD," ",HAMILTON,NJ,"=""08610-6632""",Ms.,Elizabeth,FrancoKopec,Anti-Bullying Specialist,,,,,"=""609-631-4156""",1,1,1,1,1,1,1,,,,,,,,,,"=""03112""",,,
"=""21""",MERCER,"=""1950""",Hamilton Township Public School District,"=""185""",Langtree Elementary School,Ms.,Joyce,Gallo,School Principal,jgallo@htsdnj.org,2080 WHATLEY ROAD," ",HAMILTON,NJ,"=""08690-3142""",2080 WHATLEY ROAD," ",HAMILTON,NJ,"=""08690-3142""",Ms.,Barbara,Zukas,Anti-Bullying Specialist,,,,,"=""609-631-4157""",,1,1,1,1,1,1,,,,,,,,,,"=""03114""",,,
"=""21""",MERCER,"=""1950""",Hamilton Township Public School District,"=""200""",McGalliard Elementary School,Ms.,Barbara,Morales,School Principal,bmorales@htsdnj.org,1600 ARENA DRIVE," ",HAMILTON,NJ,"=""08610-3205""",1600 ARENA DRIVE," ",HAMILTON,NJ,"=""08610-3205""",Ms.,Marcie,Tandy,Anti-Bullying Specialist,,,,,"=""609-631-4158""",,1,1,1,1,1,1,,,,,,,,,,"=""03116""",,,
"=""21""",MERCER,"=""1950""",Hamilton Township Public School District,"=""210""",Mercerville Elementary School,Mr.,Donna,Scarabaggio,School Principal,dscarabaggio@htsdnj.org,60 REGINA AVENUE," ",HAMILTON,NJ,"=""08619-2202""",60 REGINA AVENUE," ",HAMILTON,NJ,"=""08619-2202""",Ms.,Lauren,Tormey,Anti-Bullying Specialist,,,,,"=""609-631-4159""",,1,1,1,1,1,1,,,,,,,,,,"=""03118""",,,
"=""21""",MERCER,"=""1950""",Hamilton Township Public School District,"=""220""",Morgan Elementary School,Mr.,Michael,Giambelluca,School Principal,mgiambelluca@htsdnj.org,38 STAMFORD ROAD," ",HAMILTON,NJ,"=""08619-1446""",38 STAMFORD ROAD," ",HAMILTON,NJ,"=""08619-1446""",Mr.,Andrew,Moticha,Anti-Bullying Specialist,,,,,"=""609-631-4160""",,1,1,1,1,1,1,,,,,,,,,,"=""03120""",,,
"=""21""",MERCER,"=""1950""",Hamilton Township Public School District,"=""083""",Richard C Crockett Middle School,Mr.,Matthew,Finacchio,School Principal,mfinacchio@htsdnj.org,2631 KUSER ROAD," ",HAMILTON,NJ,"=""08691""",2631 KUSER ROAD," ",HAMILTON,NJ,"=""08691""",Ms.,Sarah,Loonan,Anti-Bullying Specialist,,,,,"=""609-631-4149""",,,,,,,,1,1,1,,,,,,,"=""06049""",,,
"=""21""",MERCER,"=""1950""",Hamilton Township Public School District,"=""225""",Robinson Elementary School,Ms.,Kristia,Greenberg,School Principal,kgreenberg@htsdnj.org,495 GROPP AVENUE," ",HAMILTON,NJ,"=""08610-2020""",495 GROPP AVENUE," ",HAMILTON,NJ,"=""08610-2020""",Ms.,Karen,Campioni,Anti-Bullying Specialist,,,,,"=""609-631-4163""",,1,1,1,1,1,1,,,,,,,,,,"=""03122""",,,
"=""21""",MERCER,"=""1950""",Hamilton Township Public School District,"=""240""",Sayen Elementary School,Ms.,Jessica,Young,School Principal,jyoung@htsdnj.org,3333 NOTTINGHAM WAY," ",HAMILTON,NJ,"=""08690-2603""",3333 NOTTINGHAM WAY," ",HAMILTON,NJ,"=""08690-2603""",Ms.,Jennifer,Hill,Anti-Bullying Specialist,,,,,"=""609-631-4164""",,1,1,1,1,1,1,,,,,,,,,,"=""03124""",,,
"=""21""",MERCER,"=""1950""",Hamilton Township Public School District,"=""245""",Sunnybrae Elementary School,Mr.,Roberto,Kesting,School Principal,rkesting@htsdnj.org,166 ELTON AVENUE," ",HAMILTON,NJ,"=""08620-1622""",166 ELTON AVENUE," ",HAMILTON,NJ,"=""08620-1622""",Ms.,Marcie,Bruey,Anti-Bullying Specialist,,,,,"=""609-631-4166""",,1,1,1,1,1,1,,,,,,,,,,"=""03126""",,,
"=""21""",MERCER,"=""1950""",Hamilton Township Public School District,"=""250""",University Heights Elementary School,Dr.,Michelle,Dailey,School Principal,mdailey@htsdnj.org,645 PAXSON AVENUE," ",HAMILTON,NJ,"=""08619""",645 PAXSON AVENUE," ",HAMILTON,NJ,"=""08619""",Ms.,Erin,Cosentino,Anti-Bullying Specialist,,,,,"=""609-631-4167""",1,1,1,1,1,1,1,,,,,,,,,,"=""03128""",,,
"=""21""",MERCER,"=""1950""",Hamilton Township Public School District,"=""260""",Yardville Elementary School,Mr.,Richard,Czyz,School Principal,rczyz@htsdnj.org,450 YARDVILLE  ALLENTOWN RD," ",HAMILTON,NJ,"=""08620""",450 YARDVILLE  ALLENTOWN RD," ",HAMILTON,NJ,"=""08620""",Ms.,Elizabeth,Lillo,Anti-Bullying Specialist,,,,,"=""609-631-4170""",1,1,1,1,1,1,1,,,,,,,,,,"=""03130""",,,
"=""21""",MERCER,"=""1950""",Hamilton Township Public School District,"=""270""",Yardville Heights Elementary School,Mr.,Jason,Chirichella,School Principal,jchirichella@htsdnj.org,3880 SOUTH BROAD STREET," ",HAMILTON,NJ,"=""08620-2502""",3880 SOUTH BROAD STREET," ",HAMILTON,NJ,"=""08620-2502""",Ms.,Jacqueline,Espenhorst,Anti-Bullying Specialist,,,,,"=""609-631-4171""",1,1,1,1,1,1,1,,,,,,,,,,"=""03132""",,,
"=""21""",MERCER,"=""2280""",Hopewell Valley Regional School District,"=""035""",Bear Tavern Elementary School,Mr.,Jay,Billy,School Principal,jaybilly@hvrsd.org,1162 BEAR TAVERN ROAD," ",TITUSVILLE,NJ,"=""08560-9633""",1162 BEAR TAVERN ROAD," ",TITUSVILLE,NJ,"=""08560-9633""",Ms.,Caitlin,Mastrangelo,Anti-Bullying Specialist,,,,,"=""609-737-4005""",1,1,1,1,1,1,1,,,,,,,,,,"=""03138""",,,
"=""21""",MERCER,"=""2280""",Hopewell Valley Regional School District,"=""055""",Hopewell Elementary School,Mr.,Scott,Brettell,School Principal,scottbrettell@hvrsd.org,35 PRINCETON AVENUE," ",HOPEWELL,NJ,"=""08525""",35 PRINCETON AVENUE," ",HOPEWELL,NJ,"=""08525""",Ms.,Ashley,LaRose,Anti-Bullying Specialist,,,,,"=""609-737-4007""",1,1,1,1,1,1,1,,,,,,,,,,"=""03142""",,,
"=""21""",MERCER,"=""2280""",Hopewell Valley Regional School District,"=""030""",Hopewell Valley Central High School,Ms.,Patricia,Riley,School Principal,patriciariley@hvrsd.org,259 PENNINGTON TITUSVILLE RD," ",PENNINGTON,NJ,"=""08534-9701""",259 PENNINGTON TITUSVILLE RD," ",PENNINGTON,NJ,"=""08534-9701""",Mr.,Christopher,Velderman,Anti-Bullying Specialist,,,,,"=""609-737-4003""",,,,,,,,,,,1,1,1,1,,,"=""03136""",,,
"=""21""",MERCER,"=""2280""",Hopewell Valley Regional School District,"=""065""",Stony Brook Elementary School,Ms.,Nicole,Gianfredi,School Principal,nicolegianfredi@hvrsd.org,20 STEPHENSON ROAD," ",PENNINGTON,NJ,"=""08534""",20 STEPHENSON ROAD," ",PENNINGTON,NJ,"=""08534""",Ms.,Alyssa,Ranallo,Anti-Bullying Specialist,,,,,"=""609-737-4006""",1,1,1,1,1,1,1,,,,,,,,,,"=""00503""",,,
"=""21""",MERCER,"=""2280""",Hopewell Valley Regional School District,"=""075""",Timberlane Middle School,Mr.,Christopher,Turnbull,School Principal,christopherturnbull@hvrsd.org,51 S  TIMBERLANE DRIVE," ",PENNINGTON,NJ,"=""08534-1614""",51 S  TIMBERLANE DRIVE," ",PENNINGTON,NJ,"=""08534-1614""",Ms.,Jodi,Capman,Anti-Bullying Specialist,,,,,"=""609-737-4004""",,,,,,,,1,1,1,,,,,,,"=""03146""",,,
"=""21""",MERCER,"=""2280""",Hopewell Valley Regional School District,"=""040""",Toll Gate Grammar School,Ms.,Melissa,Lauri,School Principal,melissalauri@hvrsd.org,275 SO  MAIN STREET," ",PENNINGTON,NJ,"=""08534-2219""",275 SO  MAIN STREET," ",PENNINGTON,NJ,"=""08534-2219""",Ms.,Courtney,Schaefer,Anti-Bullying Specialist,,,,,"=""609-737-4008""",1,1,1,1,1,1,1,,,,,,,,,,"=""03140""",,,
"=""21""",MERCER,"=""2580""",Lawrence Township Public School District,"=""070""",Ben Franklin Elementary,Mr.,Geoffrey,Hewitt,School Principal,ghewitt@ltps.org,2939 PRINCETON PIKE," ",LAWRENCEVILLE,NJ,"=""08648-3224""",2939 PRINCETON PIKE," ",LAWRENCEVILLE,NJ,"=""08648-3224""",Ms.,Megan,Umbach,Anti-Bullying Specialist,,,,,"=""609-671-5540""",1,1,1,1,1,,,,,,,,,,,,"=""03156""",,,
"=""21""",MERCER,"=""2580""",Lawrence Township Public School District,"=""080""",Eldridge Park School,Ms.,Amy,Amiet,School Principal,aamiet@ltps.org,55 LAWN PARK AVE," ",LAWRENCEVILLE,NJ,"=""08648""",55 LAWN PARK AVE," ",LAWRENCEVILLE,NJ,"=""08648""",Mrs.,Patricia,Burns,Anti-Bullying Specialist,,,,,"=""609-671-5560""",1,1,1,1,1,,,,,,,,,,,,"=""06069""",,,
"=""21""",MERCER,"=""2580""",Lawrence Township Public School District,"=""040""",Lawrence High School,Dr.,David,Adam,School Principal,dadam@ltps.org,2525 PRINCETON PIKE," ",LAWRENCEVILLE,NJ,"=""08648-3631""",2525 PRINCETON PIKE," ",LAWRENCEVILLE,NJ,"=""08648-3631""",Mr.,Christian,D'Angelo,Anti-Bullying Specialist,,,,,"=""609-671-5510""",1,,,,,,,,,,1,1,1,1,,,"=""03152""",,,
"=""21""",MERCER,"=""2580""",Lawrence Township Public School District,"=""085""",Lawrence Intermediate School,Mrs.,Sharin,Rello,School Principal,srello@ltps.org,66 EGGERTS CROSSING ROAD," ",LAWRENCEVILLE,NJ,"=""08648-2804""",66 EGGERTS CROSSING ROAD," ",LAWRENCEVILLE,NJ,"=""08648-2804""",Ms.,Brittany,Myers,Anti-Bullying Specialist,,,,,"=""609-671-5530""",,,,,,1,1,1,,,,,,,,,"=""03160""",,,
"=""21""",MERCER,"=""2580""",Lawrence Township Public School District,"=""050""",Lawrence Middle School,Ms.,Mindy,Milavsky,School Principal,mmilavsky@ltps.org,2455 PRINCETON PIKE," ",LAWRENCEVILLE,NJ,"=""08648-3938""",2455 PRINCETON PIKE," ",LAWRENCEVILLE,NJ,"=""08648-3938""",Ms.,Taylor,Gallant,Anti-Bullying Specialist,,,,,"=""609-671-5520""",,,,,,,,,1,1,,,,,,,"=""03154""",,,
"=""21""",MERCER,"=""2580""",Lawrence Township Public School District,"=""090""",Lawrenceville Elementary School,Mrs.,Kristin,Burke,School Principal,kburke@ltps.org,40 CRAVEN LANE," ",LAWRENCEVILLE,NJ,"=""08648-1637""",40 CRAVEN LANE," ",LAWRENCEVILLE,NJ,"=""08648-1637""",Ms.,Melissa,Wall,Anti-Bullying Specialist,,,,,"=""609-671-5570""",1,1,1,1,1,,,,,,,,,,,,"=""03162""",,,
"=""21""",MERCER,"=""2580""",Lawrence Township Public School District,"=""100""",Slackwood Elementary School,Ms.,Ebony,Lattimer,School Principal,elattimer@ltps.org,2060 PRINCETON PIKE," ",LAWRENCEVILLE,NJ,"=""08648-4324""",2060 PRINCETON PIKE," ",LAWRENCEVILLE,NJ,"=""08648-4324""",Ms.,Kristin,Hopson,Anti-Bullying Specialist,,,,,"=""609-671-5580""",1,1,1,1,1,,,,,,,,,,,,"=""03164""",,,
"=""21""",MERCER,"=""1431""",Marie H. Katzenbach School for the Deaf,"=""300""",Marie H Katzenbach Elementary School for the Deaf,Ms.,Jody,Caseiro,School Principal,jody.caseiro@mksd.org,320 Sullivan Way," ",Ewing,NJ,"=""08628-3405""",P.O. Box 535," ",Trenton,NJ,"=""08625-0535""",Ms.,Kathryn,Schreiber,Anti-Bullying Specialist,,,,,"=""609-530-3130""",1,1,1,1,1,1,1,,,,,,,,,,"=""""",https://www.facebook.com/mksdnjsdofficialpage,https://www.instagram.com/mksdnjsd,https://x.com/katzenbachNJSD
"=""21""",MERCER,"=""1431""",Marie H. Katzenbach School for the Deaf,"=""001""",Marie H Katzenbach Middle/High School,Ms.,Susan,Keltgen,School Principal,susan.keltgen@mksd.org,320 Sullivan Way," ",Ewing,NJ,"=""08628-3405""",P.O. Box 535," ",Trenton,NJ,"=""08625-0535""",Mrs.,Lauren,Boose,Anti-Bullying Specialist,,,,,"=""609-530-3130""",,,,,,,,1,1,1,1,1,1,1,,,"=""""",https://www.facebook.com/mksdnjsdofficialpage,https://www.instagram.com/mksdnjsd,https://x.com/katzenbachNJSD
"=""21""",MERCER,"=""3103""",Mercer County Special Services School District,"=""050""",Joseph F. Cappello School,Ms.,Carline,Mirthil,School Principal,cmirthil@mcsssd.us,1072 Old Trenton Road," ",Hamilton,NJ,"=""08690""",1072 Old Trenton Road," ",Hamilton,NJ,"=""08690""",,Cathy,Smeresky,Anti-Bullying Specialist,,,,,"=""609-588-8485""",1,1,1,1,1,,,,,,,,,,,,"=""05952""",,,
"=""21""",MERCER,"=""3103""",Mercer County Special Services School District,"=""070""",Mercer Elementary School,Ms.,Tammy,Lascar,School Principal,tlascar@mcsssd.us,1020 Old Trenton Road," ",Hamilton,NJ,"=""08690""",1020 Old Trenton Road," ",Hamilton,NJ,"=""08690""",,Amy,Felsher,Anti-Bullying Specialist,,,,,"=""609-570-1120""",,,,,1,1,1,1,1,1,,,,,,,"=""06119""",,,
"=""21""",MERCER,"=""3103""",Mercer County Special Services School District,"=""055""",Mercer High School,Mr.,Brian,Kozakowski,School Principal,bkozakowski@mcsssd.us,1030 Old Trenton Road," ",Hamilton,NJ,"=""08690-1230""",1030 Old Trenton Road," ",Hamilton,NJ,"=""08690-1230""",Ms.,Heidi,Musick,Anti-Bullying Specialist,,,,,"=""609-588-8454""",,,,,,,,,,,1,1,1,1,,,"=""06013""",,,
"=""21""",MERCER,"=""4255""",Princeton Public School District,"=""110""",Community Park School,Mrs.,Dineen,Gruchacz,School Principal,dineengruchacz@princetonk12.org,372 WITHERSPOON STREET," ",PRINCETON,NJ,"=""08540-3477""",372 WITHERSPOON STREET," ",PRINCETON,NJ,"=""08540-3477""",Mrs.,Elizabeth,Cameron,Anti-Bullying Specialist,,,,,"=""609-806-4230""",1,1,1,1,1,1,1,,,,,,,,,,"=""03192""",,,
"=""21""",MERCER,"=""4255""",Princeton Public School District,"=""070""",Johnson Park School,Ms.,Stacy,Young,School Principal,stacyyoung@princetonk12.org,285 ROSEDALE ROAD," ",PRINCETON,NJ,"=""08540""",285 ROSEDALE ROAD," ",PRINCETON,NJ,"=""08540""",Mrs.,Kristin,Whitmore,Anti-Bullying Specialist,,,,,"=""609-806-4240""",1,1,1,1,1,1,1,,,,,,,,,,"=""00067""",,,
"=""21""",MERCER,"=""4255""",Princeton Public School District,"=""080""",Littlebrook School,Mr.,TBD,TBD,School Principal,TBD@princetonk12.org,39 MAGNOLIA LANE," ",PRINCETON,NJ,"=""08540-4013""",39 MAGNOLIA LANE," ",PRINCETON,NJ,"=""08540-4013""",Ms.,Jennifer,Walters,Anti-Bullying Specialist,,,,,"=""609-806-4250""",1,1,1,1,1,1,1,,,,,,,,,,"=""06034""",,,
"=""21""",MERCER,"=""4255""",Princeton Public School District,"=""050""",Princeton High School,Ms.,Cecilia,Birge,School Principal,ceciliabirge@princetonk12.org,151 MOORE STREET," ",PRINCETON,NJ,"=""08540-3312""",151 MOORE STREET," ",PRINCETON,NJ,"=""08540-3312""",Ms.,Diana,Lygas,Anti-Bullying Specialist,,,,,"=""609-806-4280""",,,,,,,,,,,1,1,1,1,,,"=""03182""",,,
"=""21""",MERCER,"=""4255""",Princeton Public School District,"=""085""",Princeton Middle School,Mr.,Jason,Burr,School Principal,jasonburr@princetonk12.org,217 WALNUT LANE," ",PRINCETON,NJ,"=""08540""",217 WALNUT LANE," ",PRINCETON,NJ,"=""08540""",Ms.,Vanessa,Bernal,Anti-Bullying Specialist,,,,,"=""609-806-4270""",,,,,,,,1,1,1,,,,,,,"=""03188""",,,
"=""21""",MERCER,"=""4255""",Princeton Public School District,"=""090""",Riverside School,Mr.,Max,Achtau,School Principal,maxachtau@princetonk12.org,58 RIVERSIDE DRIVE," ",PRINCETON,NJ,"=""08540-5425""",58 RIVERSIDE DRIVE," ",PRINCETON,NJ,"=""08540-5425""",Mr.,Ben,Samara,Anti-Bullying Specialist,,,,,"=""609-806-4260""",1,1,1,1,1,1,1,,,,,,,,,,"=""03190""",,,
"=""21""",MERCER,"=""5510""",Robbinsville Public School District,"=""040""",Pond Road Middle School,Mr.,Paul,Gizzo,School Principal,gizzo.paul@robbinsvillek12.gov,150 POND ROAD," ",ROBBINSVILLE,NJ,"=""08691""",150 POND ROAD," ",ROBBINSVILLE,NJ,"=""08691""",Mrs.,Lainie,Potter,Anti-Bullying Specialist,,,,,"=""609-632-0940""",1,,,,,,1,1,1,1,,,,,,,"=""00146""",,,
"=""21""",MERCER,"=""5510""",Robbinsville Public School District,"=""030""",Robbinsville High School,Ms.,Molly,Avery,School Principal,avery.molly@robbinsvillek12.gov,155 ROBBINSVILLE EDINBURG RD," ",ROBBINSVILLE,NJ,"=""08691""",155 ROBBINSVILLE EDINBURG RD," ",ROBBINSVILLE,NJ,"=""08691""",Mrs.,Anna,Hernandez,Anti-Bullying Specialist,,,,,"=""609-632-0950""",,,,,,,,,,,1,1,1,1,,,"=""00549""",,,
"=""21""",MERCER,"=""5510""",Robbinsville Public School District,"=""050""",Sharon School,Mrs.,Nicole,Bootier,School Administrator,bootier.nicole@robbinsvillek12.gov,234 SHARON ROAD," ",ROBBINSVILLE,NJ,"=""08691-9741""",234 SHARON ROAD," ",ROBBINSVILLE,NJ,"=""08691-9741""",Ms.,Jennifer,Ricciardi,Anti-Bullying Specialist,,,,,"=""609-632-0960""",1,1,1,1,1,1,,,,,,,,,,,"=""03252""",,,
"=""21""",MERCER,"=""5210""",Trenton Public School District,"=""307""",Arthur J. Holland Middle School,Mrs.,Melissa,Updegraff-Wyatt,School Principal,mwyatt@trenton.k12.nj.us,1001 West State St," ",Trenton,NJ,"=""08618""",1001 West State St," ",Trenton,NJ,"=""08618""",Ms.,Kristin,Ekstrom,Anti-Bullying Specialist,,,,,"=""609-656-4770""",,,,,,,,,1,1,,,,,,,"=""06144""",,,
"=""21""",MERCER,"=""5210""",Trenton Public School District,"=""250""",Battle Monument Intermediate School,Dr.,Najla,Solomon,School Principal,nsolomon@trenton.k12.nj.us,145 PENNINGTON AVENUE," ",TRENTON,NJ,"=""08618""",145 PENNINGTON AVENUE," ",TRENTON,NJ,"=""08618""",Ms.,Farah,Parker,Anti-Bullying Specialist,,,,,"=""609-503-9941""",,,,,,1,1,1,,,,,,,,,"=""03232""",,,
"=""21""",MERCER,"=""5210""",Trenton Public School District,"=""210""",Benjamin C Gregory Elementary School,Mrs.,Jeannette,McGill Harris,School Principal,jharris@trenton.k12.nj.us,500 RUTHERFORD AVENUE," ",TRENTON,NJ,"=""08618-4459""",500 RUTHERFORD AVENUE," ",TRENTON,NJ,"=""08618-4459""",Ms.,Paule,Toussaint,Anti-Bullying Specialist,,,,,"=""609-656-4740""",,1,1,1,1,,,,,,,,,,,,"=""03222""",,,
"=""21""",MERCER,"=""5210""",Trenton Public School District,"=""160""",Cadwalader Elementary School,Ms.,Alicia,Costanza,School Principal,acostanza@trenton.k12.nj.us,501 EDGEWOOD AVENUE," ",TRENTON,NJ,"=""08618""",501 EDGEWOOD AVENUE," ",TRENTON,NJ,"=""08618""",,Jessica,Hammond,Anti-Bullying Specialist,,,,,"=""609-656-4850""",,1,1,1,1,,,,,,,,,,,,"=""03214""",,,
"=""21""",MERCER,"=""5210""",Trenton Public School District,"=""030""",Capital City High School,Mr.,Dana,Williams,School Principal,dwilliamson@trenton.k12.nj.us,135 E. Hanover Street," ",TRENTON,NJ,"=""08618""",135 E. Hanover Street," ",TRENTON,NJ,"=""08618""",Mr.,Marc,Freeman,Anti-Bullying Specialist,,,,,"=""609-256-8190""",,,,,,,,,,,1,1,1,1,,,"=""00449""",,,
"=""21""",MERCER,"=""5210""",Trenton Public School District,"=""280""",Carroll Robbins Elementary School,Mrs.,Zebbie,Belton,School Principal,zbelton@trenton.k12.nj.us,283 TYLER STREET," ",TRENTON,NJ,"=""08609""",283 TYLER STREET," ",TRENTON,NJ,"=""08609""",Mr.,Jane,Taylor,Anti-Bullying Specialist,,,,,"=""609-656-4910""",,1,1,1,1,,,,,,,,,,,,"=""03242""",,,
"=""21""",MERCER,"=""5210""",Trenton Public School District,"=""270""",Clara Parker Intermediate School,Mrs.,Lorcha,Lewis,School Principal,llewis@trenton.k12.nj.us,820 South Warren Street," ",Trenton,NJ,"=""08611-2840""",820 South Warren Street," ",Trenton,NJ,"=""08611-2840""",Ms.,Miriam,Toro-Maldonado,Anti-Bullying Specialist,,,,,"=""609-656-4880""",,,,,,1,1,1,,,,,,,,,"=""03238""",,,
"=""21""",MERCER,"=""5210""",Trenton Public School District,"=""310""",Darlene C. McKnight Elementary,Mr.,Elijah,Pereira,School Principal,epereira@trenton.k12.nj.us,175 GIRARD AVENUE," ",TRENTON,NJ,"=""08638-3431""",175 GIRARD AVENUE," ",TRENTON,NJ,"=""08638-3431""",Mrs.,Maeve,DiPasquale,Anti-Bullying Specialist,,,,,"=""609-656-4970""",,1,1,1,1,,,,,,,,,,,,"=""03248""",,,
"=""21""",MERCER,"=""5210""",Trenton Public School District,"=""170""",Dr. Crosby Copeland Jr Elementary,Mr.,Michael,Rosenberg,School Principal,mrosenberg@trenton.k12.nj.us,1200 BRUNSWICK AVENUE," ",TRENTON,NJ,"=""08638""",1200 BRUNSWICK AVENUE," ",TRENTON,NJ,"=""08638""",Ms.,Anne,Zelenak,Anti-Bullying Specialist,,,,,"=""609-656-4690""",,1,1,1,1,,,,,,,,,,,,"=""03216""",,,
"=""21""",MERCER,"=""5210""",Trenton Public School District,"=""305""",Dr. Martin Luther King Middle School,Dr.,Victor,Farnath,School Principal,vfarnath@trenton.k12.nj.us,401-411 Brunswick Ave," ",Trenton,NJ,"=""08638""",401-411 Brunswick Ave," ",Trenton,NJ,"=""08638""",Mr.,Howard,Marks,Anti-Bullying Specialist,,,,,"=""609-656-4900""",,,,,,,,,1,1,,,,,,,"=""06142""",,,
"=""21""",MERCER,"=""5210""",Trenton Public School District,"=""190""",Franklin Elementary School,Mrs.,Alakee,Bethea,School Principal,aebethea@trenton.k12.nj.us,200 WILLIAM STREET," ",TRENTON,NJ,"=""08610""",200 WILLIAM STREET," ",TRENTON,NJ,"=""08610""",Mrs.,Schaeffona,Robinson-Gentry,Anti-Bullying Specialist,,,,,"=""609-656-4720""",,1,1,1,1,,,,,,,,,,,,"=""03218""",,,
"=""21""",MERCER,"=""5210""",Trenton Public School District,"=""300""",George Washington Elementary School,Ms.,Tara,Ingram,School Principal,tingram@trenton.k12.nj.us,331 EMORY AVENUE," ",TRENTON,NJ,"=""08611""",331 EMORY AVENUE," ",TRENTON,NJ,"=""08611""",Ms.,Laura,Madzey,Anti-Bullying Specialist,,,,,"=""609-656-4960""",,1,1,1,1,,,,,,,,,,,,"=""03246""",,,
"=""21""",MERCER,"=""5210""",Trenton Public School District,"=""260""",Gershom Mott Elementary School,Dr.,Wadner,Gedeon,School Principal,wgadner@trenton.k12.nj.us,45 STOKELY AVENUE," ",TRENTON,NJ,"=""08611""",45 STOKELY AVENUE," ",TRENTON,NJ,"=""08611""",Ms.,Cara,Oliveto,Anti-Bullying Specialist,,,,,"=""609-656-4830""",,1,1,1,1,,,,,,,,,,,,"=""03234""",,,
"=""21""",MERCER,"=""5210""",Trenton Public School District,"=""100""",Grace A Dunn Middle School,Ms.,Karilyn,Mouzon,School Principal,kmouzon@trenton.k12.nj.us,401 DAYTON STREET," ",TRENTON,NJ,"=""08610""",401 DAYTON STREET," ",TRENTON,NJ,"=""08610""",Mr.,Patrick,Sharkey,Anti-Bullying Specialist,,,,,"=""609-656-4700""",,,,,,,,,1,1,,,,,,,"=""03210""",,,
"=""21""",MERCER,"=""5210""",Trenton Public School District,"=""200""",Grant Intermediate School,Ms.,Jennifer,Santiago,School Principal,jmsantiago@trenton.k12.nj.us,159 N  CLINTON AVENUE," ",TRENTON,NJ,"=""08609""",159 N  CLINTON AVENUE," ",TRENTON,NJ,"=""08609""",Ms.,Shannon,DeLizio-Bonilla,Anti-Bullying Specialist,,,,,"=""609-656-4730""",,,,,,1,1,1,,,,,,,,,"=""03220""",,,
"=""21""",MERCER,"=""5210""",Trenton Public School District,"=""301""",Hedgepeth Williams Intermediate School,Dr.,Adrienne,Hill,School Principal,ahill@trenton.k12.nj.us,301 GLADSTONE AVE," ",TRENTON,NJ,"=""08629""",301 GLADSTONE AVE," ",TRENTON,NJ,"=""08629""",Mr.,Theodore,Hoover,Anti-Bullying Specialist,,,,,"=""609-656-4760""",,,,,,1,1,1,,,,,,,,,"=""""",,,
"=""21""",MERCER,"=""5210""",Trenton Public School District,"=""306""",Joseph Stokes Elementary School,Mr.,Paul,Lakarosky,School Principal,plakarosky@trenton.k12.nj.us,915 Parkside Avenue," ",Trenton,NJ,"=""08618""",915 Parkside Avenue," ",Trenton,NJ,"=""08618""",Ms.,Wanda,Martinez,Anti-Bullying Specialist,,,,,"=""609-656-4930""",,1,1,1,1,,,,,,,,,,,,"=""06143""",,,
"=""21""",MERCER,"=""5210""",Trenton Public School District,"=""304""",Joyce Kilmer Intermediate School,Mrs.,Paula,Bethea,School Principal,ppbethea@trenton.k12.nj.us,1300 Stuyvesant Avenue," ",Trenton,NJ,"=""08618""",1300 Stuyvesant Avenue," ",Trenton,NJ,"=""08618""",Mrs.,Stacey,Weiss,Anti-Bullying Specialist,,,,,"=""609-656-4800""",,,,,,1,1,1,,,,,,,,,"=""06141""",,,
"=""21""",MERCER,"=""5210""",Trenton Public School District,"=""303""",Luis Munoz-Rivera Elementary School,Dr.,Olivia,Russo,School Principal,orusso@trenton.k12.nj.us,401 North Montgomery St," ",Trenton,NJ,"=""08638""",401 North Montgomery St," ",Trenton,NJ,"=""08638""",Mr.,Anthony,Bonds,Anti-Bullying Specialist,,,,,"=""609-656-4841""",,1,1,1,1,,,,,,,,,,,,"=""06140""",,,
"=""21""",MERCER,"=""5210""",Trenton Public School District,"=""265""",Patton J. Hill Elementary School,Ms.,Talaya,Stoddard-Wilson,School Principal,tstoddard@trenton.k12.nj.us,1010 EAST STATE STREET," ",TRENTON,NJ,"=""08609-1506""",1010 EAST STATE STREET," ",TRENTON,NJ,"=""08609-1506""",Mrs.,Beverly,Smith,Anti-Bullying Specialist,,,,,"=""609-656-4980""",,1,1,1,1,,,,,,,,,,,,"=""03236""",,,
"=""21""",MERCER,"=""5210""",Trenton Public School District,"=""080""",Paul S. Robeson Elementary School,Mr.,Michael,Hodnicki,School Principal,mhodnicki@trenton.k12.nj.us,350 Cuyler Avenue," ",TRENTON,NJ,"=""08629""",350 Cuyler Avenue," ",TRENTON,NJ,"=""08629""",Ms.,Christina,Hyman,Anti-Bullying Specialist,,,,,"=""609-656-4920""",,1,1,1,1,,,,,,,,,,,,"=""03206""",,,
"=""21""",MERCER,"=""5210""",Trenton Public School District,"=""308""",Thomas Jefferson Intermediate School,Ms.,Nadia,Ramcharan,School Principal,nramcharan@trenton.k12.nj.us,1 Whittlesey Road," ",Trenton,NJ,"=""08618""",1 Whittlesey Road," ",Trenton,NJ,"=""08618""",Mr.,Valerie,Hedgepeth,Anti-Bullying Specialist,,,,,"=""609-656-4660""",,,,,,1,1,1,,,,,,,,,"=""06145""",,,
"=""21""",MERCER,"=""5210""",Trenton Public School District,"=""050""",Trenton Central High School - Main Campus,Mrs.,Mary,Courtney,School Principal,mcourtney@trenton.k12.nj.us,400 Chambers Street," ",TRENTON,NJ,"=""08611""",400 Chambers Street," ",TRENTON,NJ,"=""08611""",Mr.,Hussain,Haqq,Anti-Bullying Specialist,,,,,"=""609-557-8247""",,,,,,,,,,,,1,1,1,,,"=""03200""",,,
"=""21""",MERCER,"=""5210""",Trenton Public School District,"=""302""",Trenton Central High School-9th Grade Academy,Dr.,Laura,Martin,School Principal,lmartin@trenton.k12.nj.us,500 Perry Street," ",Trenton,NJ,"=""08609""",500 Perry Street," ",Trenton,NJ,"=""08609""",Ms.,Iesha,Dawkins,Anti-Bullying Specialist,,,,,"=""609-656-4900""",,,,,,,,,,,1,,,,,,"=""""",,,
"=""21""",MERCER,"=""5210""",Trenton Public School District,"=""220""",William Harrison Elementary School,Dr.,Keisha,Gaymon-Ojeikere,School Principal,kgaymon@trenton.k12.nj.us,461 GENESSEE STREET," ",TRENTON,NJ,"=""08611""",461 GENESSEE STREET," ",TRENTON,NJ,"=""08611""",Mr.,Brian,L'Oiseau,Anti-Bullying Specialist,,,,,"=""609-656-4750""",,1,1,1,1,,,,,,,,,,,,"=""03224""",,,
"=""21""",MERCER,"=""5715""",West Windsor-Plainsboro Regional School District,"=""140""",Community Middle School,Mr.,Kyle,Schimpf,School Principal,kyle.schimpf@wwprsd.org,95 GROVERS MILL ROAD," ",PLAINSBORO,NJ,"=""08536""",95 GROVERS MILL ROAD," ",PLAINSBORO,NJ,"=""08536""",Ms.,Ariana,Lalumia,Anti-Bullying Specialist,,,,,"=""609-716-5300""",,,,,,,,1,1,1,,,,,,,"=""06012""",,,
"=""21""",MERCER,"=""5715""",West Windsor-Plainsboro Regional School District,"=""030""",Dutch Neck Elementary School,Mrs.,Melissa,Lockett,School Principal,melissa.lockett@wwprsd.org,392 VILLAGE ROAD EAST," ",West Windsor,NJ,"=""08550""",392 VILLAGE ROAD EAST," ",West Windsor,NJ,"=""08550""",Ms.,Michelle,Obregon,Anti-Bullying Specialist,,,,,"=""609-716-5400""",,1,1,1,1,,,,,,,,,,,,"=""03260""",,,
"=""21""",MERCER,"=""5715""",West Windsor-Plainsboro Regional School District,"=""050""",J.V.B. Wicoff Elementary School,Dr.,Guyler,Tulp,School Principal,guy.tulp@wwprsd.org,510 PLAINSBORO ROAD," ",PLAINSBORO,NJ,"=""08536""",510 PLAINSBORO ROAD," ",PLAINSBORO,NJ,"=""08536""",Ms.,Krista,Monks,Anti-Bullying Specialist,,,,,"=""609-716-5450""",,1,1,1,1,,,,,,,,,,,,"=""03264""",,,
"=""21""",MERCER,"=""5715""",West Windsor-Plainsboro Regional School District,"=""040""",Maurice Hawk Elementary School,Ms.,Sara,Bright,School Principal,sara.bright@wwprsd.org,303  305 CLARKSVILLE ROAD," ",West Windsor,NJ,"=""08550""",303  305 CLARKSVILLE ROAD," ",West Windsor,NJ,"=""08550""",Ms.,Kelly,Marshall,Anti-Bullying Specialist,,,,,"=""609-716-5425""",1,1,1,1,1,,,,,,,,,,,,"=""03262""",,,
"=""21""",MERCER,"=""5715""",West Windsor-Plainsboro Regional School District,"=""150""",Millstone River School,Mrs.,Heather,Shanklin,School Principal,heather.shanklin@wwprsd.org,75 GROVERS MILL ROAD," ",PLAINSBORO,NJ,"=""08536""",75 GROVERS MILL ROAD," ",PLAINSBORO,NJ,"=""08536""",Ms.,Lisa,Valeriani,Anti-Bullying Specialist,,,,,"=""609-716-5500""",,,,,1,1,1,,,,,,,,,,"=""06077""",,,
"=""21""",MERCER,"=""5715""",West Windsor-Plainsboro Regional School District,"=""035""",Thomas R Grover Middle School,Ms.,Maureen,Cook,School Principal,maureen.cook@wwprsd.org,10 SOUTHFIELD ROAD," ",West Windsor,NJ,"=""08550""",10 SOUTHFIELD ROAD," ",West Windsor,NJ,"=""08550""",Ms.,Wendy,Alley,Anti-Bullying Specialist,,,,,"=""609-716-5250""",,,,,,,,1,1,1,,,,,,,"=""00313""",,,
"=""21""",MERCER,"=""5715""",West Windsor-Plainsboro Regional School District,"=""130""",Town Center Elementary School,Dr.,Erin,Falk,School Principal,erin.falk@wwprsd.org,700 WYNDHURST DRIVE," ",PLAINSBORO,NJ,"=""08536""",700 WYNDHURST DRIVE," ",PLAINSBORO,NJ,"=""08536""",Ms.,Erica,Anas,Anti-Bullying Specialist,,,,,"=""609-716-8330""",1,1,1,1,1,,,,,,,,,,,,"=""00505""",,,
"=""21""",MERCER,"=""5715""",West Windsor-Plainsboro Regional School District,"=""160""",Village Elementary School,Dr.,Guy,Tulp,School Principal,guy.tulp@wwprsd.org,601 NEW VILLAGE ROAD," ",West Windsor,NJ,"=""08550""",601 NEW VILLAGE ROAD," ",West Windsor,NJ,"=""08550""",Ms.,Veronica,Schumann,Anti-Bullying Specialist,,,,,"=""609-716-5200""",,,,,,1,1,,,,,,,,,,"=""00147""",,,
"=""21""",MERCER,"=""5715""",West Windsor-Plainsboro Regional School District,"=""025""",West Windsor-Plainsboro High School North,Dr.,Lamont,Thomas,School Principal,lamont.thomas@wwprsd.org,90 GROVERS MILL ROAD," ",PLAINSBORO,NJ,"=""08536""",90 GROVERS MILL ROAD," ",PLAINSBORO,NJ,"=""08536""",Ms.,Jamie,Crystal,Anti-Bullying Specialist,,,,,"=""609-716-5100""",,,,,,,,,,,1,1,1,1,,,"=""00191""",,,
"=""21""",MERCER,"=""5715""",West Windsor-Plainsboro Regional School District,"=""020""",West Windsor-Plainsboro High School South,Mrs.,Valerie,Rodriguez,School Principal,valerie.rodriguez@wwprsd.org,346 CLARKSVILLE ROAD," ",West Windsor,NJ,"=""08550""",346 CLARKSVILLE ROAD," ",West Windsor,NJ,"=""08550""",Ms.,Chelsea,Allen,Anti-Bullying Specialist,,,,,"=""609-716-5050""",,,,,,,,,,,1,1,1,1,,,"=""03258""",,,
"=""23""",MIDDLESEX,"=""0750""",Carteret Public School District,"=""030""",Carteret High School,Ms.,Joanna,Joaquin,School Principal,jjoaquin@carteretschools.org,199 WASHINGTON AVENUE," ",CARTERET,NJ,"=""07008""",199 WASHINGTON AVENUE," ",CARTERET,NJ,"=""07008""",Mrs.,Dara,Benjamin,Anti-Bullying Specialist,,,,,"=""732-541-8960""",,,,,,,,,,,1,1,1,1,,,"=""03268""",,,
"=""23""",MIDDLESEX,"=""0750""",Carteret Public School District,"=""300""",Carteret Junior High School,Mrs.,Tara,Romero,School Principal,tromero@carteretschools.org,195 Washington Ave," ",Carteret,NJ,"=""07008""",195 Washington Ave," ",Carteret,NJ,"=""07008""",Ms.,Allison,Heim,Anti-Bullying Specialist,,,,,"=""732-541-8960""",,,,,,,,,1,1,,,,,,,"=""06146""",,,
"=""23""",MIDDLESEX,"=""0750""",Carteret Public School District,"=""055""",Carteret Middle School,Ms.,Merita,Eull,School Principal,meull@carteretschools.org,300 CARTERET AVENUE," ",CARTERET,NJ,"=""07008""",300 CARTERET AVENUE," ",CARTERET,NJ,"=""07008""",Mrs.,Suzanne,Kapcsos,Anti-Bullying Specialist,,,,,"=""732-541-8960""",,,,,,,1,1,,,,,,,,,"=""03274""",,,
"=""23""",MIDDLESEX,"=""0750""",Carteret Public School District,"=""050""",Columbus Elementary School,Ms.,Mayling,Cardenas,School Principal,mcardenas@carteretschools.org,1 CARTERET AVENUE," ",CARTERET,NJ,"=""07008""",1 CARTERET AVENUE," ",CARTERET,NJ,"=""07008""",Mrs.,Sonia,Galipo,Anti-Bullying Specialist,,,,,"=""732-541-8960""",1,1,1,1,1,1,,,,,,,,,,,"=""03272""",,,
"=""23""",MIDDLESEX,"=""0750""",Carteret Public School District,"=""060""",Nathan Hale Elementary School,Ms.,Erika,Barrett,School Principal,ebarrett@carteretschools.org,678 ROOSEVELT AVENUE," ",CARTERET,NJ,"=""07008""",678 ROOSEVELT AVENUE," ",CARTERET,NJ,"=""07008""",Mrs.,Ashley,Gasparro,Anti-Bullying Specialist,,,,,"=""732-541-8960""",1,1,1,1,1,1,,,,,,,,,,,"=""00451""",,,
"=""23""",MIDDLESEX,"=""0750""",Carteret Public School District,"=""057""",Private Nicholas Minue Elementary School,Mrs.,Cheryl,Bolinger,School Principal,cbolinger@carteretschools.org,83 POST BLVD," ",CARTERET,NJ,"=""07008""",83 POST BLVD," ",CARTERET,NJ,"=""07008""",Ms.,Irene,Massenzio,Anti-Bullying Specialist,,,,,"=""732-541-8960""",1,1,1,1,1,1,,,,,,,,,,,"=""03276""",,,
"=""23""",MIDDLESEX,"=""0970""",Cranbury Township School District,"=""030""",Cranbury School,Dr.,Jennifer,Diszler,School Principal,jdiszler@cranburyschool.org,23 N MAIN ST," ",CRANBURY,NJ,"=""08512""",23 N MAIN ST," ",CRANBURY,NJ,"=""08512""",Ms.,Julia,Strazza Medina,Anti-Bullying Specialist,,,,,"=""609-395-1700""",1,1,1,1,1,1,1,1,1,1,,,,,,,"=""03282""",,,
"=""23""",MIDDLESEX,"=""1140""",Dunellen Public School District,"=""040""",Dunellen High School,Mr.,Paul,Lynch,School Principal,lynchp@dunellenschools.org,411 First Street," ",DUNELLEN,NJ,"=""08812""",411 First Street," ",DUNELLEN,NJ,"=""08812""",Mrs.,Lisa,Leibowitz,Anti-Bullying Specialist,,,,,"=""732-400-5900""",,,,,,,,,,,1,1,1,1,,,"=""03286""",,,
"=""23""",MIDDLESEX,"=""1140""",Dunellen Public School District,"=""050""",John P. Faber Elementary School,Mr.,Brendan,Tennant,School Principal,tennantb@dunellenschools.org,400 HIGH STREET," ",DUNELLEN,NJ,"=""08812""",400 HIGH STREET," ",DUNELLEN,NJ,"=""08812""",Ms.,Mary,Bolcar,Anti-Bullying Specialist,,,,,"=""732-400-5900""",1,1,1,1,1,1,1,,,,,,,,,,"=""03288""",,,
"=""23""",MIDDLESEX,"=""1140""",Dunellen Public School District,"=""060""",Lincoln Middle School,Mr.,Cuyler,Tobin,School Principal,tobinc@dunellenschools.org,400  Dunellen Avenue," ",DUNELLEN,NJ,"=""08812""",400  Dunellen Avenue," ",DUNELLEN,NJ,"=""08812""",Ms.,Lisa,Sanfilippo,Anti-Bullying Specialist,,,,,"=""732-400-5900""",,,,,,,,1,1,1,,,,,,,"=""00149""",,,
"=""23""",MIDDLESEX,"=""1170""",East Brunswick Township School District,"=""060""",Bowne-Munro Elementary School,Ms.,Kristin,Gristina,School Principal,kristin.gristina@ebnet.org,120 MAIN STREET," ",EAST BRUNSWICK,NJ,"=""08816""",120 MAIN STREET," ",EAST BRUNSWICK,NJ,"=""08816""",Ms.,VACANT,VACANT,Anti-Bullying Specialist,,,,,"=""732-613-6810""",,1,1,1,1,1,,,,,,,,,,,"=""03300""",,,
"=""23""",MIDDLESEX,"=""1170""",East Brunswick Township School District,"=""070""",Central Elementary School,Mr.,Michael,Gaskell,School Principal,mgaskell@ebnet.org,371 CRANBURY ROAD," ",EAST BRUNSWICK,NJ,"=""08816""",371 CRANBURY ROAD," ",EAST BRUNSWICK,NJ,"=""08816""",Ms.,Sara,Enis,Anti-Bullying Specialist,,,,,"=""732-613-6820""",,1,1,1,1,1,,,,,,,,,,,"=""03302""",,,
"=""23""",MIDDLESEX,"=""1170""",East Brunswick Township School District,"=""125""",Chittick Elementary School,Ms.,Danielle,DiNinno,School Principal,ddininno@ebnet.org,5 FLAGLER STREET," ",EAST BRUNSWICK,NJ,"=""08816""",5 FLAGLER STREET," ",EAST BRUNSWICK,NJ,"=""08816""",Ms.,Laurie,Eitel,Anti-Bullying Specialist,,,,,"=""732-613-6830""",1,1,1,1,1,1,,,,,,,,,,,"=""03312""",,,
"=""23""",MIDDLESEX,"=""1170""",East Brunswick Township School District,"=""055""",Churchill Junior High School,Mr.,Matthew,Hanas,School Principal,mhanas@ebnet.org,18 NORTON ROAD," ",EAST BRUNSWICK,NJ,"=""08816""",18 NORTON ROAD," ",EAST BRUNSWICK,NJ,"=""08816""",Mr.,David,Ferraro,Anti-Bullying Specialist,,,,,"=""732-613-6800""",,,,,,,,,1,1,1,,,,,,"=""03296""",,,
"=""23""",MIDDLESEX,"=""1170""",East Brunswick Township School District,"=""050""",East Brunswick High School,Mr.,Edward,Bucior,School Principal,edward.bucior@ebnet.org,380 CRANBURY ROAD," ",EAST BRUNSWICK,NJ,"=""08816""",380 CRANBURY ROAD," ",EAST BRUNSWICK,NJ,"=""08816""",Ms.,Amber,Morgan,Anti-Bullying Specialist,,,,,"=""732-613-6900""",,,,,,,,,,,,1,1,1,,,"=""03294""",,,
"=""23""",MIDDLESEX,"=""1170""",East Brunswick Township School District,"=""130""",Frost Elementary School,Dr.,Nyree,Delgado,School Principal,nyree.delgado@ebnet.org,65 FROST AVENUE," ",EAST BRUNSWICK,NJ,"=""08816""",65 FROST AVENUE," ",EAST BRUNSWICK,NJ,"=""08816""",Ms.,Ivy,Schwam,Anti-Bullying Specialist,,,,,"=""732-613-6850""",,1,1,1,1,1,,,,,,,,,,,"=""03314""",,,
"=""23""",MIDDLESEX,"=""1170""",East Brunswick Township School District,"=""056""",Hammarskjold Upper Elementary School,Mr.,Russell,Petronko,School Principal,rpetronko@ebnet.org,200 RUES LANE," ",EAST BRUNSWICK,NJ,"=""08816""",200 RUES LANE," ",EAST BRUNSWICK,NJ,"=""08816""",Ms.,Jessica,Orapallo,Anti-Bullying Specialist,,,,,"=""732-613-6600""",,,,,,,1,1,,,,,,,,,"=""03298""",,,
"=""23""",MIDDLESEX,"=""1170""",East Brunswick Township School District,"=""090""",Irwin Elementary School,Mrs.,JoAnn,Chmielowicz,School Principal,jchmielowicz@ebnet.org,71 RACETRACK ROAD," ",EAST BRUNSWICK,NJ,"=""08816""",71 RACETRACK ROAD," ",EAST BRUNSWICK,NJ,"=""08816""",Mr.,Jude,Roche,Anti-Bullying Specialist,,,,,"=""732-613-6840""",1,1,1,1,1,1,,,,,,,,,,,"=""05994""",,,
"=""23""",MIDDLESEX,"=""1170""",East Brunswick Township School District,"=""100""",Lawrence Brook Elementary School,Mr.,Peter,DiBernardi,School Principal,peter.dibernardi@ebnet.org,48 SULLIVAN WAY," ",EAST BRUNSWICK,NJ,"=""08816""",48 SULLIVAN WAY," ",EAST BRUNSWICK,NJ,"=""08816""",Ms.,Erinn,Rasin,Anti-Bullying Specialist,,,,,"=""732-613-6870""",,1,1,1,1,1,,,,,,,,,,,"=""03306""",,,
"=""23""",MIDDLESEX,"=""1170""",East Brunswick Township School District,"=""120""",Memorial Elementary School,Mrs.,Cheryl,Jones,School Principal,cjones@ebnet.org,14 INNES ROAD," ",EAST BRUNSWICK,NJ,"=""08816""",14 INNES ROAD," ",EAST BRUNSWICK,NJ,"=""08816""",Ms.,Ashley,Rose,Anti-Bullying Specialist,,,,,"=""732-613-6860""",1,1,1,1,1,1,,,,,,,,,,,"=""03310""",,,
"=""23""",MIDDLESEX,"=""1170""",East Brunswick Township School District,"=""138""",Warnsdorfer Elementary School,Mr.,Joseph,Csatari,School Principal,jcsatari@ebnet.org,9 HARDENBURG LANE," ",EAST BRUNSWICK,NJ,"=""08816""",9 HARDENBURG LANE," ",EAST BRUNSWICK,NJ,"=""08816""",Ms.,Rachel,Weitzenkorn,Anti-Bullying Specialist,,,,,"=""732-613-6880""",,1,1,1,1,1,,,,,,,,,,,"=""03318""",,,
"=""23""",MIDDLESEX,"=""1290""",Edison Township School District,"=""065""",Benjamin Franklin Elementary School,,Nicole,Bevere,School Principal,nicole.bevere@edison.k12.nj.us,2485 WOODBRIDGE AVENUE," ",EDISON,NJ,"=""08817""",2485 WOODBRIDGE AVENUE," ",EDISON,NJ,"=""08817""",,Jessica,Fleres,Anti-Bullying Specialist,,,,,"=""732-650-5300""",,1,1,1,1,1,1,,,,,,,,,,"=""03336""",,,
"=""23""",MIDDLESEX,"=""1290""",Edison Township School District,"=""300""",Edison Early Learning Center,Dr.,Anthony,Shallop,School Administrator,anthony.shallop@edison.k12.nj.us,10 Boulevard of the Eagles," ",Edison,NJ,"=""08817""",10 Boulevard of the Eagles," ",Edison,NJ,"=""08817""",Mr.,William,Donner,Anti-Bullying Specialist,,,,,"=""732-452-2804""",1,1,,,,,,,,,,,,,,,"=""""",,,
"=""23""",MIDDLESEX,"=""1290""",Edison Township School District,"=""050""",Edison High School,Mr.,Charles,Ross,School Principal,charles.ross@edison.k12.nj.us,50 BOULEVARD OF THE EAGLES," ",EDISON,NJ,"=""08817""",50 BOULEVARD OF THE EAGLES," ",EDISON,NJ,"=""08817""",Mr.,Joseph,Dondero,Anti-Bullying Specialist,,,,,"=""732-650-5200""",,,,,,,,,,,1,1,1,1,,,"=""03324""",,,
"=""23""",MIDDLESEX,"=""1290""",Edison Township School District,"=""302""",Franklin D Roosevelt School,Dr.,Anthony,Shallop,Chief School Administrator,anthony.shallop@edison.k12.nj.us,838 New Dover Rd," ",Edison,NJ,"=""08820""",838 New Dover Rd," ",Edison,NJ,"=""08820""",Ms.,Melissa,Brandeis,Anti-Bullying Specialist,,,,,"=""732-452-2939""",1,1,,,,,,,,,,,,,,,"=""""",,,
"=""23""",MIDDLESEX,"=""1290""",Edison Township School District,"=""057""",Herbert Hoover Middle School,Mr.,Brian,McGrath,School Principal,brian.mcgrath@edison.k12.nj.us,174 JACKSON AVENUE," ",EDISON,NJ,"=""08837""",174 JACKSON AVENUE," ",EDISON,NJ,"=""08837""",,Jordan,Smothers,Anti-Bullying Specialist,,,,,"=""732-452-2940""",,,,,,,,1,1,1,,,,,,,"=""03330""",,,
"=""23""",MIDDLESEX,"=""1290""",Edison Township School District,"=""090""",James Madison Intermediate School,,Donna,Abatemarco,School Principal,donna.abatemarco@edison.k12.nj.us,838 NEW DOVER ROAD," ",EDISON,NJ,"=""08820""",838 NEW DOVER ROAD," ",EDISON,NJ,"=""08820""",,Kelly,Macaro,Anti-Bullying Specialist,,,,,"=""732-452-2960""",,,,,1,1,1,,,,,,,,,,"=""03342""",,,
"=""23""",MIDDLESEX,"=""1290""",Edison Township School District,"=""092""",James Madison Primary School,,Michael,Seiler,School Principal,michael.seiler@edison.k12.nj.us,840 NEW DOVER ROAD," ",EDISON,NJ,"=""08820""",840 NEW DOVER ROAD," ",EDISON,NJ,"=""08820""",,Lia,Abernathy,Anti-Bullying Specialist,,,,,"=""732-452-2990""",,1,1,1,,,,,,,,,,,,,"=""03344""",,,
"=""23""",MIDDLESEX,"=""1290""",Edison Township School District,"=""093""",James Monroe Elementary School,Mrs.,Cynthia,Tufaro,School Principal,cynthia.tufaro@edison.k12.nj.us,7 Sharp Rd," ",Edison,NJ,"=""08837""",7 Sharp Rd," ",Edison,NJ,"=""08837""",Ms.,Danielle,Maurath,Anti-Bullying Specialist,,,,,"=""848-229-4716""",,1,1,1,1,1,1,,,,,,,,,,"=""03346""",,,
"=""23""",MIDDLESEX,"=""1290""",Edison Township School District,"=""055""",John Adams Middle School,Dr.,James,Quinn,Interim Principal,james.quinn@edison.k12.nj.us,1081 NEW DOVER ROAD," ",EDISON,NJ,"=""08820""",1081 NEW DOVER ROAD," ",EDISON,NJ,"=""08820""",,Erin,Bennett-Bowbliss,Anti-Bullying Specialist,,,,,"=""732-452-2920""",,,,,,,,1,1,1,,,,,,,"=""03328""",,,
"=""23""",MIDDLESEX,"=""1290""",Edison Township School District,"=""095""",John Marshall Elementary School,,Ami,Hoffman,School Principal,ami.hoffman@edison.k12.nj.us,15 CORNELL STREET," ",EDISON,NJ,"=""08817""",15 CORNELL STREET," ",EDISON,NJ,"=""08817""",,Jessica,Rodriguez,Anti-Bullying Specialist,,,,,"=""732-650-5370""",,1,1,1,1,1,1,,,,,,,,,,"=""03348""",,,
"=""23""",MIDDLESEX,"=""1290""",Edison Township School District,"=""053""",John P. Stevens High School,Dr.,Fay,Kim,School Principal,fay.kim@edison.k12.nj.us,855 GROVE AVENUE," ",EDISON,NJ,"=""08820""",855 GROVE AVENUE," ",EDISON,NJ,"=""08820""",,James,Cardillo,Anti-Bullying Specialist,,,,,"=""732-452-2800""",,,,,,,,,,,1,1,1,1,,,"=""03326""",,,
"=""23""",MIDDLESEX,"=""1290""",Edison Township School District,"=""100""",Lincoln Elementary School,,Shawn,Scully,School Principal,shawn.scully@edison.k12.nj.us,53 BROOKVILLE ROAD," ",EDISON,NJ,"=""08817""",53 BROOKVILLE ROAD," ",EDISON,NJ,"=""08817""",,Kristen,Kinsella,Anti-Bullying Specialist,,,,,"=""732-650-5270""",,1,1,1,1,1,1,,,,,,,,,,"=""03350""",,,
"=""23""",MIDDLESEX,"=""1290""",Edison Township School District,"=""103""",Lindeneau Elementary School,,Donald,Platvoet,School Principal,donald.platvoet@edison.k12.nj.us,50 BLOSSOM STREET," ",EDISON,NJ,"=""08817""",50 BLOSSOM STREET," ",EDISON,NJ,"=""08817""",,Pear,Sintumuang,Anti-Bullying Specialist,,,,,"=""732-650-5320""",,1,1,1,1,1,1,,,,,,,,,,"=""03352""",,,
"=""23""",MIDDLESEX,"=""1290""",Edison Township School District,"=""104""",Martin Luther King Elementary School,Mrs.,Regina,Paparsenos,School Principal,regina.paparsenos@edison.k12.nj.us,285 TINGLEY LANE," ",EDISON,NJ,"=""08820""",285 TINGLEY LANE," ",EDISON,NJ,"=""08820""",,Melanie,McKenzie,Anti-Bullying Specialist,,,,,"=""732-452-2980""",,1,1,1,1,1,1,,,,,,,,,,"=""03354""",,,
"=""23""",MIDDLESEX,"=""1290""",Edison Township School District,"=""105""",Menlo Park Elementary School,,Michael,Duggan,School Principal,michael.duggan@edison.k12.nj.us,155 MONROE AVENUE," ",EDISON,NJ,"=""08820""",155 MONROE AVENUE," ",EDISON,NJ,"=""08820""",Mrs.,Lia,Carde,Anti-Bullying Specialist,,,,,"=""732-452-2910""",,1,1,1,1,1,1,,,,,,,,,,"=""03356""",,,
"=""23""",MIDDLESEX,"=""1290""",Edison Township School District,"=""060""",Thomas Jefferson Middle School,Mrs.,Antoinette,Emden,School Principal,antoinette.emden@edison.k12.nj.us,450 DIVISION STREET," ",EDISON,NJ,"=""08817""",450 DIVISION STREET," ",EDISON,NJ,"=""08817""",,Kathryn,Jacobs,Anti-Bullying Specialist,,,,,"=""732-650-5290""",,,,,,,,1,1,1,,,,,,,"=""03332""",,,
"=""23""",MIDDLESEX,"=""1290""",Edison Township School District,"=""150""",Washington Elementary School,,Sandra,Schlatter,School Principal,sandra.schlatter@edison.k12.nj.us,153 WINTHROP ROAD," ",EDISON,NJ,"=""08817""",153 WINTHROP ROAD," ",EDISON,NJ,"=""08817""",,Lora,Scammacca,Anti-Bullying Specialist,,,,,"=""732-650-5280""",,1,1,1,1,1,1,,,,,,,,,,"=""03364""",,,
"=""23""",MIDDLESEX,"=""1290""",Edison Township School District,"=""160""",Woodbrook Elementary School,,Nicole,Cirillo,School Principal,nicole.cirillo@edison.k12.nj.us,15 ROBIN ROAD," ",EDISON,NJ,"=""08820""",15 ROBIN ROAD," ",EDISON,NJ,"=""08820""",,Kimberly,Romero,Anti-Bullying Specialist,,,,,"=""732-452-2901""",,1,1,1,1,1,1,,,,,,,,,,"=""03366""",,,
"=""23""",MIDDLESEX,"=""1290""",Edison Township School District,"=""063""",Woodrow Wilson Middle School,,Jennifer,Blevins,School Principal,jennifer.blevins@edison.k12.nj.us,50 WOODROW WILSON DRIVE," ",EDISON,NJ,"=""08820""",50 WOODROW WILSON DRIVE," ",EDISON,NJ,"=""08820""",Ms.,Annabella,Ross,Anti-Bullying Specialist,,,,,"=""732-452-2870""",,,,,,,,1,1,1,,,,,,,"=""03334""",,,
"=""23""",MIDDLESEX,"=""3145""",Educational Services Commission of New Jersey,"=""030""",Academy Learning Center,Ms.,Nicole,Paturzo,School Principal,npaturzo@escnj.us,145 PERGOLA AVENUE," ",MONROE TOWNSHIP,NJ,"=""08831""",145 PERGOLA AVENUE," ",MONROE TOWNSHIP,NJ,"=""08831""",Ms.,Judy,Kellner,Anti-Bullying Specialist,,,,,"=""732-605-9100""",1,1,1,1,1,1,1,1,1,1,1,1,1,1,,,"=""05951""",,,
"=""23""",MIDDLESEX,"=""3145""",Educational Services Commission of New Jersey,"=""100""",Bright Beginnings Learning Center,Ms.,Jennifer,Nesi,School Principal,jnesi@escnj.us,1660 STELTON ROAD," ",PISCATAWAY,NJ,"=""08854-5917""",1660 STELTON ROAD," ",PISCATAWAY,NJ,"=""08854-5917""",Ms.,Christie,Farmiga,Anti-Bullying Specialist,,,,,"=""732-339-9331""",1,1,1,1,1,1,,,,,,,,,,,"=""00235""",,,
"=""23""",MIDDLESEX,"=""3145""",Educational Services Commission of New Jersey,"=""031""",Center for Lifelong Learning,Ms.,Mary Beth,Conley,School Principal,mconley@escnj.us,333 CHEESEQUAKE RD," ",PARLIN,NJ,"=""08859""",333 CHEESEQUAKE RD," ",PARLIN,NJ,"=""08859""",Ms.,Nicole,Axelrod,Anti-Bullying Specialist,,,,,"=""732-727-3736""",1,1,1,1,1,1,1,1,1,1,1,1,1,1,,,"=""02926""",,,
"=""23""",MIDDLESEX,"=""3145""",Educational Services Commission of New Jersey,"=""300""",Future Foundations Academy (FFA),Ms.,Katie,Feiles,School Principal,kfeiles@escnj.us,1690 Stelton Road," ",Piscataway,NJ,"=""08854-5917""",1690 Stelton Road," ",Piscataway,NJ,"=""08854-5917""",Mrs.,Miriam,Grubin-Cappel,Anti-Bullying Specialist,,,,,"=""732-978-1555""",,,,,1,1,1,1,1,1,1,1,1,1,,,"=""""",,,
"=""23""",MIDDLESEX,"=""3145""",Educational Services Commission of New Jersey,"=""090""",NuView Academy,Ms.,Bridget,O'Neill-Rosado,School Principal,lisa.williams@escnj.us,1 PARK AVENUE," ",PISCATAWAY,NJ,"=""08854""",1 PARK AVENUE," ",PISCATAWAY,NJ,"=""08854""",Ms.,Amanda,Perelman,Anti-Bullying Specialist,,,,,"=""732-878-0070""",,1,1,1,1,1,1,1,1,1,1,1,1,1,,,"=""00799""",,,
"=""23""",MIDDLESEX,"=""3145""",Educational Services Commission of New Jersey,"=""006""",Piscataway Regional Day School,Ms.,Elizabeth,Fuzy,School Principal,efuzy@escnj.us,1670 STELTON RD," ",PISCATAWAY,NJ,"=""08854-5917""",1670 STELTON RD," ",PISCATAWAY,NJ,"=""08854-5917""",Ms.,Debbie,Bussiere,Anti-Bullying Specialist,,,,,"=""732-985-8752""",,,1,1,1,1,1,1,1,1,1,1,1,1,,,"=""05991""",,,
"=""23""",MIDDLESEX,"=""2150""",Highland Park Boro School District,"=""085""",Bartle Elementary School,Ms.,JENNIFER,KNAPP,School Principal,JKNAPP@HPSCHOOLS.NET,435 MANSFIELD STREET," ",HIGHLAND PARK,NJ,"=""08904""",435 MANSFIELD STREET," ",HIGHLAND PARK,NJ,"=""08904""",Ms.,Tracey,Maiden,Anti-Bullying Specialist,,,,,"=""732-572-4100""",,,,1,1,1,1,,,,,,,,,,"=""03380""",,,
"=""23""",MIDDLESEX,"=""2150""",Highland Park Boro School District,"=""050""",Highland Park High School,Dr.,KRISTINA,DONOVAN,School Principal,KDONOVAN@HPSCHOOLS.NET,102 NORTH FIFTH AVENUE," ",HIGHLAND PARK,NJ,"=""08904""",102 NORTH FIFTH AVENUE," ",HIGHLAND PARK,NJ,"=""08904""",Ms.,Dana,Peterson,Anti-Bullying Specialist,,,,,"=""732-572-2400""",,,,,,,,,,,1,1,1,1,,,"=""03372""",,,
"=""23""",MIDDLESEX,"=""2150""",Highland Park Boro School District,"=""060""",Highland Park Middle School,Ms.,CAITLIN,BRADY,School Principal,CBRADY@HPSCHOOLS.NET,330 WAYNE STREET," ",HIGHLAND PARK,NJ,"=""08904""",330 WAYNE STREET," ",HIGHLAND PARK,NJ,"=""08904""",Mr.,MICHAEL,SPINO,Anti-Bullying Specialist,,,,,"=""732-572-2400""",,,,,,,,1,1,1,,,,,,,"=""06118""",,,
"=""23""",MIDDLESEX,"=""2150""",Highland Park Boro School District,"=""070""",Irving Primary School,Mr.,JUSTIN,GROSSMAN,School Principal,JGROSSMAN@HPSCHOOLS.NET,121 SOUTH ELEVENTH AVENUE," ",HIGHLAND PARK,NJ,"=""08904""",121 SOUTH ELEVENTH AVENUE," ",HIGHLAND PARK,NJ,"=""08904""",Mr.,ROBERT,MARUCA,Anti-Bullying Specialist,,,,,"=""732-572-1205""",1,1,1,,,,,,,,,,,,,,"=""03376""",,,
"=""23""",MIDDLESEX,"=""2370""",Jamesburg Public School District,"=""075""",Grace M. Breckwedel Middle School,Mr.,Chad,Donahue,School Principal,cdonahue@jamesburg.org,13 AUGUSTA ST," ",JAMESBURG,NJ,"=""08831-1457""",13 AUGUSTA ST," ",JAMESBURG,NJ,"=""08831-1457""",Mrs.,Justine,Brozyna,Anti-Bullying Specialist,,,,,"=""732-521-0303""",,,,,,,,1,1,1,,,,,,,"=""03386""",,,
"=""23""",MIDDLESEX,"=""2370""",Jamesburg Public School District,"=""080""",John F. Kennedy Elementary School,Mr.,Michael,Tozzi,School Principal,mtozzi@jamesburg.org,28 FRONT STREET," ",JAMESBURG,NJ,"=""08831""",28 FRONT STREET," ",JAMESBURG,NJ,"=""08831""",Mrs.,Stephanie,Probert,Anti-Bullying Specialist,,,,,"=""732-521-0400""",1,1,1,1,1,1,1,,,,,,,,,,"=""03388""",,,
"=""23""",MIDDLESEX,"=""3120""",Metuchen Public School District,"=""060""",Campbell Elementary School,Dr.,Vincent,Costanza,School Principal,vcostanza@metboe.k12.nj.us,24 DURHAM AVENUE," ",METUCHEN,NJ,"=""08840""",24 DURHAM AVENUE," ",METUCHEN,NJ,"=""08840""",Ms.,Brooke,Kirschner,Anti-Bullying Specialist,,,,,"=""732-321-8777""",,,,,1,1,1,,,,,,,,,,"=""03394""",,,
"=""23""",MIDDLESEX,"=""3120""",Metuchen Public School District,"=""070""",Edgar Middle School,Mrs.,Suzy,Azevedo,School Principal,sazevedo@metboe.k12.nj.us,49 BRUNSWICK AVENUE," ",METUCHEN,NJ,"=""08840""",49 BRUNSWICK AVENUE," ",METUCHEN,NJ,"=""08840""",Mrs.,Neyda,Evans,Anti-Bullying Specialist,,,,,"=""732-321-8770""",,,,,,,,1,1,1,,,,,,,"=""03396""",,,
"=""23""",MIDDLESEX,"=""3120""",Metuchen Public School District,"=""050""",Metuchen High School,Mr.,Edward,Porowski,School Principal,eporowski@metboe.k12.nj.us,400 GROVE AVE," ",METUCHEN,NJ,"=""08840-1104""",400 GROVE AVE," ",METUCHEN,NJ,"=""08840-1104""",Mr.,Brian,Stike,Anti-Bullying Specialist,,,,,"=""732-321-8744""",,,,,,,,,,,1,1,1,1,,,"=""03392""",,,
"=""23""",MIDDLESEX,"=""3120""",Metuchen Public School District,"=""090""",Mildred B. Moss Elementary School,Ms.,Jennifer,Asprocolas,School Principal,jasprocolas@metboe.k12.nj.us,16 SIMPSON PLACE," ",METUCHEN,NJ,"=""08840""",16 SIMPSON PLACE," ",METUCHEN,NJ,"=""08840""",Ms.,Karen,Calantoni,Anti-Bullying Specialist,,,,,"=""732-321-8700""",1,1,1,1,,,,,,,,,,,,,"=""03400""",,,
"=""23""",MIDDLESEX,"=""3140""",Middlesex Borough School District,"=""065""",Hazelwood Elementary School,Dr.,Roxann,Clarke-Holmes,School Principal,clarkeholmesr@middlesex.k12.nj.us,800 HAZELWOOD AVENUE," ",MIDDLESEX,NJ,"=""08846""",800 HAZELWOOD AVENUE," ",MIDDLESEX,NJ,"=""08846""",Ms.,Kelsey,Harcourt,Anti-Bullying Specialist,,,,,"=""732-317-6000""",1,1,1,1,1,,,,,,,,,,,,"=""03406""",,,
"=""23""",MIDDLESEX,"=""3140""",Middlesex Borough School District,"=""050""",Middlesex High School,Mr.,Ryan,Regan,School Principal,reganr@middlesex.k12.nj.us,300 JOHN F. KENNEDY DRIVE," ",MIDDLESEX,NJ,"=""08846-1489""",300 JOHN F. KENNEDY DRIVE," ",MIDDLESEX,NJ,"=""08846-1489""",Mr.,James,Schmitt,Anti-Bullying Specialist,,,,,"=""732-317-6000""",,,,,,,,,,,1,1,1,1,,,"=""03404""",,,
"=""23""",MIDDLESEX,"=""3140""",Middlesex Borough School District,"=""070""",Parker Elementary School,Mr.,Jason,Sirna,School Principal,sirnaj@middlesex.k12.nj.us,SOUTH LINCOLN AVENUE," ",MIDDLESEX,NJ,"=""08846""",SOUTH LINCOLN AVENUE," ",MIDDLESEX,NJ,"=""08846""",Ms.,Carly,Schechter,Anti-Bullying Specialist,,,,,"=""732-317-6000""",,1,1,1,1,,,,,,,,,,,,"=""03408""",,,
"=""23""",MIDDLESEX,"=""3140""",Middlesex Borough School District,"=""085""",Von E. Mauger Middle School,Dr.,Remi,Christofferson,School Principal,christoffersonr@middlesex.k12.nj.us,FISHER AVENUE," ",MIDDLESEX,NJ,"=""08846""",FISHER AVENUE," ",MIDDLESEX,NJ,"=""08846""",Mr.,Timmothy,Morris,Anti-Bullying Specialist,,,,,"=""732-317-6000""",,,,,,,,1,1,1,,,,,,,"=""03412""",,,
"=""23""",MIDDLESEX,"=""3140""",Middlesex Borough School District,"=""090""",Watchung Elementary School,Mrs.,Karen,Dudley,School Principal,dudleyk@middlesex.k12.nj.us,FISHER AVENUE," ",MIDDLESEX,NJ,"=""08846""",FISHER AVENUE," ",MIDDLESEX,NJ,"=""08846""",Mrs.,Leslie,Kauffman,Anti-Bullying Specialist,,,,,"=""732-317-6000""",,1,1,1,1,,,,,,,,,,,,"=""03414""",,,
"=""23""",MIDDLESEX,"=""3140""",Middlesex Borough School District,"=""300""",Woodland Intermediate School,Mrs.,Noemi,Vazquez,School Principal,vazquezn@middlesex.k12.nj.us,Fisher Avenue," ",Middlesex,NJ,"=""08846""",Fisher Avenue," ",Middlesex,NJ,"=""08846""",Mr.,Timothy,Morris,Anti-Bullying Specialist,,,,,"=""732-317-6000""",,,,,,1,1,,,,,,,,,,"=""03535""",,,
"=""23""",MIDDLESEX,"=""3150""",Middlesex County Vocational and Technical School District,"=""040""",East Brunswick Magnet School,Mr.,Michael,Cappiello,School Principal,cappiellom@mcmsnj.net,112 RUES LANE," ",EAST BRUNSWICK,NJ,"=""08816-4235""",112 RUES LANE,"P O  BOX 1070 ",EAST BRUNSWICK,NJ,"=""08816-4235""",,Dana,Gordon,Anti-Bullying Specialist,,,,,"=""732-254-8700""",,,,,,,,,,,1,1,1,1,,,"=""03420""",,,
"=""23""",MIDDLESEX,"=""3150""",Middlesex County Vocational and Technical School District,"=""010""",Edison Academy Magnet School,Mr.,Amro,Mosaad,School Principal,mosaada@mcmsnj.net,100 TECHNOLOGY DRIVE," ",EDISON,NJ,"=""08837""",100 TECHNOLOGY DRIVE," ",EDISON,NJ,"=""08837""",Ms.,Elissa,Goldstein,Anti-Bullying Specialist,,,,,"=""732-452-2600""",,,,,,,,,,,1,1,1,1,,,"=""00395""",,,
"=""23""",MIDDLESEX,"=""3150""",Middlesex County Vocational and Technical School District,"=""302""",Innovation Magnet School,Mrs.,Kelly,Nakielny,School Principal,nakielnyk@mcmsnj.net,2600 Woodbridge Avenue,"Innovation Way ",Edison,NJ,"=""08818""",2600 Woodbridge Avenue,"Innovation Way ",Edison,NJ,"=""08818""",Ms.,Elissa,Goldstein,Anti-Bullying Specialist,,,,,"=""732-257-3300""",,,,,,,,,,,1,1,1,1,,,"=""""",,,
"=""23""",MIDDLESEX,"=""3150""",Middlesex County Vocational and Technical School District,"=""060""",Perth Amboy Magnet School,Mr.,Brian,Bilal,School Principal,bilalb@mcmsnj.net,457 HIGH STREET," ",PERTH AMBOY,NJ,"=""08861""",457 HIGH STREET," ",PERTH AMBOY,NJ,"=""08861""",Ms.,Bridget,Hill,Anti-Bullying Specialist,,,,,"=""732-376-6300""",,,,,,,,,,,1,1,1,1,,,"=""03424""",,,
"=""23""",MIDDLESEX,"=""3150""",Middlesex County Vocational and Technical School District,"=""065""",Piscataway Magnet School,Ms.,Nicole,Slade,School Principal,sladen@mcmsnj.net,21 SUTTONS LANE," ",PISCATAWAY,NJ,"=""08854-5715""",21 SUTTONS LANE," ",PISCATAWAY,NJ,"=""08854-5715""",Ms.,Elisa,Goldstein,Anti-Bullying Specialist,,,,,"=""732-985-0717""",,,,,,,,,,,1,1,1,1,,,"=""03426""",,,
"=""23""",MIDDLESEX,"=""3150""",Middlesex County Vocational and Technical School District,"=""070""",Woodbridge Academy Magnet School,Mr.,Robert,Fuller,School Principal,fullerr@mcmsnj.net,1 CONVERY BOULEVARD," ",WOODBRIDGE,NJ,"=""07095-2650""",1 CONVERY BOULEVARD," ",WOODBRIDGE,NJ,"=""07095-2650""",,Bridget,Hill,Anti-Bullying Specialist,,,,,"=""732-634-5858""",,,,,,,,,,,1,1,1,1,,,"=""03428""",,,
"=""23""",MIDDLESEX,"=""3220""",Milltown School District,"=""050""",Joyce Kilmer School,Mr.,William,Veit,School Principal,wveit@milltownps.org,21 West Church Street," ",Milltown,NJ,"=""08850""",21 West Church Street," ",Milltown,NJ,"=""08850""",Ms.,Taylor,Iasparro,Anti-Bullying Specialist,,,,,"=""732-214-2370""",,,,,,1,1,1,1,1,,,,,,,"=""03432""",,,
"=""23""",MIDDLESEX,"=""3220""",Milltown School District,"=""060""",Parkview  School,Mr.,Eric,Siegel,School Principal,esiegel@milltownps.org,80 VIOLET TERRACE," ",MILLTOWN,NJ,"=""08850""",80 VIOLET TERRACE," ",MILLTOWN,NJ,"=""08850""",Mrs.,Jennfer,Pinnella,Anti-Bullying Specialist,,,,,"=""732-214-2360""",1,1,1,1,1,,,,,,,,,,,,"=""03434""",,,
"=""23""",MIDDLESEX,"=""3290""",Monroe Township School District,"=""300""",Applegarth Elementary School,Ms.,Dawn,Graziano,School Principal,dawn.graziano@monroe.k12.nj.us,227 Applegarth Rd," ",Monroe Twp,NJ,"=""08831""",227 Applegarth Rd," ",Monroe Twp,NJ,"=""08831""",Ms.,Ania,Shanholtzer,Anti-Bullying Specialist,,,,,"=""609-655-0604""",,,,,,1,1,,,,,,,,,,"=""""",,,
"=""23""",MIDDLESEX,"=""3290""",Monroe Township School District,"=""010""",Barclay Brook School,Ms.,Erinn,Mahoney,School Principal,erinn.mahoney@monroe.k12.nj.us,358 BUCKELEW AVENUE," ",MONROE TWP,NJ,"=""08831""",358 BUCKELEW AVENUE," ",MONROE TWP,NJ,"=""08831""",Ms.,Brittney,Ragusa,Anti-Bullying Specialist,,,,,"=""732-521-1000""",1,1,1,1,,,,,,,,,,,,,"=""03440""",,,
"=""23""",MIDDLESEX,"=""3290""",Monroe Township School District,"=""050""",Brookside Elementary School,Mr.,Scott,Sidler,School Principal,scott.sidler@monroe.k12.nj.us,370 BUCKELEW AVENUE," ",MONROE TOWNSHIP,NJ,"=""08831""",370 BUCKELEW AVENUE," ",MONROE TOWNSHIP,NJ,"=""08831""",Ms.,Donna,Colossi,Anti-Bullying Specialist,,,,,"=""732-521-1101""",,,,,1,1,1,,,,,,,,,,"=""06096""",,,
"=""23""",MIDDLESEX,"=""3290""",Monroe Township School District,"=""040""",Mill Lake,Ms.,Pamela,Ackerman-Garcia,School Principal,pamela.ackerman-garcia@monroe.k12.nj.us,115 MONMOUTH ROAD," ",MONROE TWP,NJ,"=""08831""",115 MONMOUTH ROAD," ",MONROE TWP,NJ,"=""08831""",Ms.,Nicole,Mascola,Anti-Bullying Specialist,,,,,"=""732-251-5336""",1,1,1,1,1,,,,,,,,,,,,"=""03446""",,,
"=""23""",MIDDLESEX,"=""3290""",Monroe Township School District,"=""005""",Monroe Township High School,Dr.,Kevin,Higgins,School Principal,kevin.higgins@monroe.k12.nj.us,200 Schoolhouse Road," ",MONROE TOWNSHIP,NJ,"=""08831""",200 Schoolhouse Road," ",MONROE TOWNSHIP,NJ,"=""08831""",Ms.,Brooke,Messinger,Anti-Bullying Specialist,,,,,"=""732-521-2882""",,,,,,,,,,,1,1,1,1,,,"=""03438""",,,
"=""23""",MIDDLESEX,"=""3290""",Monroe Township School District,"=""020""",Monroe Township Middle School,Dr.,James,Higgins,School Principal,james.higgins@monroe.k12.nj.us,1629 PERRINEVILLE ROAD," ",MONROE TOWNSHIP,NJ,"=""08831""",1629 PERRINEVILLE ROAD," ",MONROE TOWNSHIP,NJ,"=""08831""",Ms.,Sarah,Levine,Anti-Bullying Specialist,,,,,"=""732-521-6042""",,,,,,,,1,1,1,,,,,,,"=""03442""",,,
"=""23""",MIDDLESEX,"=""3290""",Monroe Township School District,"=""060""",Oak Tree Elementary School,Mrs.,Patricia,Dinsmore,School Principal,patricia.dinsmore@monroe.k12.nj.us,226 APPLEGARTH ROAD," ",MONROE TOWNSHIP,NJ,"=""08831""",226 APPLEGARTH ROAD," ",MONROE TOWNSHIP,NJ,"=""08831""",Ms.,Lauren,Brenner,Anti-Bullying Specialist,,,,,"=""609-655-7642""",1,1,1,1,1,,,,,,,,,,,,"=""02982""",,,
"=""23""",MIDDLESEX,"=""3290""",Monroe Township School District,"=""030""",Woodland School,Dr.,Orsolina,Cetta,School Principal,orsolina.cetta@monroe.k12.nj.us,42 Harrison Ave," ",Monroe Township,NJ,"=""08831""",42 Harrison Ave," ",Monroe Township,NJ,"=""08831""",Ms.,Jamie,Newcomb,Anti-Bullying Specialist,,,,,"=""732-251-1177""",,,,,,1,1,,,,,,,,,,"=""03444""",,,
"=""23""",MIDDLESEX,"=""3530""",New Brunswick School District,"=""060""",A Chester Redshaw School,Ms.,Juan,Perez,School Principal,juan_perez@nbpsnj.net,216 Livingston Avenue," ",NEW BRUNSWICK,NJ,"=""08901-2930""",216 Livingston Avenue," ",NEW BRUNSWICK,NJ,"=""08901-2930""",Ms.,Eileen,Sheehan,Anti-Bullying Specialist,,,,,"=""732-745-5300""",1,1,1,1,1,1,1,,,,,,,,,,"=""03456""",,,
"=""23""",MIDDLESEX,"=""3530""",New Brunswick School District,"=""300""",Blanquita B. Valenti Community School,Ms.,Ellen,Treadway,School Principal,ellen_treadway@nbpsnj.net,50 Jersey Ave," ",New Brunswick,NJ,"=""08901""",50 Jersey Ave," ",New Brunswick,NJ,"=""08901""",Ms.,Emily,Esposito,Anti-Bullying Specialist,,,,,"=""732-745-5300""",,1,1,1,1,1,1,1,1,1,,,,,,,"=""""",,,
"=""23""",MIDDLESEX,"=""3530""",New Brunswick School District,"=""080""",Lincoln Elementary School,Mrs.,Joann,Kocis,School Principal,joann_kocis@nbpsnj.net,66 BARTLETT STREET," ",NEW BRUNSWICK,NJ,"=""08901-1152""",66 BARTLETT STREET," ",NEW BRUNSWICK,NJ,"=""08901-1152""",Mr.,David,Katz,Anti-Bullying Specialist,,,,,"=""732-745-5300""",,1,1,1,1,1,1,,,,,,,,,,"=""03460""",,,
"=""23""",MIDDLESEX,"=""3530""",New Brunswick School District,"=""090""",Livingston Elementary School,Ms.,Hope,Wilkins,School Principal,hope_wilkins@nbpsnj.net,206 DELAVAN STREET," ",NEW BRUNSWICK,NJ,"=""08901-3035""",206 DELAVAN STREET," ",NEW BRUNSWICK,NJ,"=""08901-3035""",Ms.,Samantha,Mason,Anti-Bullying Specialist,,,,,"=""732-745-5300""",,1,1,1,1,1,1,,,,,,,,,,"=""03462""",,,
"=""23""",MIDDLESEX,"=""3530""",New Brunswick School District,"=""100""",Lord Stirling Community School,Mr.,Kevin,Jarido,School Principal,kevin_jarido@nbpsnj.net,101 REDMOND STREET," ",NEW BRUNSWICK,NJ,"=""08901-1343""",101 REDMOND STREET," ",NEW BRUNSWICK,NJ,"=""08901-1343""",Ms.,Liz,Cruz,Anti-Bullying Specialist,,,,,"=""732-745-5300""",1,1,1,1,1,1,1,,,,,,,,,,"=""03464""",,,
"=""23""",MIDDLESEX,"=""3530""",New Brunswick School District,"=""110""",McKinley Community School,,-,-,School Principal,-,15 VAN DYKE AVE," ",NEW BRUNSWICK,NJ,"=""08901-3255""",15 VAN DYKE AVE," ",NEW BRUNSWICK,NJ,"=""08901-3255""",Ms.,Leslie,Freling,Anti-Bullying Specialist,,,,,"=""732-745-5300""",1,1,1,1,1,1,1,1,1,1,,,,,,,"=""03466""",,,
"=""23""",MIDDLESEX,"=""3530""",New Brunswick School District,"=""020""",New Brunswick Adult High School,Dr.,Janene,Rodriguez,School Principal,janene_rodriguez@nbpsnj.net,268 Baldwin street," ",New Brunswick,NJ,"=""08901""",268 Baldwin street," ",New Brunswick,NJ,"=""08901""",Ms.,Kristina,Ellison,Anti-Bullying Specialist,,,,,"=""732-745-5300""",,,,,,,,,,,,,,,,1,"=""03523""",,,
"=""23""",MIDDLESEX,"=""3530""",New Brunswick School District,"=""050""",New Brunswick High School,Dr.,Cary,Fields,School Principal,cary_fields@nbpsnj.net,1000 Somerset St," ",NEW BRUNSWICK,NJ,"=""08901-3309""",1000 Somerset St," ",NEW BRUNSWICK,NJ,"=""08901-3309""",Ms.,Alisa,Dickson,Anti-Bullying Specialist,,,,,"=""732-745-5300""",,,,,,,,,,,1,1,1,1,,,"=""03454""",,,
"=""23""",MIDDLESEX,"=""3530""",New Brunswick School District,"=""055""",New Brunswick Middle School,Mrs.,Georgette,Gonzalez Lugo,School Principal,georgette_gonzalezlugo@nbpsnj.net,1125 Livingston Avenue," ",NEW BRUNSWICK,NJ,"=""08901""",1125 Livingston Avenue," ",NEW BRUNSWICK,NJ,"=""08901""",Ms.,Daisy,Rocha,Anti-Bullying Specialist,,,,,"=""732-745-5300""",,,,,,,,1,1,1,,,,,,,"=""02936""",,,
"=""23""",MIDDLESEX,"=""3530""",New Brunswick School District,"=""301""",Pathways Middle School,Mr.,Kelly,Mooring,School Principal,kelly_mooring@nbpsnj.net,40 VAN DYKE AVENUE," ",New Brunswick,NJ,"=""08901""",40 VAN DYKE AVENUE," ",New Brunswick,NJ,"=""08901""",Ms.,Cynthia,Fuentes,Anti-Bullying Specialist,,,,,"=""732-745-5300""",,,,,,,,1,1,1,,,,,,,"=""06177""",,,
"=""23""",MIDDLESEX,"=""3530""",New Brunswick School District,"=""123""",Paul Robeson Community School for the Arts,Dr.,Violet,Robinson,School Principal,violet_robinson@nbpsnj.net,199 Paul Robeson Blvd," ",NEW BRUNSWICK,NJ,"=""08901-2734""",199 Paul Robeson Blvd," ",NEW BRUNSWICK,NJ,"=""08901-2734""",Ms.,Isabel,Caicedo,Anti-Bullying Specialist,,,,,"=""732-745-5300""",1,1,1,1,1,1,1,1,1,1,,,,,,,"=""05940""",,,
"=""23""",MIDDLESEX,"=""3530""",New Brunswick School District,"=""140""",Robert J. Boyler Elementary School,Ms.,Michael,Chiodo,School Principal,michael_chiodo@nbpsnj.net,133 TUNISON RD," ",NEW BRUNSWICK,NJ,"=""08901-1652""",133 TUNISON RD," ",NEW BRUNSWICK,NJ,"=""08901-1652""",Ms.,Laurie,Lazovick,Anti-Bullying Specialist,,,,,"=""732-745-5300""",1,1,1,1,1,1,1,1,1,1,,,,,,,"=""03476""",,,
"=""23""",MIDDLESEX,"=""3530""",New Brunswick School District,"=""125""",Roosevelt Elementary School,Mrs.,Gisela,Ciancia,School Principal,gisela_ciancia@nbpsnj.net,83 LIVINGSTON AVE," ",NEW BRUNSWICK,NJ,"=""08901-2522""",83 LIVINGSTON AVE," ",NEW BRUNSWICK,NJ,"=""08901-2522""",Ms.,Radhaisis,Uribe,Anti-Bullying Specialist,,,,,"=""732-745-5300""",,1,1,1,1,1,1,,,,,,,,,,"=""03472""",,,
"=""23""",MIDDLESEX,"=""3620""",North Brunswick Township School District,"=""055""",Arthur M. Judd,Dr.,Veronica,Glover,School Principal,vglover@nbtschools.org,1595 ROOSEVELT AVENUE," ",NORTH BRUNSWICK,NJ,"=""08902""",1595 ROOSEVELT AVENUE," ",NORTH BRUNSWICK,NJ,"=""08902""",Ms.,Genevieve,Green,Anti-Bullying Specialist,,,,,"=""732-289-3202""",1,1,1,1,1,1,,,,,,,,,,,"=""03482""",,,
"=""23""",MIDDLESEX,"=""3620""",North Brunswick Township School District,"=""060""",John Adams,Mrs.,Lauren,Finnegan,School Principal,lfinnegan@nbtschools.org,1450 REDMOND STREET," ",NORTH BRUNSWICK,NJ,"=""08902""",1450 REDMOND STREET," ",NORTH BRUNSWICK,NJ,"=""08902""",Mrs.,Lisa,Rudolph,Anti-Bullying Specialist,,,,,"=""732-289-3102""",1,1,1,1,1,1,,,,,,,,,,,"=""03484""",,,
"=""23""",MIDDLESEX,"=""3620""",North Brunswick Township School District,"=""065""",Linwood School,Mr.,Janton (J.D.),Shorter,School Principal,jshorter@nbtschools.org,25 LINWOOD PLACE," ",NORTH BRUNSWICK,NJ,"=""08902""",25 LINWOOD PLACE," ",NORTH BRUNSWICK,NJ,"=""08902""",Ms.,Nicole,LaTorre,Anti-Bullying Specialist,,,,,"=""732-289-3600""",,,,,,,1,1,,,,,,,,,"=""03486""",,,
"=""23""",MIDDLESEX,"=""3620""",North Brunswick Township School District,"=""070""",Livingston Park,Mr.,Sidney,Dawson,School Principal,sdawson@nbtschools.org,1128 LIVINGSTON AVENUE," ",NORTH BRUNSWICK,NJ,"=""08902""",1128 LIVINGSTON AVENUE," ",NORTH BRUNSWICK,NJ,"=""08902""",Ms.,Diane,Mory,Anti-Bullying Specialist,,,,,"=""732-289-3302""",1,1,1,1,1,1,,,,,,,,,,,"=""03488""",,,
"=""23""",MIDDLESEX,"=""3620""",North Brunswick Township School District,"=""040""",North Brunswick Township High School,Mr.,Michael,Kneller,School Principal,mkneller@nbtschools.org,98 RAIDER ROAD," ",NORTH BRUNSWICK,NJ,"=""08902-9607""",98 RAIDER ROAD," ",NORTH BRUNSWICK,NJ,"=""08902-9607""",Ms.,Rebecca,Petronko,Anti-Bullying Specialist,,,,,"=""732-289-3702""",,,,,,,,,,,1,1,1,1,,,"=""03480""",,,
"=""23""",MIDDLESEX,"=""3620""",North Brunswick Township School District,"=""301""",North Brunswick Twp Early Childhood Center,Mr.,Scott,Passner,School Principal,spassner@nbtschools.org,25 Linwood Place," ",North Brunswick,NJ,"=""08902""",25 Linwood Place," ",North Brunswick,NJ,"=""08902""",Ms.,CarrieAnn,Egan-Ragavas,Anti-Bullying Specialist,,,,,"=""732-289-3600""",1,,,,,,,,,,,,,,,,"=""03537""",,,
"=""23""",MIDDLESEX,"=""3620""",North Brunswick Township School District,"=""300""",North Brunswick Twp. Middle School,Mr.,Richard,Selover,School Principal,rselover@nbtschools.org,100 Renaissance Blvd," ",North Brunswick,NJ,"=""08902""",100 Renaissance Blvd," ",North Brunswick,NJ,"=""08902""",Ms.,Nada,Marsh,Anti-Bullying Specialist,,,,,"=""732-289-3000""",,,,,,,,,1,1,,,,,,,"=""03511""",,,
"=""23""",MIDDLESEX,"=""3620""",North Brunswick Township School District,"=""090""",Parsons,Mrs.,Tracy,Quattrocchi,School Principal,tquattrocchi@nbtschools.org,116 HOLLYWOOD STREET," ",NORTH BRUNSWICK,NJ,"=""08902""",116 HOLLYWOOD STREET," ",NORTH BRUNSWICK,NJ,"=""08902""",Ms.,Cassidy,Varga,Anti-Bullying Specialist,,,,,"=""732-289-3402""",1,1,1,1,1,1,,,,,,,,,,,"=""03490""",,,
"=""23""",MIDDLESEX,"=""3845""",Old Bridge Township School District,"=""082""",Alan B. Shepard Elementary School,Mr.,Joseph,Marinzoli,School Principal,Joseph.Marinzoli@obps.org,33 BUSHNELL RD," ",OLD BRIDGE,NJ,"=""08857-2320""",33 BUSHNELL RD," ",OLD BRIDGE,NJ,"=""08857-2320""",Ms.,Jean,Czarkowski,Anti-Bullying Specialist,,,,,"=""732-360-4499""",,1,1,1,1,1,1,,,,,,,,,,"=""03498""",,,
"=""23""",MIDDLESEX,"=""3845""",Old Bridge Township School District,"=""103""",Carl Sandburg Middle School,Mr.,Timothy,Dolan,School Principal,tdolan@obps.org,3439 ROUTE 516," ",OLD BRIDGE,NJ,"=""08857""",3439 ROUTE 516," ",OLD BRIDGE,NJ,"=""08857""",Mrs.,Cassandra,Mercuri,Anti-Bullying Specialist,,,,,"=""732-360-4400""",,,,,,,,1,1,1,,,,,,,"=""03500""",,,
"=""23""",MIDDLESEX,"=""3845""",Old Bridge Township School District,"=""108""",James A. McDivitt Elementary School,Mrs.,Laurie,Coletti,School Principal,Laurie.Coletti@obps.org,1 MANNY MARTIN WAY," ",OLD BRIDGE,NJ,"=""08857""",1 MANNY MARTIN WAY," ",OLD BRIDGE,NJ,"=""08857""",Mrs.,Phyllis,Bloom,Anti-Bullying Specialist,,,,,"=""732-360-4512""",,1,1,1,1,1,1,,,,,,,,,,"=""03504""",,,
"=""23""",MIDDLESEX,"=""3845""",Old Bridge Township School District,"=""110""",Jonas Salk Middle School,Mr.,William,Rezes,School Principal,William.Rezes@obps.org,155 W GREYSTONE ROAD," ",OLD BRIDGE,NJ,"=""08857-9625""",155 W GREYSTONE ROAD," ",OLD BRIDGE,NJ,"=""08857-9625""",Mrs.,Rose,Borstein-Bedoya,Anti-Bullying Specialist,,,,,"=""732-360-4519""",,,,,,,,1,1,1,,,,,,,"=""03508""",,,
"=""23""",MIDDLESEX,"=""3845""",Old Bridge Township School District,"=""113""",Leroy Gordon Cooper Elementary School,Dr.,Cathy,Gramata,School Principal,cgramata@obps.org,160 BIRCHWOOD DRIVE," ",CLIFFWOOD BEACH,NJ,"=""07735-6123""",160 BIRCHWOOD DRIVE," ",CLIFFWOOD BEACH,NJ,"=""07735-6123""",Ms.,Danielle,Donatelli,Anti-Bullying Specialist,,,,,"=""732-290-3881""",,1,1,1,1,1,1,,,,,,,,,,"=""03510""",,,
"=""23""",MIDDLESEX,"=""3845""",Old Bridge Township School District,"=""133""",M. Scott Carpenter Elementary School,Mr.,Christopher,McCue,School Principal,cmccue@obps.org,ONE PAR AVENUE," ",OLD BRIDGE,NJ,"=""08857-3045""",ONE PAR AVENUE," ",OLD BRIDGE,NJ,"=""08857-3045""",Ms.,Dan,Sullivan,Anti-Bullying Specialist,,,,,"=""732-360-4452""",,1,1,1,1,1,1,,,,,,,,,,"=""03516""",,,
"=""23""",MIDDLESEX,"=""3845""",Old Bridge Township School District,"=""120""",Madison Park Elementary School,Mr.,John,Daly,School Principal,john.daly@obps.org,33 HARVARD RD," ",PARLIN,NJ,"=""08859-1211""",33 HARVARD RD," ",PARLIN,NJ,"=""08859-1211""",Ms.,Amy,Najarian,Anti-Bullying Specialist,,,,,"=""732-360-4485""",,1,1,1,1,1,1,,,,,,,,,,"=""03512""",,,
"=""23""",MIDDLESEX,"=""3845""",Old Bridge Township School District,"=""130""",Memorial Elementary School,Mrs.,Angela,Ziemba,School Principal,aziemba@obps.org,11 ELY AVE," ",LAURENCE HARBOR,NJ,"=""08879""",11 ELY AVE," ",LAURENCE HARBOR,NJ,"=""08879""",Mrs.,Kim,Sautner,Anti-Bullying Specialist,,,,,"=""732-290-3876""",,1,1,1,1,1,1,,,,,,,,,,"=""03514""",,,
"=""23""",MIDDLESEX,"=""3845""",Old Bridge Township School District,"=""040""",Old Bridge High School,Mrs.,Sally,Fazio,School Principal,sfazio@obps.org,4209 ROUTE 516," ",MATAWAN,NJ,"=""07747""",4209 ROUTE 516," ",MATAWAN,NJ,"=""07747""",Ms.,Jennifer,McCann,Anti-Bullying Specialist,,,,,"=""732-290-3900""",,,,,,,,,,,1,1,1,1,,,"=""03496""",,,
"=""23""",MIDDLESEX,"=""3845""",Old Bridge Township School District,"=""140""",Raymond E. Voorhees Elementary School,Dr.,Anthoy,Arico,School Principal,aarico@obps.org,11 LIBERTY STREET," ",OLD BRIDGE,NJ,"=""08857-3414""",11 LIBERTY STREET," ",OLD BRIDGE,NJ,"=""08857-3414""",Mrs.,Rebecca,Budrecki,Anti-Bullying Specialist,,,,,"=""732-360-4544""",,1,1,1,1,1,1,,,,,,,,,,"=""03518""",,,
"=""23""",MIDDLESEX,"=""3845""",Old Bridge Township School District,"=""150""",Southwood Elementary School,Mrs.,Karen,Foley,School Principal,Karen.Foley@obps.org,64 SOUTHWOOD DR," ",OLD BRIDGE,NJ,"=""08857-1453""",64 SOUTHWOOD DR," ",OLD BRIDGE,NJ,"=""08857-1453""",Ms.,Jennifer,Collins,Anti-Bullying Specialist,,,,,"=""732-360-4539""",1,1,1,1,1,1,1,,,,,,,,,,"=""03520""",,,
"=""23""",MIDDLESEX,"=""3845""",Old Bridge Township School District,"=""163""",Virgil I. Grissom Elementary School,Dr.,Thomas,Ferry,School Principal,tferry@obps.org,ONE SIMS AVENUE," ",OLD BRIDGE,NJ,"=""08857-1435""",ONE SIMS AVENUE," ",OLD BRIDGE,NJ,"=""08857-1435""",,Jessica,Tranchina,Anti-Bullying Specialist,,,,,"=""732-360-4481""",,1,1,1,1,1,1,,,,,,,,,,"=""03522""",,,
"=""23""",MIDDLESEX,"=""3845""",Old Bridge Township School District,"=""165""",Walter M. Schirra Elementary School,Mrs.,Courtney,Lowery,School Principal,clowery@obps.org,ONE AWN ST," ",OLD BRIDGE,NJ,"=""08857-1819""",ONE AWN ST," ",OLD BRIDGE,NJ,"=""08857-1819""",Ms.,Kristen,Todd,Anti-Bullying Specialist,,,,,"=""732-360-4495""",,1,1,1,1,1,1,,,,,,,,,,"=""03524""",,,
"=""23""",MIDDLESEX,"=""3845""",Old Bridge Township School District,"=""170""",William A. Miller Elementary School,Dr.,Kimberley,Giles,School Principal,Kimberley.Giles@obps.org,2 OLD MATAWAN ROAD," ",OLD BRIDGE,NJ,"=""08857""",2 OLD MATAWAN ROAD," ",OLD BRIDGE,NJ,"=""08857""",Ms.,Frances,Johnson,Anti-Bullying Specialist,,,,,"=""732-360-4589""",,1,1,1,1,1,1,,,,,,,,,,"=""00195""",,,
"=""23""",MIDDLESEX,"=""4090""",Perth Amboy Public School District,"=""070""",Anthony V. Ceres Elementary School,Dr.,Regina,Postagna,School Principal,regipostogna@paps.net,445 STATE STREET," ",PERTH AMBOY,NJ,"=""08861-3534""",445 STATE STREET," ",PERTH AMBOY,NJ,"=""08861-3534""",Ms.,Rosalie,LaRosa Anstett,Anti-Bullying Specialist,,,,,"=""732-376-6020""",,1,1,1,1,1,1,,,,,,,,,,"=""03534""",,,
"=""23""",MIDDLESEX,"=""4090""",Perth Amboy Public School District,"=""300""",Dual Language School,Ms.,Lillianne,Cruz-Argemil,School Principal,LILLCRUZ-ARGEMIL@paps.net,300 Eagle Avenue," ",Perth Amboy,NJ,"=""08861""",300 Eagle Avenue," ",Perth Amboy,NJ,"=""08861""",Ms.,Kelly,Cosme,Anti-Bullying Specialist,,,,,"=""732-376-6200""",,,,,,1,1,1,,,,,,,,,"=""""",,,
"=""23""",MIDDLESEX,"=""4090""",Perth Amboy Public School District,"=""080""",Edmund Hmieleski Early Childhood Center,Dr.,Lauren,Marrocco,School Principal,LAURMARROCCO@paps.netgeramast@paps.net,925 AMBOY AVENUE," ",PERTH AMBOY,NJ,"=""08861""",925 AMBOY AVENUE," ",PERTH AMBOY,NJ,"=""08861""",Dr.,Lauren,Marrocco,Anti-Bullying Specialist,,,,,"=""732-376-5460""",1,,,,,,,,,,,,,,,,"=""02998""",,,
"=""23""",MIDDLESEX,"=""4090""",Perth Amboy Public School District,"=""065""",Edward J. Patten Elementary School,Ms.,Jennifer,Joseph,School Principal,jjoseph@paps.net,500 CHARLES STREET," ",PERTH AMBOY,NJ,"=""08861""",500 CHARLES STREET," ",PERTH AMBOY,NJ,"=""08861""",Mr.,Luke,Weisenback,Anti-Bullying Specialist,,,,,"=""732-376-6050""",,1,1,1,1,1,1,,,,,,,,,,"=""00152""",,,
"=""23""",MIDDLESEX,"=""4090""",Perth Amboy Public School District,"=""130""",Herbert N. Richardson 21st Century School,Mr.,Ronald,Mascenik,School Principal,ronamascenik@paps.net,318 STOCKTON STREET," ",PERTH AMBOY,NJ,"=""08861-3910""",318 STOCKTON STREET," ",PERTH AMBOY,NJ,"=""08861-3910""",Mr.,Ronald,Mascenik,Anti-Bullying Specialist,,,,,"=""732-376-6010""",,1,1,1,1,1,1,,,,,,,,,,"=""03540""",,,
"=""23""",MIDDLESEX,"=""4090""",Perth Amboy Public School District,"=""075""",Ignacio Cruz Early Childhood Center,Ms.,Pamela,Spindel,School Principal,pamespindel@paps.net,601 CORTLANDT ST," ",PERTH AMBOY,NJ,"=""08861""",601 CORTLANDT ST," ",PERTH AMBOY,NJ,"=""08861""",Ms.,Pamela,Spindel,Anti-Bullying Specialist,,,,,"=""732-376-6250""",1,,,,,,,,,,,,,,,,"=""00551""",,,
"=""23""",MIDDLESEX,"=""4090""",Perth Amboy Public School District,"=""145""",James J. Flynn Elementary School,Mr.,Derrick,Kyriacou,School Principal,DERRKYRIACOU@paps.net,850 CHAMBERLAIN AVENUE," ",PERTH AMBOY,NJ,"=""08861-1705""",850 CHAMBERLAIN AVENUE," ",PERTH AMBOY,NJ,"=""08861-1705""",Mr.,Luis,Ortega,Anti-Bullying Specialist,,,,,"=""732-376-6080""",,1,1,1,1,1,1,,,,,,,,,,"=""03544""",,,
"=""23""",MIDDLESEX,"=""4090""",Perth Amboy Public School District,"=""050""",Perth Amboy High School,Ms.,Karla,Garcia,School Principal,karlgarcia@paps.net,931 Convery Blvd," ",PERTH AMBOY,NJ,"=""08861""",931 Convery Blvd," ",PERTH AMBOY,NJ,"=""08861""",Mr.,Daniel,Carhart,Anti-Bullying Specialist,,,,,"=""732-376-6030""",,,,,,,,,,,1,1,1,1,,,"=""03530""",,,
"=""23""",MIDDLESEX,"=""4090""",Perth Amboy Public School District,"=""200""",Robert N. Wilentz Elementary School,Ms.,Robyn,Carrera,School Principal,robycarrera@paps.net,51 FIRST STREET," ",PERTH AMBOY,NJ,"=""08861""",51 FIRST STREET," ",PERTH AMBOY,NJ,"=""08861""",Mr.,Stephen,Dominguez,Anti-Bullying Specialist,,,,,"=""732-376-6070""",,1,1,1,1,1,1,,,,,,,,,,"=""00404""",,,
"=""23""",MIDDLESEX,"=""4090""",Perth Amboy Public School District,"=""301""",Rose M. Lopez Elementary School,Mr.,Edwin,Nieves,School Principal,edwinieves@paps.net,435 Seaman Avenue," ",Perth Amboy,NJ,"=""08861""",435 Seaman Avenue," ",Perth Amboy,NJ,"=""08861""",Mrs.,Noemi,Natal-Villegas,Anti-Bullying Specialist,,,,,"=""732-376-6214""",,1,1,1,1,,,,,,,,,,,,"=""03467""",,,
"=""23""",MIDDLESEX,"=""4090""",Perth Amboy Public School District,"=""150""",Samuel E. Shull Middle School,Dr.,Charles,Ezell,School Principal,CEZELL@paps.net,380 HALL AVENUE," ",PERTH AMBOY,NJ,"=""08861-3205""",380 HALL AVENUE," ",PERTH AMBOY,NJ,"=""08861-3205""",Mr.,Alexandre,Lopes,Anti-Bullying Specialist,,,,,"=""732-376-6060""",,,,,,,,1,1,1,,,,,,,"=""03548""",,,
"=""23""",MIDDLESEX,"=""4090""",Perth Amboy Public School District,"=""140""",William C. McGinnis Middle School,Mr.,David,Loniewski,School Principal,daviloniewski@paps.net,271 STATE STREET," ",PERTH AMBOY,NJ,"=""08861-4347""",271 STATE STREET," ",PERTH AMBOY,NJ,"=""08861-4347""",Mr.,Frank,Romano,Anti-Bullying Specialist,,,,,"=""732-376-6040""",,,,,,,,1,1,1,,,,,,,"=""03542""",,,
"=""23""",MIDDLESEX,"=""4130""",Piscataway Township School District,"=""060""",Arbor Elementary School,Mrs.,Heather,ODonnell,School Principal,hodonnell@pway.org,1717 LESTER PLACE," ",PISCATAWAY,NJ,"=""08854""",1717 LESTER PLACE," ",PISCATAWAY,NJ,"=""08854""",Ms.,Amy,McLaughlin,Anti-Bullying Specialist,,,,,"=""732-752-8652""",,,,,,1,1,,,,,,,,,,"=""03562""",,,
"=""23""",MIDDLESEX,"=""4130""",Piscataway Township School District,"=""053""",Conackamack Middle School,Dr.,Matthew,Ritchie,School Principal,mritchie@pway.org,5205 WITHERSPOON STREET," ",PISCATAWAY,NJ,"=""08854""",5205 WITHERSPOON STREET," ",PISCATAWAY,NJ,"=""08854""",Ms.,Leisa,Walker,Anti-Bullying Specialist,,,,,"=""732-699-1577""",,,,,,,,1,1,1,,,,,,,"=""03556""",,,
"=""23""",MIDDLESEX,"=""4130""",Piscataway Township School District,"=""065""",Dwight D. Eisenhower Elementary School,Mr.,Vincenzo,Stio,School Principal,vstio@pway.org,360 STELTON ROAD," ",PISCATAWAY,NJ,"=""08854""",360 STELTON ROAD," ",PISCATAWAY,NJ,"=""08854""",Ms.,Sara,Haarburger,Anti-Bullying Specialist,,,,,"=""732-752-1801""",,1,1,1,1,,,,,,,,,,,,"=""03564""",,,
"=""23""",MIDDLESEX,"=""4130""",Piscataway Township School District,"=""080""",Grandview Elementary School,Ms.,Anne,Papenberg,School Principal,apapenberg@pway.org,130 NORTH RANDOLPHVILLE RD," ",PISCATAWAY,NJ,"=""08854""",130 NORTH RANDOLPHVILLE RD," ",PISCATAWAY,NJ,"=""08854""",Mr.,Esteban,Mena,Anti-Bullying Specialist,,,,,"=""732-752-2501""",,1,1,1,1,,,,,,,,,,,,"=""03568""",,,
"=""23""",MIDDLESEX,"=""4130""",Piscataway Township School District,"=""100""",Knollwood Elementary School,Mr.,Kason,Jackson,Acting Principal,kjackson@pway.org,333 WILLOW AVENUE," ",PISCATAWAY,NJ,"=""08854-1332""",333 WILLOW AVENUE," ",PISCATAWAY,NJ,"=""08854-1332""",Ms.,Etty,Wajsfeld,Anti-Bullying Specialist,,,,,"=""732-885-1528""",,1,1,1,1,,,,,,,,,,,,"=""00042""",,,
"=""23""",MIDDLESEX,"=""4130""",Piscataway Township School District,"=""105""",Martin Luther King Elementary School,Mr.,Andrew,Kehoe,School Principal,akehoe@pway.org,5205 LUDLOW STREET," ",PISCATAWAY,NJ,"=""08854""",5205 LUDLOW STREET," ",PISCATAWAY,NJ,"=""08854""",Mr.,Nicholas,Kaiafas,Anti-Bullying Specialist,,,,,"=""732-699-1563""",,,,,,1,1,,,,,,,,,,"=""03572""",,,
"=""23""",MIDDLESEX,"=""4130""",Piscataway Township School District,"=""050""",Piscataway Township High School,Mr.,Christopher,Baldassano,School Principal,cbaldassano@pway.org,100 BEHMER ROAD," ",PISCATAWAY,NJ,"=""08854""",100 BEHMER ROAD," ",PISCATAWAY,NJ,"=""08854""",Ms.,Diana,Nehrebecki,Anti-Bullying Specialist,,,,,"=""732-981-0700""",,,,,,,,,,,1,1,1,1,,,"=""03554""",,,
"=""23""",MIDDLESEX,"=""4130""",Piscataway Township School District,"=""300""",Piscataway Township Schools Children's Corner,Ms.,Kim,Georgeian,School Director,kgeorgeian@pway.org,275 Old New Brunswick Road," ",Piscataway,NJ,"=""08854""",275 Old New Brunswick Road," ",Piscataway,NJ,"=""08854""",Ms.,Maria,Balint,Anti-Bullying Specialist,,,,,"=""732-572-2289""",1,,,,,,,,,,,,,,,,"=""03539""",,,
"=""23""",MIDDLESEX,"=""4130""",Piscataway Township School District,"=""055""",Quibbletown Middle School,Mr.,William,Gonzalez,School Principal,wgonzalez@pway.org,99 ACADEMY STREET," ",PISCATAWAY,NJ,"=""08854""",99 ACADEMY STREET," ",PISCATAWAY,NJ,"=""08854""",Ms.,Catherine,Sotolongo,Anti-Bullying Specialist,,,,,"=""732-752-0444""",,,,,,,,1,1,1,,,,,,,"=""03558""",,,
"=""23""",MIDDLESEX,"=""4130""",Piscataway Township School District,"=""120""",Randolphville Elementary School,Ms.,Stacy,Mingo,School Principal,smingo@pway.org,ONE SUTTIE AVENUE," ",PISCATAWAY,NJ,"=""08854""",ONE SUTTIE AVENUE," ",PISCATAWAY,NJ,"=""08854""",Dr.,Claudia,Emmanuel,Anti-Bullying Specialist,,,,,"=""732-699-1573""",,1,1,1,1,,,,,,,,,,,,"=""03576""",,,
"=""23""",MIDDLESEX,"=""4130""",Piscataway Township School District,"=""057""",Theodore Schor Middle School,Mrs.,Lisa,Parker,School Principal,lparker@pway.org,243 NORTH RANDOLPHVILLE RD," ",PISCATAWAY,NJ,"=""08854""",243 NORTH RANDOLPHVILLE RD," ",PISCATAWAY,NJ,"=""08854""",Ms.,Uma,Patel,Anti-Bullying Specialist,,,,,"=""732-752-4457""",,,,,,,,1,1,1,,,,,,,"=""03560""",,,
"=""23""",MIDDLESEX,"=""4660""",Sayreville School District,"=""301""",Cheesequake School,Mrs.,April,Magistro,School Principal,april.magistro@sayrevillek12.net,111 Highway 34," ",Matawan,NJ,"=""07747""",111 Highway 34," ",Matawan,NJ,"=""07747""",Ms.,Brittany,Buob,Anti-Bullying Specialist,,,,,"=""732-525-5200""",1,,,,,,,,,,,,,,,,"=""03513""",,,
"=""23""",MIDDLESEX,"=""4660""",Sayreville School District,"=""070""",Dwight D. Eisenhower Elementary School,Mr.,Dale,Rubino,School Principal,dale.rubino@sayrevillek12.net,601 ERNSTON ROAD," ",PARLIN,NJ,"=""08859-2126""",601 ERNSTON ROAD," ",PARLIN,NJ,"=""08859-2126""",Mrs.,Jaclyn,Banerman,Anti-Bullying Specialist,,,,,"=""732-525-5230""",,1,1,1,1,,,,,,,,,,,,"=""03586""",,,
"=""23""",MIDDLESEX,"=""4660""",Sayreville School District,"=""060""",Emma Arleth Elementary School,Mr.,Robert,Preston,School Principal,robert.preston@sayrevillek12.net,3198 WASHINGTON ROAD," ",PARLIN,NJ,"=""08859-1558""",3198 WASHINGTON ROAD," ",PARLIN,NJ,"=""08859-1558""",Ms.,Danielle,Romano,Anti-Bullying Specialist,,,,,"=""732-525-5245""",,1,1,1,1,,,,,,,,,,,,"=""03584""",,,
"=""23""",MIDDLESEX,"=""4660""",Sayreville School District,"=""075""",Harry S. Truman Elementary School,Mrs.,Amy,Stueber,School Principal,Amy.Stueber@sayrevillek12.net,ONE TAFT PLACE," ",PARLIN,NJ,"=""08859-1672""",ONE TAFT PLACE," ",PARLIN,NJ,"=""08859-1672""",Ms.,Rachel,Goodman,Anti-Bullying Specialist,,,,,"=""732-525-5215""",,1,1,1,1,,,,,,,,,,,,"=""03588""",,,
"=""23""",MIDDLESEX,"=""4660""",Sayreville School District,"=""300""",Project Before at Selover School,Mrs.,Nina,Obryk,School Principal,nina.obryk@sayrevillek12.net,150 Lincoln St.," ",South Amboy,NJ,"=""08879""",150 Lincoln St.," ",South Amboy,NJ,"=""08879""",Ms.,Liana,Ploskonka,Anti-Bullying Specialist,,,,,"=""732-952-8047""",1,,,,,,,,,,,,,,,,"=""""",,,
"=""23""",MIDDLESEX,"=""4660""",Sayreville School District,"=""085""",Samsel Upper Elementary School,Mrs.,Stacey,Coglianese,School Principal,stacey.coglianese@sayrevillek12.net,298 ERNSTON ROAD," ",PARLIN,NJ,"=""08859""",298 ERNSTON ROAD," ",PARLIN,NJ,"=""08859""",Ms.,Alexandra,Apostolakis,Anti-Bullying Specialist,,,,,"=""732-316-4050""",,,,,,1,1,,,,,,,,,,"=""00553""",,,
"=""23""",MIDDLESEX,"=""4660""",Sayreville School District,"=""055""",Sayreville Middle School,Mr.,Scott,Nurnberger,School Principal,scott.nurnberger@sayrevillek12.net,800 WASHINGTON ROAD," ",PARLIN,NJ,"=""08859-1050""",800 WASHINGTON ROAD," ",PARLIN,NJ,"=""08859-1050""",Mr.,David,Fischer,Anti-Bullying Specialist,,,,,"=""732-525-5290""",,,,,,,,1,1,1,,,,,,,"=""03582""",,,
"=""23""",MIDDLESEX,"=""4660""",Sayreville School District,"=""050""",Sayreville War Memorial High School,Mr.,Richard,Gluchowski,School Principal,richard.gluchowski@sayrevillek12.net,820 WASHINGTON ROAD," ",PARLIN,NJ,"=""08859-1050""",820 WASHINGTON ROAD," ",PARLIN,NJ,"=""08859-1050""",Ms.,Lauren,Sacs,Anti-Bullying Specialist,,,,,"=""732-525-5252""",,,,,,,,,,,1,1,1,1,,,"=""03580""",,https://www.instagram.com/SWMHSBombers,https://x.com/SWMHSBombers
"=""23""",MIDDLESEX,"=""4660""",Sayreville School District,"=""120""",Woodrow Wilson Elementary School,Mr.,Timothy,Byrne,School Principal,Timothy.Byrne@sayrevillek12.net,65 DANE STREET," ",SAYREVILLE,NJ,"=""08872""",65 DANE STREET," ",SAYREVILLE,NJ,"=""08872""",Ms.,Megan,Sullivan,Anti-Bullying Specialist,,,,,"=""732-525-5240""",1,1,1,1,1,,,,,,,,,,,,"=""03598""",,,
"=""23""",MIDDLESEX,"=""4830""",South Amboy School District,"=""060""",South Amboy Elementary,Mr.,Sean,Dunphy,School Principal,sdunphy@sapublicschools.com,249 JOHN STREET," ",SOUTH AMBOY,NJ,"=""08879-1741""",249 JOHN STREET," ",SOUTH AMBOY,NJ,"=""08879-1741""",Mr.,David,Lisowski,Anti-Bullying Specialist,Mr.,David,Lisowski,School Homeless Liaison,"=""732-525-2100""",1,1,1,1,1,1,1,,,,,,,,,,"=""03604""",,,
"=""23""",MIDDLESEX,"=""4830""",South Amboy School District,"=""300""",South Amboy High School,Mrs.,Erin,Lamberson,School Principal,elamberson@sapublicschools.com,200 GOVERNOR HAROLD G HOFFMAN PLAZA," ",SOUTH AMBOY,NJ,"=""08879""",200 GOVERNOR HAROLD G HOFFMAN PLAZA," ",SOUTH AMBOY,NJ,"=""08879""",Mrs.,Madelyn,Rondon,Anti-Bullying Specialist,,,,,"=""732-525-2100""",,,,,,,,,,,,,,,,,"=""""",,,
"=""23""",MIDDLESEX,"=""4830""",South Amboy School District,"=""301""",South Amboy Middle School,Mrs.,Erin,Lamberson,School Principal,elamberson@sapublicschools.com,200 GOVERNOR HAROLD G HOFFMAN PLAZA," ",SOUTH AMBOY,NJ,"=""08879""",200 GOVERNOR HAROLD G HOFFMAN PLAZA," ",SOUTH AMBOY,NJ,"=""08879""",Mrs.,Madelyn,Rondon,Anti-Bullying Specialist,,,,,"=""732-525-2100""",,,,,,,,,,,,,,,,,"=""""",,,
"=""23""",MIDDLESEX,"=""4860""",South Brunswick School District,"=""085""",Brooks Crossing Elementary School,Mr.,Gary,Abbamont,Interim Principal,gary.abbarmont@sbschools.org,50 DEANS RHODE HALL ROAD," ",MONMOUTH JUNCTION,NJ,"=""08852""",50 DEANS RHODE HALL ROAD," ",MONMOUTH JUNCTION,NJ,"=""08852""",Mrs.,Alice,Priano,Anti-Bullying Specialist,,,,,"=""732-821-7478""",,1,1,1,1,1,1,,,,,,,,,,"=""00509""",,,
"=""23""",MIDDLESEX,"=""4860""",South Brunswick School District,"=""055""",Brunswick Acres Elementary School,Mrs.,Stacey,Ta,School Principal,Stacey.Ta@sbschools.org,41 KORY DRIVE," ",KENDALL PARK,NJ,"=""08824""",41 KORY DRIVE," ",KENDALL PARK,NJ,"=""08824""",Ms.,Natalie,Perez-Sudah,Anti-Bullying Specialist,,,,,"=""732-297-6621""",,1,1,1,1,1,1,,,,,,,,,,"=""03612""",,,
"=""23""",MIDDLESEX,"=""4860""",South Brunswick School District,"=""060""",Cambridge Elementary School,Ms.,Christi,Pemberton,School Principal,Christi.Pemberton@sbschools.org,35 CAMBRIDGE ROAD," ",KENDALL PARK,NJ,"=""08824""",35 CAMBRIDGE ROAD," ",KENDALL PARK,NJ,"=""08824""",Mrs.,Brittany,Zaintz,Anti-Bullying Specialist,,,,,"=""732-297-2941""",1,1,1,1,1,1,1,,,,,,,,,,"=""03614""",,,
"=""23""",MIDDLESEX,"=""4860""",South Brunswick School District,"=""070""",Constable Elementary School,Mrs.,Cristina,Vildostegui-Cerra,School Principal,cristina.vildostegui-cerra@sbschools.org,29 CONSTABLE ROAD," ",KENDALL PARK,NJ,"=""08824""",29 CONSTABLE ROAD," ",KENDALL PARK,NJ,"=""08824""",Ms.,Victoria,Rheindhardt,Anti-Bullying Specialist,,,,,"=""732-297-2488""",1,1,1,1,1,1,1,,,,,,,,,,"=""03616""",,,
"=""23""",MIDDLESEX,"=""4860""",South Brunswick School District,"=""150""",Crossroads North Middle School,Mrs.,Kimberly,Bynoe,School Principal,kimberly.bynoe@sbschools.org,635 GEORGES ROAD," ",MONMOUTH JUNCTION,NJ,"=""08852""",635 GEORGES ROAD," ",MONMOUTH JUNCTION,NJ,"=""08852""",Ms.,Susan,Dailey,Anti-Bullying Specialist,,,,,"=""732-329-4191""",,,,,,,,1,1,1,,,,,,,"=""00196""",,,
"=""23""",MIDDLESEX,"=""4860""",South Brunswick School District,"=""075""",Crossroads South Middle School,Mrs.,Bonnie,Capes,School Principal,bonnie.capes@sbschools.org,195 Major Road," ",MONMOUTH JUNCTION,NJ,"=""08852""",195 Major Road," ",MONMOUTH JUNCTION,NJ,"=""08852""",Ms.,Jamie,Sutton,Anti-Bullying Specialist,,,,,"=""732-329-4633""",,,,,,,,1,1,1,,,,,,,"=""03618""",,,
"=""23""",MIDDLESEX,"=""4860""",South Brunswick School District,"=""300""",Dayton Elementary School,Mrs.,Megan,Plummer,School Principal,megan.plummer@sbschools.org,310 Georges Road," ",Dayton,NJ,"=""08810""",310 Georges Road," ",Dayton,NJ,"=""08810""",Ms.,Alyssa,Ridente,Anti-Bullying Specialist,,,,,"=""732-329-5200""",1,,,,,,,,,,,,,,,,"=""06156""",,,
"=""23""",MIDDLESEX,"=""4860""",South Brunswick School District,"=""301""",Deans Elementary School,Mrs.,Megan,Plummer,School Principal,megan.plummer@sbschools.org,848 Georges Road," ",Monmouth Junction,NJ,"=""08852""",848 Georges Road," ",Monmouth Junction,NJ,"=""08852""",Mrs.,Alyssa,Ridente,Anti-Bullying Specialist,,,,,"=""732-329-5200""",1,,,,,,,,,,,,,,,,"=""06157""",,,
"=""23""",MIDDLESEX,"=""4860""",South Brunswick School District,"=""095""",Greenbrook Elementary School,Mrs.,Jodi,Mahoney,School Principal,Jodi.Mahoney@sbschools.org,23 ROBERTS STREET," ",KENDALL PARK,NJ,"=""08824""",23 ROBERTS STREET," ",KENDALL PARK,NJ,"=""08824""",Ms.,Carol,Clark,Anti-Bullying Specialist,,,,,"=""732-297-2480""",1,1,1,1,1,1,1,,,,,,,,,,"=""06007""",,,
"=""23""",MIDDLESEX,"=""4860""",South Brunswick School District,"=""100""",Indian Fields Elementary School,Mr.,Peter,Rattien,School Principal,peter.rattien@sbschools.org,359 RIDGE ROAD," ",DAYTON,NJ,"=""08810""",359 RIDGE ROAD," ",DAYTON,NJ,"=""08810""",Mrs.,Lauren,Esposito,Anti-Bullying Specialist,,,,,"=""732-329-1043""",,1,1,1,1,1,1,,,,,,,,,,"=""00043""",,,
"=""23""",MIDDLESEX,"=""4860""",South Brunswick School District,"=""110""",Monmouth Junction Elementary School,Mr.,Michael,Scheese,School Principal,michael.scheese@sbschools.org,630 RIDGE ROAD," ",MONMOUTH JUNCTION,NJ,"=""08852-9514""",630 RIDGE ROAD," ",MONMOUTH JUNCTION,NJ,"=""08852-9514""",Ms.,Hillary,Jenne,Anti-Bullying Specialist,,,,,"=""732-329-6981""",1,1,1,1,1,1,1,,,,,,,,,,"=""03628""",,,
"=""23""",MIDDLESEX,"=""4860""",South Brunswick School District,"=""050""",South Brunswick High School,Mr.,Peter,Varela,School Principal,Peter.Varela@sbschools.org,750 RIDGE ROAD," ",MONMOUTH JUNCTION,NJ,"=""08852-9721""",750 RIDGE ROAD," ",MONMOUTH JUNCTION,NJ,"=""08852-9721""",Ms.,Anastasia,Marcella,Anti-Bullying Specialist,,,,,"=""732-329-4044""",1,,,,,,,,,,1,1,1,1,,,"=""03610""",,,
"=""23""",MIDDLESEX,"=""4910""",South Plainfield School District,"=""060""",Franklin Elementary School,Mrs.,Shannon,Colucci,School Principal,scolucci@spboe.org,1000 FRANKLIN AVE," ",SOUTH PLAINFIELD,NJ,"=""07080""",1000 FRANKLIN AVE," ",SOUTH PLAINFIELD,NJ,"=""07080""",Ms.,Rowena,Wu,Anti-Bullying Specialist,,,,,"=""908-754-4620""",,1,1,1,1,1,,,,,,,,,,,"=""03640""",,,
"=""23""",MIDDLESEX,"=""4910""",South Plainfield School District,"=""070""",Grant Elementary School,Mr.,Kevin,McCaan,School Principal,kmccann@spboe.org,305 CROMWELL PLACE," ",SOUTH PLAINFIELD,NJ,"=""07080""",305 CROMWELL PLACE," ",SOUTH PLAINFIELD,NJ,"=""07080""",Ms.,Julianna,Ferreira,Anti-Bullying Specialist,,,,,"=""908-754-4620""",,,,,,,1,1,,,,,,,,,"=""05999""",,,
"=""23""",MIDDLESEX,"=""4910""",South Plainfield School District,"=""058""",John E. Riley Elementary School,Mr.,Timothy,Coughlin,School Principal,tcoughlin@spboe.org,100 Morris Ave," ",South Plainfield,NJ,"=""07080""",100 Morris Ave," ",South Plainfield,NJ,"=""07080""",Mr.,Timothy,Coughlin,Anti-Bullying Specialist,,,,,"=""908-754-4620""",,1,1,1,1,1,,,,,,,,,,,"=""03638""",,,
"=""23""",MIDDLESEX,"=""4910""",South Plainfield School District,"=""055""",John F Kennedy Elementary School,Mr.,Steven,Wieczorek,School Principal,swieczorek@spboe.org,2900 NORWOOD AVENUE," ",SOUTH PLAINFIELD,NJ,"=""07080""",2900 NORWOOD AVENUE," ",SOUTH PLAINFIELD,NJ,"=""07080""",Ms.,Lauren,Krause,Anti-Bullying Specialist,,,,,"=""908-754-4620""",,1,1,1,1,1,,,,,,,,,,,"=""03636""",,,
"=""23""",MIDDLESEX,"=""4910""",South Plainfield School District,"=""300""",Riley Preschool Annex,Mrs.,Maria,Hennessy,School Principal,mhennessy@spboe.org,125 JACKSON AVENUE," ",SOUTH PLAINFIELD,NJ,"=""07080""",125 JACKSON AVENUE," ",SOUTH PLAINFIELD,NJ,"=""07080""",Mrs.,Maria,Hennessy,Anti-Bullying Specialist,,,,,"=""908-754-4620""",1,,,,,,,,,,,,,,,,"=""06158""",,,
"=""23""",MIDDLESEX,"=""4910""",South Plainfield School District,"=""080""",Roosevelt Elementary School,Dr.,Dana,Karas,School Principal,dkaras@spboe.org,135 JACKSON AVENUE," ",SOUTH PLAINFIELD,NJ,"=""07080""",135 JACKSON AVENUE," ",SOUTH PLAINFIELD,NJ,"=""07080""",Ms.,Lauren,Krause,Anti-Bullying Specialist,,,,,"=""908-754-4620""",,1,1,1,1,1,,,,,,,,,,,"=""03644""",,,
"=""23""",MIDDLESEX,"=""4910""",South Plainfield School District,"=""085""",Roosevelt Preschool Annex,Mrs.,Maria,Hennessy,School Principal,mhennessy@spboe.org,125 JACKSON AVENUE," ",SOUTH PLAINFIELD,NJ,"=""07080""",125 JACKSON AVENUE," ",SOUTH PLAINFIELD,NJ,"=""07080""",Mrs.,Maria,Hennessy,Anti-Bullying Specialist,,,,,"=""908-754-4620""",1,,,,,,,,,,,,,,,,"=""00717""",,,
"=""23""",MIDDLESEX,"=""4910""",South Plainfield School District,"=""050""",South Plainfield High School,Mr.,John,Foscolo,School Principal,jfoscolo@spboe.org,200 LAKE STREET," ",SOUTH PLAINFIELD,NJ,"=""07080""",200 LAKE STREET," ",SOUTH PLAINFIELD,NJ,"=""07080""",Ms.,Joretta,Strayhorn,Anti-Bullying Specialist,,,,,"=""908-754-4620""",,,,,,,,,,,1,1,1,1,,,"=""03632""",,,
"=""23""",MIDDLESEX,"=""4910""",South Plainfield School District,"=""053""",South Plainfield Middle School,Ms.,Shanti,Kantha-Murray,School Principal,smurray@spboe.org,2201 PLAINFIELD AVENUE," ",SOUTH PLAINFIELD,NJ,"=""07080""",2201 PLAINFIELD AVENUE," ",SOUTH PLAINFIELD,NJ,"=""07080""",Ms.,Alia,Aziz,Anti-Bullying Specialist,,,,,"=""908-754-4620""",,,,,,,,,1,1,,,,,,,"=""03634""",,,
"=""23""",MIDDLESEX,"=""4920""",South River Public School District,"=""300""",South River Early Learning Center,Mrs.,Heather,Lieberman,School Principal,hlieberman@srivernj.org,19 Montgomery Street," ",SOUTH RIVER,NJ,"=""08882""",19 Montgomery Street," ",SOUTH RIVER,NJ,"=""08882""",Mrs.,Nicole,Howell,Anti-Bullying Specialist,,,,,"=""732-613-4000""",1,,,,,,,,,,,,,,,,"=""06178""",,,
"=""23""",MIDDLESEX,"=""4920""",South River Public School District,"=""065""",South River Elementary School,Mr.,Christian,Valentin-Gladden,School Principal,cvalentin@srivernj.org,81 JOHNSON PLACE," ",SOUTH RIVER,NJ,"=""08882""",81 JOHNSON PLACE," ",SOUTH RIVER,NJ,"=""08882""",Ms.,Saaz,Grover,Anti-Bullying Specialist,,,,,"=""732-613-4073""",,,,,1,1,1,,,,,,,,,,"=""00236""",,,
"=""23""",MIDDLESEX,"=""4920""",South River Public School District,"=""050""",South River High School,Ms.,Jamie,Kinard,School Principal,jkinard@srivernj.org,11 MONTGOMERY STREET," ",SOUTH RIVER,NJ,"=""08882""",11 MONTGOMERY STREET," ",SOUTH RIVER,NJ,"=""08882""",Ms.,Caitlin,Santaniello,Anti-Bullying Specialist,,,,,"=""732-613-4014""",,,,,,,,,,,1,1,1,1,,,"=""03648""",,,
"=""23""",MIDDLESEX,"=""4920""",South River Public School District,"=""055""",South River Middle School,Mr.,Thomas,Rizk,School Principal,trizk@srivernj.org,3 MONTGOMERY STREET," ",SOUTH RIVER,NJ,"=""08882""",3 MONTGOMERY STREET," ",SOUTH RIVER,NJ,"=""08882""",Ms.,Alexandra,Sondak,Anti-Bullying Specialist,,,,,"=""732-613-4073""",,,,,,,,1,1,1,,,,,,,"=""03650""",,,
"=""23""",MIDDLESEX,"=""4920""",South River Public School District,"=""070""",South River Primary School,Dr.,Heather,Lieberman,School Principal,hlieberman@srivernj.org,22 DAVID STREET," ",SOUTH RIVER,NJ,"=""08882""",22 DAVID STREET," ",SOUTH RIVER,NJ,"=""08882""",Ms.,Nicole,Howell,Anti-Bullying Specialist,,,,,"=""732-613-4006""",1,1,1,1,,,,,,,,,,,,,"=""00548""",,,
"=""23""",MIDDLESEX,"=""4970""",Spotswood Public School District,"=""050""",E Raymond Appleby Elementary School,Ms.,Sean,Henry,School Principal,shenry@spsd.us,23 VLIET STREET," ",SPOTSWOOD,NJ,"=""08884""",23 VLIET STREET," ",SPOTSWOOD,NJ,"=""08884""",Ms.,Lauren,Buchanan,Anti-Bullying Specialist,,,,,"=""732-723-2200""",,,,1,1,1,1,,,,,,,,,,"=""03662""",,,
"=""23""",MIDDLESEX,"=""4970""",Spotswood Public School District,"=""060""",G Austin Schoenly Elementary School,Mrs.,Kate,Gordon,School Principal,kgordon@spsd.us,80 KANE AVENUE," ",SPOTSWOOD,NJ,"=""08884""",80 KANE AVENUE," ",SPOTSWOOD,NJ,"=""08884""",Ms.,Lauren,Buchanan,Anti-Bullying Specialist,,,,,"=""732-723-2200""",1,1,1,,,,,,,,,,,,,,"=""03664""",,,
"=""23""",MIDDLESEX,"=""4970""",Spotswood Public School District,"=""040""",Spotswood High School,Ms.,Amy,Jablonski,School Principal,ajablonski@spsd.us,105 SUMMERHILL ROAD," ",SPOTSWOOD,NJ,"=""08884""",105 SUMMERHILL ROAD," ",SPOTSWOOD,NJ,"=""08884""",Ms.,Lauren,Buchanan,Anti-Bullying Specialist,,,,,"=""732-723-2200""",,,,,,,,,,,1,1,1,1,,,"=""03660""",,,
"=""23""",MIDDLESEX,"=""4970""",Spotswood Public School District,"=""090""",Spotswood Memorial Middle School,Mr.,Daniel,Cugini,School Principal,dcugini@spsd.us,115 SUMMERHILL ROAD," ",SPOTSWOOD,NJ,"=""08884""",115 SUMMERHILL ROAD," ",SPOTSWOOD,NJ,"=""08884""",Mrs.,Lauren,Buchanan,Anti-Bullying Specialist,,,,,"=""732-723-2200""",,,,,,,,1,1,1,,,,,,,"=""00068""",,,
"=""23""",MIDDLESEX,"=""5850""",Woodbridge Township School District,"=""045""",Avenel Middle School,Mr.,Thomas,Leusen,School Principal,thomas.leusen@wtsdnj.com,WOODBINE AVENUE," ",AVENEL,NJ,"=""07001""",85 WOODBINE AVENUE," ",AVENEL,NJ,"=""07001""",Ms.,Allison,Meade,Anti-Bullying Specialist,,,,,"=""732-596-4210""",,,,,,,,1,1,1,,,,,,,"=""05972""",,,
"=""23""",MIDDLESEX,"=""5850""",Woodbridge Township School District,"=""100""",Avenel Street Elementary School,Ms.,Mary,Panko,School Principal,mary.panko@wtsdnj.com,AVENEL STREET," ",AVENEL,NJ,"=""07001-1411""",230 AVENEL STREET," ",AVENEL,NJ,"=""07001-1411""",Ms.,Tina,Caterino,Anti-Bullying Specialist,,,,,"=""732-602-8504""",,1,1,1,1,1,1,,,,,,,,,,"=""03686""",,,
"=""23""",MIDDLESEX,"=""5850""",Woodbridge Township School District,"=""120""",Claremont Avenue Elementary School,Ms.,Joanne,Shafer,School Principal,joanne.shafer@wtsdnj.com,CLAREMONT AVENUE," ",COLONIA,NJ,"=""07067""",90 CLAREMONT AVENUE," ",COLONIA,NJ,"=""07067""",Ms.,Tina,Caterino,Anti-Bullying Specialist,,,,,"=""732-596-4153""",,1,1,1,1,1,1,,,,,,,,,,"=""03690""",,,
"=""23""",MIDDLESEX,"=""5850""",Woodbridge Township School District,"=""020""",Colonia High School,Mr.,Christopher,Chiera,School Principal,christopher.chiera@wtsdnj.com,EAST STREET," ",COLONIA,NJ,"=""07067""",180 EAST STREET," ",COLONIA,NJ,"=""07067""",Mr.,Nicholas,Santangelo,Anti-Bullying Specialist,,,,,"=""732-726-7060""",,,,,,,,,,,1,1,1,1,,,"=""03668""",,,
"=""23""",MIDDLESEX,"=""5850""",Woodbridge Township School District,"=""060""",Colonia Middle School,Mr.,Joseph,Short,School Principal,joseph.short@wtsdnj.com,DELAWARE AVENUE," ",COLONIA,NJ,"=""07067""",100 DELAWARE AVENUE," ",COLONIA,NJ,"=""07067""",Ms.,Greta,Tarabocchia,Anti-Bullying Specialist,,,,,"=""732-396-7000""",,,,,,,,1,1,1,,,,,,,"=""03678""",,,
"=""23""",MIDDLESEX,"=""5850""",Woodbridge Township School District,"=""070""",Fords Middle School,Ms.,Jennifer,Murphy,School Principal,jennifer.murphy@wtsdnj.com,FANNING STREET," ",FORDS,NJ,"=""08863""",100 FANNING STREET," ",FORDS,NJ,"=""08863""",Mr.,David,Musacchio,Anti-Bullying Specialist,,,,,"=""732-596-4200""",,,,,,,,1,1,1,,,,,,,"=""03680""",,,
"=""23""",MIDDLESEX,"=""5850""",Woodbridge Township School District,"=""160""",Indiana Avenue Elementary School,Ms.,Catherine,Wehrle,School Principal,catherine.wehrle@woodbridge.k12.nj.us,INDIANA AVENUE," ",ISELIN,NJ,"=""08830""",256 INDIANA AVENUE," ",ISELIN,NJ,"=""08830""",Ms.,Jamie,Lopes,Anti-Bullying Specialist,,,,,"=""732-602-8518""",,1,1,1,1,1,1,,,,,,,,,,"=""03698""",,,
"=""23""",MIDDLESEX,"=""5850""",Woodbridge Township School District,"=""080""",Iselin Middle School,Ms.,Kelly,Cilento,School Principal,kelly.cilento@wtsdnj.com,900 WOODRUFF STREET," ",ISELIN,NJ,"=""08830""",900 WOODRUFF STREET," ",ISELIN,NJ,"=""08830""",Ms.,Gloria,Pafumi,Anti-Bullying Specialist,,,,,"=""732-602-8450""",,,,,,,,1,1,1,,,,,,,"=""03682""",,,
"=""23""",MIDDLESEX,"=""5850""",Woodbridge Township School District,"=""040""",John F. Kennedy Memorial High School,Dr.,James,Parry,School Principal,james.parry@wtsdnj.com,200 WASHINGTON AVENUE," ",ISELIN,NJ,"=""08830""",200 WASHINGTON AVENUE," ",ISELIN,NJ,"=""08830""",Ms.,Tracey,Blauvelt,Anti-Bullying Specialist,,,,,"=""732-602-8650""",,,,,,,,,,,1,1,1,1,,,"=""03670""",,,
"=""23""",MIDDLESEX,"=""5850""",Woodbridge Township School District,"=""180""",Kennedy Park Elementary School,Ms.,Pamela,Kaminsky,School Principal,pamela.kaminsky@wtsdnj.com,GOODRICH AVENUE," ",ISELIN,NJ,"=""08830""",150 GOODRICH AVENUE," ",ISELIN,NJ,"=""08830""",Ms.,Jennifer,Horvath,Anti-Bullying Specialist,,,,,"=""732-602-8424""",1,1,,,,,,,,,,,,,,,"=""03702""",,,
"=""23""",MIDDLESEX,"=""5850""",Woodbridge Township School District,"=""200""",Lafayette Estates Elementary School,Mr.,Edward,Braunsdorf,School Principal,edward.braunsdorf@wtsdnj.com,FORD AVENUE," ",FORDS,NJ,"=""08863""",500 FORD AVENUE," ",FORDS,NJ,"=""08863""",Ms.,Amy,Moyer,Anti-Bullying Specialist,,,,,"=""732-596-4143""",,1,1,1,1,1,1,,,,,,,,,,"=""03706""",,,
"=""23""",MIDDLESEX,"=""5850""",Woodbridge Township School District,"=""210""",Lynn Crest Elementary School,Mr.,Matthew,Connelly,School Principal,matthew.connelly@wtsdnj.com,98 IRA AVENUE," ",COLONIA,NJ,"=""07067""",98 IRA AVENUE," ",COLONIA,NJ,"=""07067""",Ms.,Colleen,McCabe,Anti-Bullying Specialist,,,,,"=""732-499-6558""",1,1,1,1,1,1,1,,,,,,,,,,"=""03708""",,,
"=""23""",MIDDLESEX,"=""5850""",Woodbridge Township School District,"=""150""",Matthew Jago Elementary School,Mr.,Thomas,Perry,School Principal,thomas.perry@wtsdnj.com,99 CENTRAL AVENUE," ",SEWAREN,NJ,"=""07077""",99 CENTRAL AVENUE," ",SEWAREN,NJ,"=""07077""",Ms.,Bernadette,Adams,Anti-Bullying Specialist,,,,,"=""732-602-8428""",1,1,1,1,1,1,1,,,,,,,,,,"=""03694""",,,
"=""23""",MIDDLESEX,"=""5850""",Woodbridge Township School District,"=""220""",Mawbey Street Elementary School,Ms.,Suzana,Zeitz,School Principal,suzana.zeitz@wtsdnj.com,275 MAWBEY STREET," ",WOODBRIDGE,NJ,"=""07095""",275 MAWBEY STREET," ",WOODBRIDGE,NJ,"=""07095""",Ms.,Bernadette,Adams,Anti-Bullying Specialist,,,,,"=""732-602-8401""",,1,1,1,1,1,1,,,,,,,,,,"=""03710""",,,
"=""23""",MIDDLESEX,"=""5850""",Woodbridge Township School District,"=""230""",Menlo Park Terrace Elementary School,Ms.,Margaret,Truppa,School Principal,margaret.truppa@wtsdnj.com,19 MARYKNOLL ROAD," ",METUCHEN,NJ,"=""08840""",19 MARYKNOLL ROAD,"M.P.T. ",METUCHEN,NJ,"=""08840""",Ms.,Amy,Volpe,Anti-Bullying Specialist,,,,,"=""732-596-4147""",,1,1,1,1,1,1,,,,,,,,,,"=""03712""",,,
"=""23""",MIDDLESEX,"=""5850""",Woodbridge Township School District,"=""240""",Oak Ridge Heights Elementary School,Ms.,Laura,Calabrese,School Principal,laura.calabrese@wtsdnj.com,720 INMAN AVENUE," ",COLONIA,NJ,"=""07067""",720 INMAN AVENUE," ",COLONIA,NJ,"=""07067""",Ms.,Krysten,Thomas,Anti-Bullying Specialist,,,,,"=""732-499-6553""",1,1,1,1,1,1,1,,,,,,,,,,"=""03714""",,,
"=""23""",MIDDLESEX,"=""5850""",Woodbridge Township School District,"=""402""",Oak Tree Road Elementary School,Ms.,Jill,Osborne-Hodes,School Principal,jillmarie.osborne@wtsdnj.com,WILUS WAY," ",ISELIN,NJ,"=""08830""",45 WILUS WAY," ",ISELIN,NJ,"=""08830""",Ms.,Jodi,Disilvestro,Anti-Bullying Specialist,,,,,"=""732-602-8424""",,1,1,1,1,1,1,,,,,,,,,,"=""""",,,
"=""23""",MIDDLESEX,"=""5850""",Woodbridge Township School District,"=""260""",Pennsylvania Avenue Elementary School,Mr.,Robert,Hugelmeyer,School Principal,robert.hugelmeyer@wtsdnj.com,PENNSYLVANIA AVENUE," ",COLONIA,NJ,"=""07067""",80 PENNSYLVANIA AVENUE," ",COLONIA,NJ,"=""07067""",Ms.,Jennifer,Ilaria,Anti-Bullying Specialist,,,,,"=""732-499-6566""",1,1,1,1,1,1,1,,,,,,,,,,"=""03718""",,,
"=""23""",MIDDLESEX,"=""5850""",Woodbridge Township School District,"=""275""",Port Reading Avenue Elementary School,Ms.,Sarah,DeRollo,School Principal,sarah.derollo@wtsdnj.com,TURNER STREET," ",PORT READING,NJ,"=""07064-1326""",77 TURNER STREET," ",PORT READING,NJ,"=""07064-1326""",Ms.,Krysten,Thomas,Anti-Bullying Specialist,,,,,"=""732-602-8409""",,1,1,1,1,1,1,,,,,,,,,,"=""03720""",,,
"=""23""",MIDDLESEX,"=""5850""",Woodbridge Township School District,"=""110""",Robert Mascenik Elementary School,Ms.,Judith,Martino,School Principal,judith.martino@wtsdnj.com,300 BENJAMIN AVENUE," ",ISELIN,NJ,"=""08830""",300 BENJAMIN AVENUE," ",ISELIN,NJ,"=""08830""",Ms.,Jennifer,Horvath,Anti-Bullying Specialist,,,,,"=""732-602-8526""",,1,1,1,1,1,1,,,,,,,,,,"=""03688""",,,
"=""23""",MIDDLESEX,"=""5850""",Woodbridge Township School District,"=""280""",Ross Street Elementary School,Mr.,Warren,Rotella,School Principal,warren.rotella@wtsdnj.com,ROSS STREET," ",WOODBRIDGE,NJ,"=""07095""",110 ROSS STREET," ",WOODBRIDGE,NJ,"=""07095""",Ms.,Amanda,Acheson,Anti-Bullying Specialist,,,,,"=""732-602-8511""",,1,1,1,1,1,1,,,,,,,,,,"=""03722""",,,
"=""23""",MIDDLESEX,"=""5850""",Woodbridge Township School District,"=""320""",Woodbine Avenue Elementary School,Dr.,Robert,Zega,School Principal,robert.zega@wtsdnj.com,WOODBINE AVENUE," ",AVENEL,NJ,"=""07001""",89 WOODBINE AVENUE," ",AVENEL,NJ,"=""07001""",Ms.,Cheryl,Gallagher,Anti-Bullying Specialist,,,,,"=""732-602-8523""",,1,1,1,1,1,1,,,,,,,,,,"=""03726""",,,
"=""23""",MIDDLESEX,"=""5850""",Woodbridge Township School District,"=""050""",Woodbridge High School,Mr.,Scott,Osborne,School Principal,scott.osborne@wtsdnj.com,25 SAMUEL LUPO PLACE," ",WOODBRIDGE,NJ,"=""07095""",25 SAMUEL LUPO PLACE," ",WOODBRIDGE,NJ,"=""07095""",Ms.,Lauren,Rich,Anti-Bullying Specialist,,,,,"=""732-602-8600""",,,,,,,,,,,1,1,1,1,,,"=""03672""",,,
"=""23""",MIDDLESEX,"=""5850""",Woodbridge Township School District,"=""090""",Woodbridge Middle School,Mr.,Jamison,Panko,School Principal,jamison.panko@wtsdnj.com,525 BARRON AVENUE," ",WOODBRIDGE,NJ,"=""07095""",525 BARRON AVENUE," ",WOODBRIDGE,NJ,"=""07095""",Ms.,Denise,Torella,Anti-Bullying Specialist,,,,,"=""732-602-8690""",,,,,,,,1,1,1,,,,,,,"=""03684""",,,
"=""25""",MONMOUTH,"=""0100""",Asbury Park School District,"=""010""",Asbury Park High School,Dr.,Perry,Medina,School Principal,medinap@apboe.org,1003 SUNSET AVENUE," ",ASBURY PARK,NJ,"=""07712-5099""",1003 SUNSET AVENUE," ",ASBURY PARK,NJ,"=""07712-5099""",Mr.,Beverly,Gross,Anti-Bullying Specialist,,,,,"=""732-776-2638""",,,,,,,,,,,1,1,1,1,,,"=""03732""",,,
"=""25""",MONMOUTH,"=""0100""",Asbury Park School District,"=""040""",Bradley Elementary School,Mrs.,Zakiya,DelOrbe,School Principal,delorbez@apboe.org,1100 THIRD AVENUE," ",ASBURY PARK,NJ,"=""07712-5798""",1100 THIRD AVENUE," ",ASBURY PARK,NJ,"=""07712-5798""",Mr.,Marcos,Terreros,Anti-Bullying Specialist,,,,,"=""732-776-3100""",1,1,1,1,,,,,,,,,,,,,"=""03740""",,,
"=""25""",MONMOUTH,"=""0100""",Asbury Park School District,"=""070""","Dr. Martin Luther King, Jr. Middle School",Mr.,Kenya,Moncur,School Principal,moncurk@apboe.org,1200 BANGS AVENUE," ",ASBURY PARK,NJ,"=""07712-6314""",1200 BANGS AVENUE," ",ASBURY PARK,NJ,"=""07712-6314""",Mr.,Bryan,Hackett,Anti-Bullying Specialist,,,,,"=""732-776-2559""",,,,,,,,1,1,1,,,,,,,"=""03742""",,,
"=""25""",MONMOUTH,"=""0100""",Asbury Park School District,"=""100""",Thurgood Marshall Elementary School,Mrs.,Lauren,Schulze,School Principal,schulzel@apboe.org,600 MONROE AVENUE," ",ASBURY PARK,NJ,"=""07712""",600 MONROE AVENUE," ",ASBURY PARK,NJ,"=""07712""",Mr.,Joanne,Major-Phillips,Anti-Bullying Specialist,,,,,"=""732-776-2660""",,,,,1,1,1,,,,,,,,,,"=""00157""",,,
"=""25""",MONMOUTH,"=""0180""",Avon Boro School District,"=""010""",Avon Elementary School,Mrs.,Cathy,Danahy,School Principal,cdanahy@AVONSCHOOL.COM,505 LINCOLN AVENUE," ",AVON,NJ,"=""07717-1150""",505 LINCOLN AVENUE," ",AVON,NJ,"=""07717-1150""",Mrs.,MEREDITH,CAMPBELL,Anti-Bullying Specialist,,,,,"=""732-775-4328""",1,1,1,1,1,1,1,1,1,1,,,,,,,"=""03748""",,,
"=""25""",MONMOUTH,"=""0225""",Bayshore Jointure Commission School District,"=""030""",The Shore Center,Mrs.,Bettyann,Monteleone,School Administrator,bmonteleone@theshorecenter.org,100 Tornillo Way," ",Tinton Falls,NJ,"=""07712""",900 Hope Road," ",Tinton Falls,NJ,"=""07712""",Mrs.,Bettyann,Monteleone,Anti-Bullying Specialist,,,,,"=""732-440-1122""",1,1,1,1,1,1,1,1,1,1,1,1,1,1,,,"=""00719""",,,
"=""25""",MONMOUTH,"=""0270""",Belmar Elementary School District,"=""020""",Belmar Elementary,Mrs.,Sarah,Wilton,School Principal,wilton@belmar.k12.nj.us,1101 MAIN STREET," ",BELMAR,NJ,"=""07719-2727""",1101 MAIN STREET," ",BELMAR,NJ,"=""07719-2727""",Mrs.,Nancy,Brady,Anti-Bullying Specialist,,,,,"=""732-681-2388""",1,1,1,1,1,1,1,1,1,1,,,,,,,"=""03750""",,https://www.instagram.com/belmarschool_nj,
"=""25""",MONMOUTH,"=""0500""",Bradley Beach School District,"=""020""",Bradley Beach Elementary School,Mr.,Michael,Heidelberg,School Principal,mheidelberg@bbesnj.org,515 BRINLEY AVENUE," ",BRADLEY BEACH,NJ,"=""07720-1311""",515 BRINLEY AVENUE," ",BRADLEY BEACH,NJ,"=""07720-1311""",Mrs.,Alison,Zylinski,Anti-Bullying Specialist,,,,,"=""732-775-4413""",1,1,1,1,1,1,1,1,1,1,,,,,,,"=""03752""",,,
"=""25""",MONMOUTH,"=""0560""",Brielle Boro School District,"=""020""",Brielle Elementary School,Mrs.,Stacie,Poelstra,School Principal,spoelstra@brielleschool.org,605 UNION LANE," ",BRIELLE,NJ,"=""08730-1439""",605 UNION LANE," ",BRIELLE,NJ,"=""08730-1439""",Mrs.,Elizabeth,OReilly,Anti-Bullying Specialist,,,,,"=""732-528-6400""",1,1,1,1,1,1,1,1,1,1,,,,,,,"=""03754""",,,
"=""25""",MONMOUTH,"=""0945""",Colts Neck Township School District,"=""030""",Cedar Drive Middle School,Dr.,Colin,Rigby,School Principal,rigby@coltsneckschools.org,73 CEDAR DRIVE," ",COLTS NECK,NJ,"=""07722-1698""",73 CEDAR DRIVE," ",COLTS NECK,NJ,"=""07722-1698""",Ms.,Lauren,Hums,Anti-Bullying Specialist,,,,,"=""732-946-0055""",,,,,,,,1,1,1,,,,,,,"=""03760""",,,
"=""25""",MONMOUTH,"=""0945""",Colts Neck Township School District,"=""050""",Conover Road Elementary School,Mr.,James,Osmond,School Principal,osmond@coltsneckschools.org,76 CONOVER ROAD," ",COLTS NECK,NJ,"=""07722-1250""",76 CONOVER ROAD," ",COLTS NECK,NJ,"=""07722-1250""",Mrs.,Anne,Rauso,Anti-Bullying Specialist,,,,,"=""732-946-0055""",,,,,1,1,1,,,,,,,,,,"=""03762""",,,
"=""25""",MONMOUTH,"=""0945""",Colts Neck Township School District,"=""060""",Conover Road Primary School,Mrs.,Tricia,Barr,School Principal,barr@coltsneckschools.org,56 CONOVER ROAD," ",COLTS NECK,NJ,"=""07722-1250""",56 CONOVER ROAD," ",COLTS NECK,NJ,"=""07722-1250""",Mrs.,Jeanette,Riggleman,Anti-Bullying Specialist,,,,,"=""732-946-0055""",1,1,1,1,,,,,,,,,,,,,"=""00513""",,,
"=""25""",MONMOUTH,"=""1000""",Deal Boro School District,"=""040""",Deal Elementary School,Mr.,Donato,Saponaro,Chief School Administrator,DSaponaro@dealschool.org,201 ROSELD AVENUE," ",DEAL,NJ,"=""07723-1098""",201 ROSELD AVENUE," ",DEAL,NJ,"=""07723-1098""",Mrs.,Claire,Lucarelli,Anti-Bullying Specialist,,,,,"=""732-531-0480""",,1,1,1,1,1,1,1,1,1,,,,,,,"=""03764""",,https://www.instagram.com/dealschool,
"=""25""",MONMOUTH,"=""1260""",Eatontown Public School District,"=""060""",Margaret L Vetter,Mrs.,Angela,Torres,School Principal,atorres@eatontown.org,3 GRANT AVENUE," ",EATONTOWN,NJ,"=""07724-1399""",3 GRANT AVENUE," ",EATONTOWN,NJ,"=""07724-1399""",Ms.,Courtney,Koukourdelis,Anti-Bullying Specialist,,,,,"=""732-542-4644""",1,,,,,1,1,,,,,,,,,,"=""03768""",,,
"=""25""",MONMOUTH,"=""1260""",Eatontown Public School District,"=""080""",Meadowbrook,Mrs.,Tiffany,Boufford,School Principal,tboufford@eatontown.org,65 WYCKOFF ROAD," ",EATONTOWN,NJ,"=""07724-1736""",65 WYCKOFF ROAD," ",EATONTOWN,NJ,"=""07724-1736""",Mrs.,Katelyn,Oesterle,Anti-Bullying Specialist,,,,,"=""732-542-2777""",1,1,1,,,,,,,,,,,,,,"=""03772""",,,
"=""25""",MONMOUTH,"=""1260""",Eatontown Public School District,"=""070""",Memorial Middle School,Mr.,Kristoffer,Brogna,School Principal,kbrogna@eatontown.org,7 GRANT AVENUE," ",EATONTOWN,NJ,"=""07724-1398""",7 GRANT AVENUE," ",EATONTOWN,NJ,"=""07724-1398""",Ms.,Deirdre,Brown,Anti-Bullying Specialist,,,,,"=""732-542-5013""",,,,,,,,1,1,1,,,,,,,"=""03770""",,,
"=""25""",MONMOUTH,"=""1260""",Eatontown Public School District,"=""110""",Woodmere,Dr.,Megan,Okuniewicz,School Principal,mokuniewicz@eatontown.org,65 RALEIGH COURT," ",EATONTOWN,NJ,"=""07724-2192""",65 RALEIGH COURT," ",EATONTOWN,NJ,"=""07724-2192""",Mrs.,Jana,Phelps,Anti-Bullying Specialist,,,,,"=""732-542-3388""",1,,,1,1,,,,,,,,,,,,"=""03774""",,,
"=""25""",MONMOUTH,"=""1440""",Fair Haven School District,"=""050""",Knollwood School,Ms.,Amy,Romano,School Principal,romanoa@fairhaven.edu,224 HANCE ROAD," ",FAIR HAVEN,NJ,"=""07704-3198""",224 HANCE ROAD," ",FAIR HAVEN,NJ,"=""07704-3198""",Mr.,Dave,Croken,Anti-Bullying Specialist,,,,,"=""732-747-0320""",,,,,,1,1,1,1,1,,,,,,,"=""03778""",,,
"=""25""",MONMOUTH,"=""1440""",Fair Haven School District,"=""060""",Viola L Sickles School,Mrs.,Marilyn,Schwartz,School Principal,schwartzm@fairhaven.edu,25 WILLOW STREET," ",FAIR HAVEN,NJ,"=""07704-3599""",25 WILLOW STREET," ",FAIR HAVEN,NJ,"=""07704-3599""",Mrs.,Pamela,Greenhall,Anti-Bullying Specialist,,,,,"=""732-741-6151""",1,1,1,1,1,,,,,,,,,,,,"=""03780""",,,
"=""25""",MONMOUTH,"=""1490""",Farmingdale Public School District,"=""050""",Farmingdale Elementary,Dr.,Edith,Conroy,School Principal,edith.conroy@farmingdaleschool.com,49 Academy Street," ",Farmingdale,NJ,"=""07727""",49 Academy Street," ",Farmingdale,NJ,"=""07727""",Mrs.,Katelyn,Roman,Anti-Bullying Specialist,,,,,"=""732-938-9611""",1,1,1,1,1,1,1,1,1,1,,,,,,,"=""03782""",,,
"=""25""",MONMOUTH,"=""1640""",Freehold Borough School District,"=""060""",Freehold Intermediate School,Mr.,John,Brovak,School Principal,johnb@freeholdboro.k12.nj.us,280 PARK AVENUE," ",FREEHOLD,NJ,"=""07728-2096""",280 PARK AVENUE," ",FREEHOLD,NJ,"=""07728-2096""",Mrs.,Heather,Elkin,Anti-Bullying Specialist,Ms.,Kaitlyn,Rochelle,School Homeless Liaison,"=""732-761-2156""",,,,,,,,1,1,1,,,,,,,"=""03790""",,,
"=""25""",MONMOUTH,"=""1640""",Freehold Borough School District,"=""040""",Freehold Learning Center,Mr.,William,Smith,School Principal,WilliamS@freeholdboro.k12.nj.us,30 Dutch Lane Rd.," ",Freehold,NJ,"=""07728-2212""",30 Dutch Lane Rd.," ",Freehold,NJ,"=""07728-2212""",Mrs.,Kari,Bellotti,Anti-Bullying Specialist,Mrs.,Kari,Bellotti,School Homeless Liaison,"=""732-761-2239""",1,1,1,1,1,,,,,,,,,,,,"=""03788""",,,
"=""25""",MONMOUTH,"=""1640""",Freehold Borough School District,"=""070""",Park Avenue Elementary School,Mr.,Patrick,Mulhern,School Principal,pmulhern@freeholdboro.k12.nj.us,280 Park Avenue," ",Freehold,NJ,"=""07728-2212""",280 Park Avenue.," ",Freehold,NJ,"=""07728-2212""",Ms.,Kaitlyn,Rochelle,Anti-Bullying Specialist,Ms.,Kaitlyn,Rochelle,School Homeless Liaison,"=""732-761-2124""",,,,,1,1,1,,,,,,,,,,"=""03788""",,,
"=""25""",MONMOUTH,"=""1650""",Freehold Regional High School District,"=""010""",Colts Neck High School,Dr.,Brian,Donahue,School Principal,bdonahue@frhsd.com,59 FIVE POINTS ROAD," ",COLTS NECK,NJ,"=""07722-1710""",59 FIVE POINTS ROAD," ",COLTS NECK,NJ,"=""07722-1710""",Ms.,Brittany,Turi,Anti-Bullying Specialist,,,,,"=""732-761-0190""",,,,,,,,,,,1,1,1,1,,,"=""00237""",,,
"=""25""",MONMOUTH,"=""1650""",Freehold Regional High School District,"=""050""",Freehold Borough High School,Mr.,James,Brown,School Principal,james.brown@frhsd.com,2 Robertsville Road," ",FREEHOLD,NJ,"=""07728-1899""",2 Robertsville Road," ",FREEHOLD,NJ,"=""07728-1899""",Ms.,Sierra,Thomas Craig,Anti-Bullying Specialist,,,,,"=""732-431-8360""",,,,,,,,,,,1,1,1,1,,,"=""03796""",,,
"=""25""",MONMOUTH,"=""1650""",Freehold Regional High School District,"=""055""",Freehold Township High School,Dr.,Alicia,Scelso,School Principal,ascelso@frhsd.com,281 Elton Adelphia Road," ",FREEHOLD TWP.,NJ,"=""07728-1899""",281 Elton Adelphia Road," ",FREEHOLD TWP.,NJ,"=""07728-1899""",Ms.,Kristin,Clyne,Anti-Bullying Specialist,,,,,"=""732-431-8460""",,,,,,,,,,,1,1,1,1,,,"=""03798""",,,
"=""25""",MONMOUTH,"=""1650""",Freehold Regional High School District,"=""060""",Howell High School,Mr.,Jeremy,Braverman,School Principal,jbraverman@frhsd.com,405 SQUANKUM  YELLOWBROOK ROAD," ",FARMINGDALE,NJ,"=""07727-3756""",405 SQUANKUM  YELLOWBROOK ROAD," ",FARMINGDALE,NJ,"=""07727-3756""",Ms.,Julie,Adkins,Anti-Bullying Specialist,,,,,"=""732-919-2131""",,,,,,,,,,,1,1,1,1,,,"=""03800""",,,
"=""25""",MONMOUTH,"=""1650""",Freehold Regional High School District,"=""070""",Manalapan High School,Mr.,Shawn,Currie,School Principal,scurrie@frhsd.com,20 CHURCH LANE," ",ENGLISHTOWN,NJ,"=""07726-3498""",20 CHURCH LANE," ",ENGLISHTOWN,NJ,"=""07726-3498""",Ms.,Megan,Mellaci,Anti-Bullying Specialist,,,,,"=""732-792-7200""",,,,,,,,,,,1,1,1,1,,,"=""03802""",,,
"=""25""",MONMOUTH,"=""1650""",Freehold Regional High School District,"=""080""",Marlboro High School,Dr.,Jennifer,Dellett,School Principal,jdellett@frhsd.com,95 NORTH MAIN STREET," ",MARLBORO,NJ,"=""07746-1055""",95 NORTH MAIN STREET," ",MARLBORO,NJ,"=""07746-1055""",Mrs.,Nancy,Bailey,Anti-Bullying Specialist,,,,,"=""732-617-8393""",,,,,,,,,,,1,1,1,1,,,"=""03804""",,,
"=""25""",MONMOUTH,"=""1660""",Freehold Township School District,"=""021""",C. Richard Applegate School,Mr.,Bradley,Millaway,School Principal,bmillaway@freeholdtwp.k12.nj.us,47 JEANNE BRENNAN DRIVE," ",FREEHOLD,NJ,"=""07728-1328""",47 JEANNE BRENNAN DRIVE," ",FREEHOLD,NJ,"=""07728-1328""",Ms.,Diana,Whille,Anti-Bullying Specialist,,,,,"=""732-431-5460""",,1,1,1,1,1,1,,,,,,,,,,"=""03812""",,,
"=""25""",MONMOUTH,"=""1660""",Freehold Township School District,"=""023""",Clifton T. Barkalow School,Dr.,Anne,Kuras,School Principal,akuras@freeholdtwp.k12.nj.us,498 STILLWELLS CORNER ROAD," ",FREEHOLD,NJ,"=""07728-2982""",498 STILLWELLS CORNER ROAD," ",FREEHOLD,NJ,"=""07728-2982""",Ms.,Courtney,Colford,Anti-Bullying Specialist,,,,,"=""732-431-4403""",,,,,,,,1,1,1,,,,,,,"=""03814""",,,
"=""25""",MONMOUTH,"=""1660""",Freehold Township School District,"=""024""",Dwight D. Eisenhower School,Ms.,Tara,Lechner,School Principal,tlechner@freeholdtwp.k12.nj.us,279 BURLINGTON ROAD," ",FREEHOLD,NJ,"=""07728-1599""",279 BURLINGTON ROAD," ",FREEHOLD,NJ,"=""07728-1599""",Ms.,Jessica,Rubman,Anti-Bullying Specialist,,,,,"=""732-431-3910""",,,,,,,,1,1,1,,,,,,,"=""03816""",,,
"=""25""",MONMOUTH,"=""1660""",Freehold Township School District,"=""070""",Early Childhood Learning Center,Ms.,Laura,Cecilione,School Principal,lcecilione@freeholdtwp.k12.nj.us,610 STILLWELLS CORNER ROAD," ",FREEHOLD,NJ,"=""07728""",610 STILLWELLS CORNER ROAD," ",FREEHOLD,NJ,"=""07728""",Ms.,Nancy,Krongold,Anti-Bullying Specialist,,,,,"=""732-866-6858""",1,,,,,,,,,,,,,,,,"=""06120""",,,
"=""25""",MONMOUTH,"=""1660""",Freehold Township School District,"=""020""",Joseph J Catena School,Ms.,Traci,Attardi,School Principal,tattardi@freeholdtwp.k12.nj.us,275 BURLINGTON ROAD," ",FREEHOLD,NJ,"=""07728-1598""",275 BURLINGTON ROAD," ",FREEHOLD,NJ,"=""07728-1598""",Ms.,Jessica,Senna,Anti-Bullying Specialist,,,,,"=""732-431-4430""",,1,1,1,1,1,1,,,,,,,,,,"=""03810""",,,
"=""25""",MONMOUTH,"=""1660""",Freehold Township School District,"=""026""",Laura Donovan School,Ms.,Jennifer,Benbrook,School Principal,jbenbrook@freeholdtwp.k12.nj.us,237 STONEHURST BLVD," ",FREEHOLD,NJ,"=""07728-3198""",237 STONEHURST BLVD," ",FREEHOLD,NJ,"=""07728-3198""",Ms.,Lauren,Wilder,Anti-Bullying Specialist,,,,,"=""732-431-3321""",,1,1,1,1,1,1,,,,,,,,,,"=""03820""",,,
"=""25""",MONMOUTH,"=""1660""",Freehold Township School District,"=""025""",Marshall W. Errickson School,Ms.,Danielle,Parella,School Principal,dparella@freeholdtwp.k12.nj.us,271 ELTON  ADELPHIA ROAD," ",FREEHOLD,NJ,"=""07728-3127""",271 ELTON  ADELPHIA ROAD," ",FREEHOLD,NJ,"=""07728-3127""",Ms.,Kimberly,Fitzpatrick,Anti-Bullying Specialist,,,,,"=""732-431-8022""",,1,1,1,1,1,1,,,,,,,,,,"=""03818""",,,
"=""25""",MONMOUTH,"=""1660""",Freehold Township School District,"=""030""",West Freehold School,Ms.,Cathleen,Rosen,School Principal,crosen@freeholdtwp.k12.nj.us,100 CASTRONOVA WAY," ",FREEHOLD,NJ,"=""07728-2551""",100 CASTRONOVA WAY," ",FREEHOLD,NJ,"=""07728-2551""",Ms.,Erin,Maloney,Anti-Bullying Specialist,,,,,"=""732-431-5101""",1,1,1,1,1,1,1,,,,,,,,,,"=""03822""",,,
"=""25""",MONMOUTH,"=""2105""",Hazlet Township Public School District,"=""060""",Beers Street School,Mr.,Ian,Collis,School Principal,icollis@hazlet.org,610 BEERS STREET," ",HAZLET,NJ,"=""07730-1405""",610 BEERS STREET," ",HAZLET,NJ,"=""07730-1405""",Mrs.,Jennifer,Christ,Anti-Bullying Specialist,,,,,"=""732-264-1107""",,,,,,,1,1,,,,,,,,,"=""03828""",,,https://x.com/BeersStreet
"=""25""",MONMOUTH,"=""2105""",Hazlet Township Public School District,"=""070""",Cove Road School,Mrs.,Dara,VanPelt,School Principal,dvanpelt@hazlet.org,8 COVE ROAD," ",HAZLET,NJ,"=""07730-2137""",8 COVE ROAD," ",HAZLET,NJ,"=""07730-2137""",Mr.,Douglas,Turner,Anti-Bullying Specialist,,,,,"=""732-264-5050""",,,,,,,1,1,,,,,,,,,"=""03830""",,,
"=""25""",MONMOUTH,"=""2105""",Hazlet Township Public School District,"=""105""",Hazlet Middle School,Mr.,Christopher,Albrizio,School Principal,calbrizio@hazlet.org,1639 UNION AVENUE," ",HAZLET,NJ,"=""07730-2454""",1639 UNION AVENUE," ",HAZLET,NJ,"=""07730-2454""",Ms.,Shauna,Kinnaly,Anti-Bullying Specialist,,,,,"=""732-264-0940""",,,,,,,,,1,1,,,,,,,"=""03840""",,,
"=""25""",MONMOUTH,"=""2105""",Hazlet Township Public School District,"=""085""",Lillian Drive School,Mrs.,Teri,Cioffi,School Principal,tcioffi@hazlet.org,28 LILLIAN DRIVE," ",HAZLET,NJ,"=""07730-2631""",28 LILLIAN DRIVE," ",HAZLET,NJ,"=""07730-2631""",Mrs.,Mary Ann,Clark,Anti-Bullying Specialist,,,,,"=""732-787-2332""",,,1,1,1,1,,,,,,,,,,,"=""03832""",,,https://x.com/LillianDriveSch
"=""25""",MONMOUTH,"=""2105""",Hazlet Township Public School District,"=""090""",Middle Road School,Mrs.,Katherine,Egan,School Principal,kegan@hazlet.org,305 MIDDLE ROAD," ",HAZLET,NJ,"=""07730-2343""",305 MIDDLE ROAD," ",HAZLET,NJ,"=""07730-2343""",Ms.,Laurie,Stiga,Anti-Bullying Specialist,,,,,"=""732-264-9012""",,,1,1,1,1,,,,,,,,,,,"=""03834""",,https://www.instagram.com/MRSRoadrunners,https://x.com/MRSRoadrunners
"=""25""",MONMOUTH,"=""2105""",Hazlet Township Public School District,"=""050""",Raritan High School,Dr.,Andrew,Piotrowski,School Principal,apiotrowski@hazlet.org,419 MIDDLE ROAD," ",HAZLET,NJ,"=""07730-2428""",419 MIDDLE ROAD," ",HAZLET,NJ,"=""07730-2428""",Mr.,Michael,Miller,Anti-Bullying Specialist,,,,,"=""732-264-8411""",,,,,,,,,,,1,1,1,1,,,"=""03826""",,,
"=""25""",MONMOUTH,"=""2105""",Hazlet Township Public School District,"=""095""",Raritan Valley School,Mr.,Anthony,Vona,School Principal,Avona@hazlet.org,37 CRESCI BLVD," ",HAZLET,NJ,"=""07730-1168""",37 CRESCI BLVD," ",HAZLET,NJ,"=""07730-1168""",Ms.,Cristy,Molnar,Anti-Bullying Specialist,,,,,"=""732-264-1333""",,,1,1,1,1,,,,,,,,,,,"=""03836""",,https://www.instagram.com/mrvona_rvs_principal,https://x.com/RVSPrincipal_
"=""25""",MONMOUTH,"=""2105""",Hazlet Township Public School District,"=""100""",Sycamore Drive Early Childhood Learning Center,Mr.,Matthew,Dempsey,School Principal,mdempsey@hazlet.org,37 SYCAMORE DRIVE," ",HAZLET,NJ,"=""07730-1859""",37 SYCAMORE DRIVE," ",HAZLET,NJ,"=""07730-1859""",Mrs.,Rene,DiLaurenzio,Anti-Bullying Specialist,,,,,"=""732-264-2180""",1,1,,,,,,,,,,,,,,,"=""03838""",,,
"=""25""",MONMOUTH,"=""1456""",Henry Hudson Regional School District,"=""300""",Atlantic Highlands Elementary School,Mr.,Andrew,Teeple,School Principal,ateeple@henryhudsonreg.k12.nj.us,140 FIRST AVENUE," ",ATLANTIC HIGHLANDS,NJ,"=""07716-1238""",140 FIRST AVENUE," ",ATLANTIC HIGHLANDS,NJ,"=""07716-1238""",Mr.,James,DiLorenzo,Anti-Bullying Specialist,,,,,"=""732-291-2020""",1,1,1,1,1,1,1,1,,,,,,,,,"=""06188""",,,
"=""25""",MONMOUTH,"=""1456""",Henry Hudson Regional School District,"=""301""",Henry Hudson Regional School,Mr.,Kevin,McCarthy,School Principal,kmccarthy@henryhudsonreg.k12.nj.us,1 GRAND TOUR," ",HIGHLANDS,NJ,"=""07732-2039""",1 GRAND TOUR," ",HIGHLANDS,NJ,"=""07732-2039""",Ms.,Rachel,DeWyngaert,Anti-Bullying Specialist,Mrs.,Nora,Green,School Homeless Liaison,"=""732-872-0900""",,,,,,,,,1,1,1,1,1,1,,,"=""06189""",,,
"=""25""",MONMOUTH,"=""1456""",Henry Hudson Regional School District,"=""302""",Highlands Elementary School,Mr.,Eric,Pritchard,School Principal,epritchard@henryhudsonreg.k12.nj.us,360 NAVESINK AVENUE,"Hwy #36 ",HIGHLANDS,NJ,"=""07732-1323""",360 NAVESINK AVENUE,"Hwy #36 ",HIGHLANDS,NJ,"=""07732-1323""",Mr.,James,DiLorenzo,Anti-Bullying Specialist,,,,,"=""732-872-1476""",1,1,1,1,1,1,1,1,,,,,,,,,"=""06190""",,,
"=""25""",MONMOUTH,"=""2230""",Holmdel Township School District,"=""020""",Holmdel High School,Dr.,Michael,Herits,School Principal,mherits@holmdelschools.org,36 CRAWFORDS CORNER ROAD," ",HOLMDEL,NJ,"=""07733-1999""",36 CRAWFORDS CORNER ROAD," ",HOLMDEL,NJ,"=""07733-1999""",Ms.,Lori,Vona,Anti-Bullying Specialist,,,,,"=""732-946-1832""",,,,,,,,,,,1,1,1,1,,,"=""03850""",,,
"=""25""",MONMOUTH,"=""2230""",Holmdel Township School District,"=""050""",Indian Hill School,Ms.,Lisa,Vitale,School Principal,lvitale@holmdelschools.org,735 HOLMDEL ROAD," ",HOLMDEL,NJ,"=""07733-1599""",735 HOLMDEL ROAD," ",HOLMDEL,NJ,"=""07733-1599""",Mrs.,Lauren,Simione,Anti-Bullying Specialist,,,,,"=""732-946-1045""",,,,,,1,1,1,,,,,,,,,"=""03854""",,,
"=""25""",MONMOUTH,"=""2230""",Holmdel Township School District,"=""080""",Village School,Ms.,Tricia,Barrett,School Principal,tbarrett@holmdelschools.org,67 MCCAMPBELL ROAD," ",HOLMDEL,NJ,"=""07733-2299""",67 MCCAMPBELL ROAD," ",HOLMDEL,NJ,"=""07733-2299""",Ms.,Christine,Barbara,Anti-Bullying Specialist,,,,,"=""732-946-1820""",1,1,1,1,1,,,,,,,,,,,,"=""03856""",,,
"=""25""",MONMOUTH,"=""2230""",Holmdel Township School District,"=""030""",William R. Satz School,Ms.,Chantal,Simonelli,School Principal,csimonelli@holmdelschools.org,24 CRAWFORDS CORNER ROAD," ",HOLMDEL,NJ,"=""07733-1998""",24 CRAWFORDS CORNER ROAD," ",HOLMDEL,NJ,"=""07733-1998""",Mr.,James,Bruce,Anti-Bullying Specialist,,,,,"=""732-946-1808""",,,,,,,,,1,1,,,,,,,"=""03852""",,,
"=""25""",MONMOUTH,"=""2290""",Howell Township Public School District,"=""003""",Adelphia Early Learning Center,Ms.,Lynn,Coco,School Principal,lcoco@howell.k12.nj.us,495 ADELPHIA ROAD," ",FREEHOLD,NJ,"=""07728""",495 ADELPHIA ROAD," ",FREEHOLD,NJ,"=""07728""",Ms.,Amanda,Ste Marie,Anti-Bullying Specialist,,,,,"=""732-919-1553""",1,,,,,,,,,,,,,,,,"=""00721""",,,
"=""25""",MONMOUTH,"=""2290""",Howell Township Public School District,"=""005""",Aldrich Elementary School,Mr.,Andrew,Smith,School Principal,asmith@howell.k12.nj.us,615 ALDRICH ROAD," ",HOWELL,NJ,"=""07731-1936""",615 ALDRICH ROAD," ",HOWELL,NJ,"=""07731-1936""",Ms.,Shannon,Cheatum,Anti-Bullying Specialist,,,,,"=""732-751-2483""",,1,1,1,1,1,1,,,,,,,,,,"=""03860""",,,
"=""25""",MONMOUTH,"=""2290""",Howell Township Public School District,"=""010""",Ardena Elementary School,Mr.,Raymond,Gredder,School Principal,rgredder@howell.k12.nj.us,355 ADELPHIA ROAD," ",FARMINGDALE,NJ,"=""07727-3528""",355 ADELPHIA ROAD," ",FARMINGDALE,NJ,"=""07727-3528""",Ms.,Sara,Glynn,Anti-Bullying Specialist,,,,,"=""732-751-2485""",,1,1,1,1,1,1,,,,,,,,,,"=""03862""",,,
"=""25""",MONMOUTH,"=""2290""",Howell Township Public School District,"=""020""",Edith M. Griebling Elementary School,Ms.,Dheranie,Suarez,School Principal,dsuarez@howell.k12.nj.us,130 HAVENS BRIDGE ROAD," ",FARMINGDALE,NJ,"=""07727-3542""",130 HAVENS BRIDGE ROAD," ",FARMINGDALE,NJ,"=""07727-3542""",Ms.,Michele,Stigliano,Anti-Bullying Specialist,,,,,"=""732-751-2487""",,1,1,1,1,1,1,,,,,,,,,,"=""03864""",,,
"=""25""",MONMOUTH,"=""2290""",Howell Township Public School District,"=""012""",Greenville Elementary School,Ms.,Danielle,Palazzolo,School Principal,dpalazzolo@howell.k12.nj.us,210 RAMTOWN  GREENVILLE ROAD," ",HOWELL,NJ,"=""07731""",210 RAMTOWN  GREENVILLE ROAD," ",HOWELL,NJ,"=""07731""",Ms.,Jayme,Begley,Anti-Bullying Specialist,,,,,"=""732-202-1745""",,1,1,1,1,1,1,,,,,,,,,,"=""00722""",,,
"=""25""",MONMOUTH,"=""2290""",Howell Township Public School District,"=""025""",Howell Township Middle School North,Mr.,Paul,Farley,School Principal,pfarley@howell.k12.nj.us,501 SQUANKUM  YELLOWBROOK ROAD," ",FARMINGDALE,NJ,"=""07727""",501 SQUANKUM  YELLOWBROOK ROAD," ",FARMINGDALE,NJ,"=""07727""",Ms.,Julia,Tesoriero,Anti-Bullying Specialist,,,,,"=""732-919-0095""",,,,,,,,1,1,1,,,,,,,"=""00097""",,,
"=""25""",MONMOUTH,"=""2290""",Howell Township Public School District,"=""027""",Howell Township Middle School South,Dr.,Robert,Henig,School Principal,rhenig@howell.k12.nj.us,220 Ramtown-Greenville Road," ",HOWELL,NJ,"=""07731""",220 Ramtown-Greenville Road," ",HOWELL,NJ,"=""07731""",Ms.,Jeanna,Warhurst,Anti-Bullying Specialist,,,,,"=""732-836-1327""",,,,,,,,1,1,1,,,,,,,"=""00331""",,,
"=""25""",MONMOUTH,"=""2290""",Howell Township Public School District,"=""030""",Land O'Pines Elementary School,Mr.,Joseph,Fiore,School Principal,jfiore@howell.k12.nj.us,81 Windeler Road," ",HOWELL,NJ,"=""07731-8700""",1 Pirates Way," ",HOWELL,NJ,"=""07731-8700""",Ms.,Laura,Noseworthy,Anti-Bullying Specialist,,,,,"=""732-751-2489""",,1,1,1,1,1,1,,,,,,,,,,"=""03866""",,,
"=""25""",MONMOUTH,"=""2290""",Howell Township Public School District,"=""045""",Memorial Elementary School,Mr.,John,Kucyk,School Principal,jokucyk@howell.k12.nj.us,485 ADELPHIA ROAD," ",FREEHOLD,NJ,"=""07728""",485 ADELPHIA ROAD," ",FREEHOLD,NJ,"=""07728""",Ms.,Samantha,Murillo,Anti-Bullying Specialist,,,,,"=""732-919-1085""",,1,1,1,1,1,1,,,,,,,,,,"=""06123""",,,
"=""25""",MONMOUTH,"=""2290""",Howell Township Public School District,"=""032""",Newbury Early Learning Center,Ms.,Betty,Ferrigno,School Principal,bferrigno@howell.k12.nj.us,179 NEWBURY ROAD," ",HOWELL,NJ,"=""07731-1813""",179 NEWBURY ROAD," ",HOWELL,NJ,"=""07731-1813""",Ms.,Amanda,Ste Marie,Anti-Bullying Specialist,,,,,"=""732-751-2491""",1,,,,,,,,,,,,,,,,"=""03868""",,,
"=""25""",MONMOUTH,"=""2290""",Howell Township Public School District,"=""035""",Ramtown Elementary School,Mr.,Albert,Bohrer,School Principal,abohrer@howell.k12.nj.us,216 RAMTOWN -GREENVILLE ROAD," ",HOWELL,NJ,"=""07731-0216""",216 RAMTOWN-GREENVILLE ROAD," ",HOWELL,NJ,"=""07731-0216""",Ms.,Nicolette,Salerno,Anti-Bullying Specialist,,,,,"=""732-751-2493""",,1,1,1,1,1,1,,,,,,,,,,"=""03870""",,,
"=""25""",MONMOUTH,"=""2290""",Howell Township Public School District,"=""060""",Taunton Elementary School,Mrs.,Brooke,Napoli,School Principal,bnapoli@howell.k12.nj.us,41 TAUNTON DRIVE," ",HOWELL,NJ,"=""07731-2147""",41 TAUNTON DRIVE," ",HOWELL,NJ,"=""07731-2147""",Ms.,Haley,Petrula,Anti-Bullying Specialist,,,,,"=""732-751-2497""",,1,1,1,1,1,1,,,,,,,,,,"=""03874""",,,
"=""25""",MONMOUTH,"=""2400""",Keansburg School District,"=""050""",Joseph C. Caruso School,Mrs.,Elyse,McMahon,School Principal,emcmahon@keansburg.k12.nj.us,81 Frances Place," ",KEANSBURG,NJ,"=""07734-1596""",81 Frances Place," ",KEANSBURG,NJ,"=""07734-1596""",Ms.,Caitlin,McDonald,Anti-Bullying Specialist,,,,,"=""732-787-2007""",,1,1,1,1,1,1,,,,,,,,,,"=""03884""",,,
"=""25""",MONMOUTH,"=""2400""",Keansburg School District,"=""030""",Joseph R. Bolger Middle School,Mr.,Joseph,LaRocca,School Principal,jlarocca@keansburg.k12.nj.us,100 PALMER PLACE," ",KEANSBURG,NJ,"=""07734-2056""",100 PALMER PLACE," ",KEANSBURG,NJ,"=""07734-2056""",Mrs.,Stefania,Kohler,Anti-Bullying Specialist,,,,,"=""732-787-2007""",,,,,,,,1,1,1,,,,,,,"=""00027""",,,
"=""25""",MONMOUTH,"=""2400""",Keansburg School District,"=""040""",Keansburg Early Learning Center,Ms.,Anne,Hazeldine,School Principal,ahazeldine@keansburg.k12.nj.us,142 PORT MONMOUTH ROAD," ",KEANSBURG,NJ,"=""07734-1998""",142 PORT MONMOUTH ROAD," ",KEANSBURG,NJ,"=""07734-1998""",Ms.,Bonnie,Walling,Anti-Bullying Specialist,,,,,"=""732-787-2007""",1,,,,,,,,,,,,,,,,"=""03882""",,,
"=""25""",MONMOUTH,"=""2400""",Keansburg School District,"=""010""",Keansburg High School,Mr.,Sean,Brophy,School Principal,sbrophy@keansburg.k12.nj.us,140 PORT MONMOUTH ROAD," ",KEANSBURG,NJ,"=""07734-1999""",140 PORT MONMOUTH ROAD," ",KEANSBURG,NJ,"=""07734-1999""",Mrs.,Kelly,King,Anti-Bullying Specialist,,,,,"=""732-787-2007""",,,,,,,,,,,1,1,1,1,,,"=""03880""",,,
"=""25""",MONMOUTH,"=""2430""",Keyport School District,"=""060""",Keyport Central School,Mr.,Kevin,Flynn,School Principal,kflynn@kpsdschools.org,335 BROAD STREET," ",KEYPORT,NJ,"=""07735-1694""",335 BROAD STREET," ",KEYPORT,NJ,"=""07735-1694""",Ms.,Kristy,Marietta,Anti-Bullying Specialist,,,,,"=""732-212-6100""",1,1,1,1,1,1,1,1,1,1,,,,,,,"=""03890""",https://www.facebook.com/KeyportPublicSchools,https://www.instagram.com/Keyportschools,https://x.com/KeyportSchools
"=""25""",MONMOUTH,"=""2430""",Keyport School District,"=""050""",Keyport High School,Mr.,Michael,Waters,School Principal,mwaters@kpsdschools.org,351 BROAD STREET," ",KEYPORT,NJ,"=""07735-1695""",351 BROAD STREET," ",KEYPORT,NJ,"=""07735-1695""",Ms.,Kelly,Cheverino,Anti-Bullying Specialist,,,,,"=""732-212-6100""",,,,,,,,,,,1,1,1,1,,,"=""03888""",https://www.facebook.com/KeyportPublicSchools,https://www.instagram.com/Keyportschools,https://x.com/KeyportSchools
"=""25""",MONMOUTH,"=""2770""",LONG BRANCH PUBLIC SCHOOL District,"=""065""",A A Anastasia Elementary School,Mrs.,MIchelle,Merckx,School Principal,mmerckx@longbranch.k12.nj.us,92 SEVENTH AVENUE," ",LONG BRANCH,NJ,"=""07740""",92 SEVENTH AVENUE," ",LONG BRANCH,NJ,"=""07740""",Mrs.,Lauren,Sweet,Anti-Bullying Specialist,,,,,"=""732-571-3396""",,1,1,1,1,1,1,,,,,,,,,,"=""03908""",,,
"=""25""",MONMOUTH,"=""2770""",LONG BRANCH PUBLIC SCHOOL District,"=""300""",George L Catrambone,Mrs.,Nicole,Carroll,School Principal,ncarroll@longbranch.k12.nj.us,240 Park Avenue," ",Long Branch,NJ,"=""07740""",240 Park Avenue," ",Long Branch,NJ,"=""07740""",Ms.,Gabriela,Stanziale,Anti-Bullying Specialist,,,,,"=""732-222-3215""",,1,1,1,1,1,1,,,,,,,,,,"=""""",,,
"=""25""",MONMOUTH,"=""2770""",LONG BRANCH PUBLIC SCHOOL District,"=""110""",Gregory Elementary School,Mr.,Nikolas,Greenwood,School Principal,ngreenwood@longbranch.k12.nj.us,201 Monmouth Avenue," ",LONG BRANCH,NJ,"=""07740-6992""",201 Monmouth Avenue," ",LONG BRANCH,NJ,"=""07740-6992""",Mr.,Jamil,Pitts,Anti-Bullying Specialist,,,,,"=""732-222-7048""",,1,1,1,1,1,1,,,,,,,,,,"=""03916""",,,
"=""25""",MONMOUTH,"=""2770""",LONG BRANCH PUBLIC SCHOOL District,"=""085""",Joseph M. Ferraina Early Childhood Learning Center,Mrs.,Laura,Bland,School Principal,lbland@longbranch.k12.nj.us,80 AVENEL BOULEVARD," ",LONG BRANCH,NJ,"=""07740""",80 AVENEL BOULEVARD," ",LONG BRANCH,NJ,"=""07740""",Ms.,Betsy,Callaghan,Anti-Bullying Specialist,,,,,"=""732-571-4150""",1,1,,,,,,,,,,,,,,,"=""00333""",,,
"=""25""",MONMOUTH,"=""2770""",LONG BRANCH PUBLIC SCHOOL District,"=""120""",Lenna W. Conrow Elementary School,Mrs.,Bonita,Potter-Brown,School Principal,bpotter-brown@longbranch.k12.nj.us,335 LONG BRANCH AVE," ",LONG BRANCH,NJ,"=""07740""",335 LONG BRANCH AVE," ",LONG BRANCH,NJ,"=""07740""",Ms.,Jen,Gervase,Anti-Bullying Specialist,,,,,"=""732-222-4539""",1,1,,,,,,,,,,,,,,,"=""03918""",,,
"=""25""",MONMOUTH,"=""2770""",LONG BRANCH PUBLIC SCHOOL District,"=""050""",Long Branch High School,Mr.,Vincent,Muscillo,School Administrator,vmuscillo@longbranch.k12.nj.us,404 Indiana Avenue," ",LONG BRANCH,NJ,"=""07740-5557""",404 Indiana Avenue," ",LONG BRANCH,NJ,"=""07740-5557""",Mr.,Amanda,Terry,Anti-Bullying Specialist,,,,,"=""732-229-7300""",,,,,,,,,,,1,1,1,1,,,"=""03904""",,,
"=""25""",MONMOUTH,"=""2770""",LONG BRANCH PUBLIC SCHOOL District,"=""060""",Long Branch Middle School,Mr.,Chris,Volpe,School Principal,cvolpe@longbranch.k12.nj.us,350 INDIANA AVENUE," ",LONG BRANCH,NJ,"=""07740-6192""",350 INDIANA AVENUE," ",LONG BRANCH,NJ,"=""07740-6192""",Mr.,Sean,Mallon,Anti-Bullying Specialist,,,,,"=""732-229-5533""",,,,,,,,1,1,1,,,,,,,"=""03906""",,,
"=""25""",MONMOUTH,"=""2770""",LONG BRANCH PUBLIC SCHOOL District,"=""080""",Morris Avenue Elementry School,Mrs.,Kimberly,Walker,School Principal,kwalker@longbranch.k12.nj.us,318 MORRIS AVENUE," ",LONG BRANCH,NJ,"=""07740""",318 MORRIS AVENUE," ",LONG BRANCH,NJ,"=""07740""",Mrs.,Janise,Stout,Anti-Bullying Specialist,,,,,"=""732-571-3139""",1,1,,,,,,,,,,,,,,,"=""03912""",,,
"=""25""",MONMOUTH,"=""2720""",Little Silver Boro School District,"=""050""",Markham Place School,Mr.,Antonio,Pepe,School Principal,apepe@littlesilverschools.org,95 MARKHAM PLACE," ",LITTLE SILVER,NJ,"=""07739-1496""",95 MARKHAM PLACE," ",LITTLE SILVER,NJ,"=""07739-1496""",Mrs.,Allison,Ponterio,Anti-Bullying Specialist,,,,,"=""732-741-7112""",,,,,,,1,1,1,1,,,,,,,"=""03898""",https://www.facebook.com/MarkhamPlaceSchool,https://www.instagram.com/markhamplaceschool,https://x.com/Warrior_News
"=""25""",MONMOUTH,"=""2720""",Little Silver Boro School District,"=""060""",Point Road School,Dr.,KATHLEEN,STIGLIANO,School Principal,kstigliano@littlesilverschools.org,357 LITTLE SILVER POINT ROAD," ",LITTLE SILVER,NJ,"=""07739-1799""",357 LITTLE SILVER POINT ROAD," ",LITTLE SILVER,NJ,"=""07739-1799""",Ms.,JULIANNA,PEDALINO,Anti-Bullying Specialist,,,,,"=""732-741-4022""",1,1,1,1,1,1,,,,,,,,,,,"=""03900""",https://www.facebook.com/PointRoadSchool,https://www.instagram.com/pointroad2,https://x.com/pointroad2
"=""25""",MONMOUTH,"=""2920""",Manalapan-Englishtown Regional School District,"=""050""",Clark Mills School,Mrs.,Jayme,Orlando,School Principal,jorlando@mersnj.us,34 GORDONS CORNER ROAD," ",MANALAPAN,NJ,"=""07726-3798""",34 GORDONS CORNER ROAD," ",MANALAPAN,NJ,"=""07726-3798""",Ms.,Leanna,Fay,Anti-Bullying Specialist,,,,,"=""732-786-2720""",,,1,1,1,1,1,,,,,,,,,,"=""03926""",,,
"=""25""",MONMOUTH,"=""2920""",Manalapan-Englishtown Regional School District,"=""120""",John I. Dawes Early Learning Center,Mrs.,Melissa,Foy,School Principal,melissafoy@mersnj.us,38 GORDONS CORNER ROAD," ",MANALAPAN,NJ,"=""07726""",38 GORDONS CORNER ROAD," ",MANALAPAN,NJ,"=""07726""",Mrs.,Jill,LoGatto,Anti-Bullying Specialist,,,,,"=""732-786-2830""",1,1,,,,,,,,,,,,,,,"=""02941""",,,
"=""25""",MONMOUTH,"=""2920""",Manalapan-Englishtown Regional School District,"=""055""",Lafayette Mills School,Mr.,Gregory,Duffy,School Principal,gduffy@mersnj.us,66 MAXWELL LANE," ",Manalapan,NJ,"=""07726-2710""",66 MAXWELL LANE," ",Manalapan,NJ,"=""07726-2710""",Ms.,Danielle,Rodriguez,Anti-Bullying Specialist,,,,,"=""732-786-2700""",,,1,1,1,1,1,,,,,,,,,,"=""03928""",,,
"=""25""",MONMOUTH,"=""2920""",Manalapan-Englishtown Regional School District,"=""060""",Manalapan-Englishtown Middle School,Dr.,Michael,Fiorillo,School Principal,michaelfiorillo@mersnj.us,155 MILLHURST ROAD," ",Manalapan,NJ,"=""07726-4006""",155 MILLHURST ROAD," ",Manalapan,NJ,"=""07726-4006""",Ms.,Stephanie,LaMela,Anti-Bullying Specialist,,,,,"=""732-786-2650""",,,,,,,,,1,1,,,,,,,"=""00029""",,,
"=""25""",MONMOUTH,"=""2920""",Manalapan-Englishtown Regional School District,"=""063""",Milford Brook School,Mrs.,Melissa,Tice,School Principal,mtice@mersnj.us,20 GLOBAR  TERRACE," ",Manalapan,NJ,"=""07726-1599""",20 GLOBAR  TERRACE," ",Manalapan,NJ,"=""07726-1599""",Ms.,Tracy,Vail,Anti-Bullying Specialist,,,,,"=""732-786-2780""",,1,1,1,1,1,1,,,,,,,,,,"=""03930""",,,
"=""25""",MONMOUTH,"=""2920""",Manalapan-Englishtown Regional School District,"=""075""",Pine Brook School,Ms.,Julie,Szustowicz,School Principal,jszustowicz@mersnj.us,155 PEASE ROAD," ",Manalapan,NJ,"=""07726-3598""",155 PEASE ROAD," ",Manalapan,NJ,"=""07726-3598""",Ms.,Caitlin,Ambroze,Anti-Bullying Specialist,,,,,"=""732-786-2800""",,,,,,,,1,,,,,,,,,"=""03932""",,,
"=""25""",MONMOUTH,"=""2920""",Manalapan-Englishtown Regional School District,"=""090""",Taylor Mills School,Mrs.,Lia,Camuto,School Principal,lcamuto@mersnj.us,77 GORDONS CORNER ROAD," ",Manalapan,NJ,"=""07726-1599""",77 GORDONS CORNER ROAD," ",Manalapan,NJ,"=""07726-1599""",Ms.,Amy,Russin,Anti-Bullying Specialist,,,,,"=""732-786-2760""",,1,1,1,1,1,1,,,,,,,,,,"=""03936""",,,
"=""25""",MONMOUTH,"=""2920""",Manalapan-Englishtown Regional School District,"=""110""",Wemrock Brook School,Dr.,Rebecca,Seery,School Principal,rseery@mersnj.us,118 MILLHURST ROAD," ",MANALAPAN,NJ,"=""07726""",118 MILLHURST ROAD," ",MANALAPAN,NJ,"=""07726""",Ms.,Christen,Baglieri,Anti-Bullying Specialist,,,,,"=""732-786-2610""",,,1,1,1,1,1,,,,,,,,,,"=""00453""",,,
"=""25""",MONMOUTH,"=""2930""",Manasquan School District,"=""060""",Manasquan Elementary School,Ms.,Megan,Manetta,School Principal,mmanetta@manasquan.k12.nj.us,168 Broad Street," ",Manasquan,NJ,"=""08736-2892""",168 Broad Street," ",Manasquan,NJ,"=""08736-2892""",Ms.,Leigh,Busco,Anti-Bullying Specialist,,,,,"=""732-528-8810""",1,1,1,1,1,1,1,1,1,1,,,,,,,"=""03942""",,,
"=""25""",MONMOUTH,"=""2930""",Manasquan School District,"=""050""",Manasquan High School,Dr.,Matthew,Kukoda,School Principal,mkukoda@manasquan.k12.nj.us,167 Broad Street," ",Manasquan,NJ,"=""08736-2893""",167 Broad Street," ",Manasquan,NJ,"=""08736-2893""",Ms.,Leigh,Busco,Anti-Bullying Specialist,,,,,"=""732-528-8820""",,,,,,,,,,,1,1,1,1,,,"=""03940""",,,
"=""25""",MONMOUTH,"=""3030""",Marlboro Township School District,"=""070""",Asher Holmes Elementary School,Mrs.,JoAnn,Cilmi,School Principal,jcilmi@mtps.org,48 MENZEL LANE," ",MORGANVILLE,NJ,"=""07751-1298""",48 MENZEL LANE," ",MORGANVILLE,NJ,"=""07751-1298""",Mrs.,Carol,Colao,Anti-Bullying Specialist,,,,,"=""732-972-2080""",,1,1,1,1,1,1,,,,,,,,,,"=""03954""",,,
"=""25""",MONMOUTH,"=""3030""",Marlboro Township School District,"=""043""",David C Abbott Early Learning Center,Mr.,Albert,Perno,School Principal,aperno@marlboro.k12.nj.us,171 TENNENT ROAD," ",MORGANVILLE,NJ,"=""07751""",171 TENNENT ROAD," ",MORGANVILLE,NJ,"=""07751""",Ms.,Meghan,Fitzsimmons,Anti-Bullying Specialist,,,,,"=""732-972-7100""",1,1,,,,,,,,,,,,,,,"=""00454""",,,
"=""25""",MONMOUTH,"=""3030""",Marlboro Township School District,"=""030""",Frank Defino Central Elementary School,Dr.,David,Stratuik,School Principal,dstratuik@mtps.org,175 Route 79 North," ",MARLBORO,NJ,"=""07746-1056""",175 Route 79 North," ",MARLBORO,NJ,"=""07746-1056""",Ms.,Rebecca,Nicholes,Anti-Bullying Specialist,,,,,"=""732-972-2099""",,1,1,1,1,1,1,,,,,,,,,,"=""03946""",,,
"=""25""",MONMOUTH,"=""3030""",Marlboro Township School District,"=""040""",Frank J. Dugan Elementary School,Mr.,Richard,Pagliaro,School Principal,rpagliaro@mtps.org,48 TOPANEMUS ROAD," ",MARLBORO,NJ,"=""07746-2320""",48 TOPANEMUS ROAD," ",MARLBORO,NJ,"=""07746-2320""",Mrs.,Lindsay,Bulawa,Anti-Bullying Specialist,,,,,"=""732-972-2110""",,1,1,1,1,1,1,,,,,,,,,,"=""06030""",,,
"=""25""",MONMOUTH,"=""3030""",Marlboro Township School District,"=""045""",Marlboro Elementary School,Mr.,Mitchell,Shatz,School Principal,mshatz@mtps.org,100 SCHOOL ROAD WEST," ",MARLBORO,NJ,"=""07746-1596""",100 SCHOOL ROAD WEST," ",MARLBORO,NJ,"=""07746-1596""",Ms.,Michele,Mondoro,Anti-Bullying Specialist,,,,,"=""732-972-2095""",,1,1,1,1,1,1,,,,,,,,,,"=""03948""",,,
"=""25""",MONMOUTH,"=""3030""",Marlboro Township School District,"=""048""",Marlboro Memorial Middle School,Mr.,John,Pacifico,School Principal,jpacifico@mtps.org,71 NOLAN ROAD," ",MORGANVILLE,NJ,"=""07751""",71 NOLAN ROAD," ",MORGANVILLE,NJ,"=""07751""",Dr.,Shoshana,Baskind,Anti-Bullying Specialist,,,,,"=""732-972-7115""",,,,,,,,1,1,1,,,,,,,"=""00515""",,,
"=""25""",MONMOUTH,"=""3030""",Marlboro Township School District,"=""050""",Marlboro Middle School,Mrs.,Patricia,Nieliwocki,School Principal,pnieliwocki@mtps.org,355 COUNTY ROAD 520," ",MARLBORO,NJ,"=""07746-1057""",355 COUNTY ROAD 520," ",MARLBORO,NJ,"=""07746-1057""",Dr.,Jaclyn,Sabo,Anti-Bullying Specialist,,,,,"=""732-972-2100""",,,,,,,,1,1,1,,,,,,,"=""03950""",,,
"=""25""",MONMOUTH,"=""3030""",Marlboro Township School District,"=""060""",Robertsville Elementary School,Mr.,Anthony,Giarratano,School Principal,agiarratano@mtps.org,36 MENZEL LANE," ",MORGANVILLE,NJ,"=""07751-1299""",36 MENZEL LANE," ",MORGANVILLE,NJ,"=""07751-1299""",Mrs.,Chrissy,Tongring,Anti-Bullying Specialist,,,,,"=""732-972-2044""",,1,1,1,1,1,1,,,,,,,,,,"=""03952""",,,
"=""25""",MONMOUTH,"=""3040""",Matawan-Aberdeen Regional School District,"=""040""",Cambridge Park Elementary School,Ms.,Margaret,Lazur,School Principal,mlazur@marsd.org,One Crest Way," ",Aberdeen,NJ,"=""07747""",One Crest Way," ",Aberdeen,NJ,"=""07747""",Ms.,Rachel,Alvarez,Anti-Bullying Specialist,,,,,"=""732-705-4080""",1,,,,,,,,,,,,,,,,"=""00723""",,,
"=""25""",MONMOUTH,"=""3040""",Matawan-Aberdeen Regional School District,"=""060""",Cliffwood Elementary School,Ms.,Christine,Cherence,School Principal,ccherence@marsd.org,422 CLIFFWOOD AVENUE," ",CLIFFWOOD,NJ,"=""07721-1195""",422 CLIFFWOOD AVENUE," ",CLIFFWOOD,NJ,"=""07721-1195""",Ms.,Kathleen,Feen,Anti-Bullying Specialist,,,,,"=""732-705-5600""",1,1,1,1,1,1,1,,,,,,,,,,"=""03968""",,,
"=""25""",MONMOUTH,"=""3040""",Matawan-Aberdeen Regional School District,"=""065""",Lloyd Road Elementary School,Dr.,John,Bombardier,School Principal,jbombardier@marsd.org,401 LLOYD ROAD," ",ABERDEEN,NJ,"=""07747-1800""",401 LLOYD ROAD," ",ABERDEEN,NJ,"=""07747-1800""",Ms.,Kathleen,Feen,Anti-Bullying Specialist,,,,,"=""732-705-5700""",,1,1,1,1,1,1,,,,,,,,,,"=""03960""",,,
"=""25""",MONMOUTH,"=""3040""",Matawan-Aberdeen Regional School District,"=""050""",Matawan Regional High School,Mr.,Michael,Wells,School Principal,mwells@marsd.org,450 ATLANTIC AVENUE," ",ABERDEEN,NJ,"=""07747-2398""",450 ATLANTIC AVENUE," ",ABERDEEN,NJ,"=""07747-2398""",Mr.,Daryl,McKurth,Anti-Bullying Specialist,,,,,"=""732-705-5200""",,,,,,,,,,,1,1,1,1,,,"=""03958""",,,
"=""25""",MONMOUTH,"=""3040""",Matawan-Aberdeen Regional School District,"=""053""",Matawan-Aberdeen Middle School,Mr.,Mark,Van Horn,School Principal,mvanhorn@marsd.org,469 MATAWAN AVENUE," ",CLIFFWOOD,NJ,"=""07721-1295""",469 MATAWAN AVENUE," ",CLIFFWOOD,NJ,"=""07721-1295""",Ms.,Jessica,Greici,Anti-Bullying Specialist,,,,,"=""732-705-5400""",,,,,,,,1,1,1,,,,,,,"=""03962""",,,
"=""25""",MONMOUTH,"=""3040""",Matawan-Aberdeen Regional School District,"=""075""",Ravine Drive Elementary School,Ms.,Lorena,Carbajal,School Principal,lcarbajal@marsd.org,170 RAVINE DRIVE," ",MATAWAN,NJ,"=""07747-2800""",170 RAVINE DRIVE," ",MATAWAN,NJ,"=""07747-2800""",Ms.,Kathleen,Feen,Anti-Bullying Specialist,,,,,"=""732-705-5800""",1,1,1,1,1,1,1,,,,,,,,,,"=""03970""",,,
"=""25""",MONMOUTH,"=""3040""",Matawan-Aberdeen Regional School District,"=""080""",Strathmore Elementary School,Ms.,Lauren,Kelly,School Principal,lkelly@marsd.org,282 CHURCH STREET," ",ABERDEEN,NJ,"=""07747-1599""",282 CHURCH STREET," ",ABERDEEN,NJ,"=""07747-1599""",Ms.,Kathleen,Feen,Anti-Bullying Specialist,,,,,"=""732-705-5900""",1,1,1,1,1,1,1,,,,,,,,,,"=""03972""",,,
"=""25""",MONMOUTH,"=""3160""",Middletown Township Public School District,"=""055""",Bayshore Middle School,Dr.,Lana,Cook,School Principal,cookla@middletownk12.org,834 LEONARDVILLE ROAD," ",LEONARDO,NJ,"=""07737-1796""",834 LEONARDVILLE ROAD," ",LEONARDO,NJ,"=""07737-1796""",Ms.,Lindsay,Stiles,Anti-Bullying Specialist,,,,,"=""732-291-1380""",,,,,,,,1,1,1,,,,,,,"=""03980""",,,
"=""25""",MONMOUTH,"=""3160""",Middletown Township Public School District,"=""060""",Bayview Elementary School,Ms.,Tara,Raspanti,School Principal,raspantit@middletownk12.org,300 LEONARDVILLE ROAD," ",BELFORD,NJ,"=""07718-1299""",300 LEONARDVILLE ROAD," ",BELFORD,NJ,"=""07718-1299""",Mrs.,Megan,McGhee,Anti-Bullying Specialist,,,,,"=""732-787-3590""",,1,1,1,1,1,1,,,,,,,,,,"=""03986""",,,
"=""25""",MONMOUTH,"=""3160""",Middletown Township Public School District,"=""090""",Fairview Elementary School,Mr.,Michael,Melando,School Principal,melandom@middletownk12.org,230 COOPER ROAD," ",RED BANK,NJ,"=""07701-6010""",230 COOPER ROAD," ",RED BANK,NJ,"=""07701-6010""",,Kristina,Venuta,Anti-Bullying Specialist,,,,,"=""732-747-3308""",1,1,1,1,1,1,1,,,,,,,,,,"=""03990""",,,
"=""25""",MONMOUTH,"=""3160""",Middletown Township Public School District,"=""095""",Harmony Elementary School,Mr.,Erik,Paulson,School Principal,paulsone@middletownk12.org,100 Murphy Road," ",NEW MONMOUTH,NJ,"=""07748-1699""",100 Murphy Road," ",NEW MONMOUTH,NJ,"=""07748-1699""",Mrs.,Shannon,Medeiros,Anti-Bullying Specialist,,,,,"=""732-671-2111""",1,1,1,1,1,1,1,,,,,,,,,,"=""03992""",,,
"=""25""",MONMOUTH,"=""3160""",Middletown Township Public School District,"=""110""",Leonardo Elementary School,Mr.,James,Rasmussen,School Principal,rasmussenj@middletownk12.org,14 HOSFORD AVENUE," ",LEONARDO,NJ,"=""07737-1797""",14 HOSFORD AVENUE," ",LEONARDO,NJ,"=""07737-1797""",Mrs.,Lianne,Matarese,Anti-Bullying Specialist,,,,,"=""732-291-1330""",,1,1,1,1,1,1,,,,,,,,,,"=""03994""",,,
"=""25""",MONMOUTH,"=""3160""",Middletown Township Public School District,"=""120""",Lincroft Elementary School,Mr.,Brian,Dorgan,School Principal,dorganb@middletownk12.org,729 NEWMAN SPRINGS ROAD," ",LINCROFT,NJ,"=""07738-1596""",729 NEWMAN SPRINGS ROAD," ",LINCROFT,NJ,"=""07738-1596""",Mrs.,Michelle,Calo,Anti-Bullying Specialist,,,,,"=""732-741-5838""",,1,1,1,1,1,1,,,,,,,,,,"=""03996""",,,
"=""25""",MONMOUTH,"=""3160""",Middletown Township Public School District,"=""050""",Middletown High School North,Mr.,Matthew,Ferri,School Principal,ferrim@middletownk12.org,63 TINDALL ROAD," ",MIDDLETOWN,NJ,"=""07748-2798""",63 TINDALL ROAD," ",MIDDLETOWN,NJ,"=""07748-2798""",Ms.,Christine,Black,Anti-Bullying Specialist,,,,,"=""732-706-6061""",,,,,,,,,,,1,1,1,1,,,"=""03976""",,,
"=""25""",MONMOUTH,"=""3160""",Middletown Township Public School District,"=""053""",Middletown High School South,Mr.,Thomas,Olausen,School Principal,olausent@middletownk12.org,900 NUT SWAMP ROAD," ",MIDDLETOWN,NJ,"=""07748-3199""",900 NUT SWAMP ROAD," ",MIDDLETOWN,NJ,"=""07748-3199""",Ms.,Nicole,Callahan,Anti-Bullying Specialist,,,,,"=""732-706-6111""",,,,,,,,,,,1,1,1,1,,,"=""03978""",,,
"=""25""",MONMOUTH,"=""3160""",Middletown Township Public School District,"=""130""",Middletown Village Elementary School,Mr.,David,Whitman,School Principal,whitmand@middletownk12.org,147 KINGS HIGHWAY," ",MIDDLETOWN,NJ,"=""07748-2085""",147 KINGS HIGHWAY," ",MIDDLETOWN,NJ,"=""07748-2085""",Ms.,Erin,Smith,Anti-Bullying Specialist,,,,,"=""732-671-0267""",1,1,1,1,1,1,1,,,,,,,,,,"=""03998""",,,
"=""25""",MONMOUTH,"=""3160""",Middletown Township Public School District,"=""140""",Navesink Elementary School,Mr.,Jesse,Herbert,School Principal,herbertj@middletownk12.org,151 MONMOUTH AVENUE," ",ATLANTIC HIGHLANDS,NJ,"=""07716""",151 MONMOUTH AVENUE," ",ATLANTIC HIGHLANDS,NJ,"=""07716""",Ms.,Shanna,Goldstein-Howell,Anti-Bullying Specialist,,,,,"=""732-291-0289""",,1,1,1,1,1,1,,,,,,,,,,"=""04000""",,,
"=""25""",MONMOUTH,"=""3160""",Middletown Township Public School District,"=""143""",New Monmouth Elementary School,Mr.,Christopher,Reginio,School Principal,reginioc@middletownk12.org,121 NEW MONMOUTH ROAD," ",MIDDLETOWN,NJ,"=""07748-2298""",121 NEW MONMOUTH ROAD," ",MIDDLETOWN,NJ,"=""07748-2298""",Mrs.,Marion,Richardson,Anti-Bullying Specialist,,,,,"=""732-671-5317""",,1,1,1,1,1,1,,,,,,,,,,"=""04002""",,,
"=""25""",MONMOUTH,"=""3160""",Middletown Township Public School District,"=""145""",Nut Swamp Elementary School,Mrs.,Carey,Albanese,School Principal,albanesec@middletownk12.org,925 Nut Swamp Road," ",MIDDLETOWN,NJ,"=""07748-3198""",MIDDLETOWN  LINCROFT ROAD," ",MIDDLETOWN,NJ,"=""07748-3198""",,Jill,Welch,Anti-Bullying Specialist,,,,,"=""732-671-5795""",,1,1,1,1,1,1,,,,,,,,,,"=""04004""",,,
"=""25""",MONMOUTH,"=""3160""",Middletown Township Public School District,"=""080""",Ocean Avenue Elementary School,Mr.,Neil,Leone,School Principal,leonen@middletownk12.org,235 OCEAN AVENUE," ",NORTH MIDDLETOWN,NJ,"=""07748-2798""",235 OCEAN AVENUE," ",NORTH MIDDLETOWN,NJ,"=""07748-2798""",Ms.,Leah,Noble,Anti-Bullying Specialist,,,,,"=""732-787-0092""",1,1,1,1,1,1,1,,,,,,,,,,"=""03988""",,,
"=""25""",MONMOUTH,"=""3160""",Middletown Township Public School District,"=""160""",River Plaza Elementary School,Mrs.,Amanda,Mergner,School Principal,mergnera@middletownk12.org,155 HUBBARD AVENUE," ",RED BANK,NJ,"=""07701-5599""",155 HUBBARD AVENUE," ",RED BANK,NJ,"=""07701-5599""",Mrs.,Caitlin,Kalnas,Anti-Bullying Specialist,,,,,"=""732-747-3679""",,1,1,1,1,1,1,,,,,,,,,,"=""04008""",,,
"=""25""",MONMOUTH,"=""3160""",Middletown Township Public School District,"=""057""",Thompson Middle School,Mr.,Brian,Currie,School Principal,currieb@middletownk12.org,1001 MIDDLETOWN  LINCROFT ROAD," ",MIDDLETOWN,NJ,"=""07748-3299""",1001 MIDDLETOWN  LINCROFT ROAD," ",MIDDLETOWN,NJ,"=""07748-3299""",Mrs.,Pam,Felder,Anti-Bullying Specialist,,,,,"=""732-671-2212""",,,,,,,,1,1,1,,,,,,,"=""03982""",,,
"=""25""",MONMOUTH,"=""3160""",Middletown Township Public School District,"=""059""",Thorne Middle School,Ms.,Shannon,Smith,School Principal,smiths@middletownk12.org,70 MURPHY ROAD," ",PORT MONMOUTH,NJ,"=""07758-1099""",70 MURPHY ROAD," ",PORT MONMOUTH,NJ,"=""07758-1099""",Mrs.,Kristen,Wessels,Anti-Bullying Specialist,,,,,"=""732-787-1220""",,,,,,,,1,1,1,,,,,,,"=""03984""",,,
"=""25""",MONMOUTH,"=""3200""",Millstone Township School District,"=""060""",Millstone Township Elementary School,Mrs.,Pamela,Amendola,School Principal,pamendola@millstone.k12.nj.us,308 Millstone Road," ",MILLSTONE TOWNSHIP,NJ,"=""08510""",308 Millstone Road," ",MILLSTONE TOWNSHIP,NJ,"=""08510""",Mrs.,Nicole,Meyrick,Anti-Bullying Specialist,,,,,"=""732-786-0950""",,,,,1,1,1,,,,,,,,,,"=""00159""",,,
"=""25""",MONMOUTH,"=""3200""",Millstone Township School District,"=""040""",Millstone Township Middle School,Mrs.,Lauren,Dominick,School Principal,ldominick@millstone.k12.nj.us,5 Dawson Court," ",Millstone Township,NJ,"=""08535-8115""",5 Dawson Court," ",Millstone Township,NJ,"=""08535-8115""",Mrs.,Gina,Tomlinson,Anti-Bullying Specialist,,,,,"=""732-786-0950""",,,,,,,,1,1,1,,,,,,,"=""04014""",,,
"=""25""",MONMOUTH,"=""3200""",Millstone Township School District,"=""080""",Millstone Township Primary School,Mr.,Scott,Hobson,School Principal,shobson@millstone.k12.nj.us,SCHOOLHOUSE ROAD," ",MILLSTONE TOWNSHIP,NJ,"=""08510""",SCHOOLHOUSE ROAD," ",MILLSTONE TOWNSHIP,NJ,"=""08510""",Mrs.,Kristin,Qualiano,Anti-Bullying Specialist,,,,,"=""732-786-0950""",1,1,1,1,,,,,,,,,,,,,"=""02931""",,,
"=""25""",MONMOUTH,"=""3250""",Monmouth Beach School District,"=""050""",Monmouth Beach Elementary School,Mrs.,Yelena,Horré,Chief School Administrator,horre@mbschool.org,7 HASTINGS PLACE," ",MONMOUTH BEACH,NJ,"=""07750-1199""",7 HASTINGS PLACE," ",MONMOUTH BEACH,NJ,"=""07750-1199""",Ms.,Courtney,MacKay,Anti-Bullying Specialist,,,,,"=""732-222-6139""",1,1,1,1,1,1,1,1,1,1,,,,,,,"=""04018""",,,
"=""25""",MONMOUTH,"=""3260""",Monmouth County Vocational School District,"=""301""",Academy of Law & Public Safety,Mr.,Joseph,Diver,School Principal,jdiver@ctemc.org,255 West End Avenue," ",Long Branch,NJ,"=""07740""",255 West End Avenue," ",Long Branch,NJ,"=""07740""",Mrs.,Jenna,Sauer,Anti-Bullying Specialist,,,,,"=""732-229-2446""",,,,,,,,,,,1,1,1,1,,,"=""""",,,
"=""25""",MONMOUTH,"=""3260""",Monmouth County Vocational School District,"=""028""",Biotechnology High School,Mrs.,Sharon,Bryant,School Principal,sbryant@ctemc.org,5000 KOZLOSKI ROAD,"P O  BOX 5033 ",FREEHOLD,NJ,"=""07728-5033""",5000 KOZLOSKI ROAD,"P O  BOX 5033 ",FREEHOLD,NJ,"=""07728-5033""",Mrs.,Meredith,Goodman,Anti-Bullying Specialist,,,,,"=""732-431-7942""",,,,,,,,,,,1,1,1,1,,,"=""06121""",,,
"=""25""",MONMOUTH,"=""3260""",Monmouth County Vocational School District,"=""004""",Communications High School,Mrs.,Emily,Bonilla,School Principal,ebonilla@ctemc.org@ctemc.org,1740 NEW BEDFORD ROAD," ",WALL,NJ,"=""07719-1320""",1740 NEW BEDFORD ROAD," ",WALL,NJ,"=""07719-1320""",Mrs.,Melanie,Sambataro,Anti-Bullying Specialist,,,,,"=""732-681-1010""",,,,,,,,,,,1,1,1,1,,,"=""00409""",,,
"=""25""",MONMOUTH,"=""3260""",Monmouth County Vocational School District,"=""010""",High Technology High School,Mrs.,Teresa,Hough,School Principal,though@ctemc.org,765 NEWMAN SPRINGS ROAD,"PO BOX 119 ",LINCROFT,NJ,"=""07738-0119""",765 NEWMAN SPRINGS ROAD,"PO BOX 119 ",LINCROFT,NJ,"=""07738-0119""",Mrs.,Susan,Sohayda,Anti-Bullying Specialist,,,,,"=""732-842-8444""",,,,,,,,,,,1,1,1,1,,,"=""06095""",,,
"=""25""",MONMOUTH,"=""3260""",Monmouth County Vocational School District,"=""020""",Marine Academy of Science and Technology,Mr.,Earl,Moore,School Principal,emoore@ctemc.org,305 Mast Way," ",Highlands,NJ,"=""07732-5196""",305 Mast Way," ",Highlands,NJ,"=""07732-5196""",Ms.,Marcy,Kay,Anti-Bullying Specialist,,,,,"=""732-291-0995""",,,,,,,,,,,1,1,1,1,,,"=""05989""",,,
"=""25""",MONMOUTH,"=""3260""",Monmouth County Vocational School District,"=""025""",Monmouth County Academy of Allied Health and Science,Mr.,Paul,Mucciarone,School Principal,pmucciarone@ctemc.org,2325 HECK AVENUE," ",NEPTUNE,NJ,"=""07753-4432""",2325 HECK AVENUE," ",NEPTUNE,NJ,"=""07753-4432""",Mrs.,Lauren,Jaeger,Anti-Bullying Specialist,,,,,"=""732-775-0058""",,,,,,,,,,,1,1,1,1,,,"=""00163""",,,
"=""25""",MONMOUTH,"=""3260""",Monmouth County Vocational School District,"=""040""",Monmouth County Career Center,Mr.,Nathan,Kraemer,School Principal,nkraemer@ctemc.org,1000 KOZLOSKI ROAD," ",FREEHOLD,NJ,"=""07728-4395""",1000 KOZLOSKI ROAD," ",FREEHOLD,NJ,"=""07728-4395""",Ms.,Gianna,Natale,Anti-Bullying Specialist,,,,,"=""732-431-3773""",,,,,,,,,,,1,1,1,1,,,"=""05990""",,,
"=""25""",MONMOUTH,"=""3260""",Monmouth County Vocational School District,"=""050""",Monmouth County Vocational Technical High School,Mr.,Lou,Certo,School Principal,lcerto@ctemc.org,417 Middle Rd," ",HAZLET,NJ,"=""07730""",417 Middle Rd," ",HAZLET,NJ,"=""07730""",Mrs.,Katy,Califano,Anti-Bullying Specialist,,,,,"=""732-264-4995""",,,,,,,,,,,,,1,1,,,"=""04024""",,,
"=""25""",MONMOUTH,"=""3270""",Monmouth Regional High School,"=""050""",Monmouth Regional High School,Mr.,Brian,Evans,Chief School Administrator,bevans@monmouthregional.net,ONE NORMAN J  FIELD WAY," ",TINTON FALLS,NJ,"=""07724-3299""",ONE NORMAN J  FIELD WAY," ",TINTON FALLS,NJ,"=""07724-3299""",Mr.,Salvatore,Spampanato,Anti-Bullying Specialist,,,,,"=""732-542-1170""",,,,,,,,,,,1,1,1,1,,,"=""04026""",https://www.facebook.com/MonmouthRegionalHighSchool,https://www.instagram.com/mrhsfalcons,https://x.com/MonRegHS
"=""25""",MONMOUTH,"=""3255""",Monmouth-Ocean Educational Services Commission School Distri,"=""050""",Regional Achievement Academy,Ms.,Kathleen,Miller,School Principal,kmiller@moesc.org,100 Tornillo Way," ",Tinton Falls,NJ,"=""07712""",100 Tornillo Way," ",Tinton Falls,NJ,"=""07712""",Ms.,Kathleen,Miller,Anti-Bullying Specialist,,,,,"=""732-389-5555""",,,,,,,,1,1,1,1,1,1,1,,,"=""06080""",,,
"=""25""",MONMOUTH,"=""3500""",Neptune City School District,"=""060""",Woodrow Wilson,Mr.,Daniel,Layton,Chief School Administrator,dlayton@neptunecityschool.org,210 WEST SYLVANIA AVE," ",NEPTUNE CITY,NJ,"=""07753-6299""",210 WEST SYLVANIA AVE," ",NEPTUNE CITY,NJ,"=""07753-6299""",Mrs.,Maria,Coppola,Anti-Bullying Specialist,Mr.,Michael,Haynes,School Homeless Liaison,"=""732-775-5319""",1,1,1,1,1,1,1,1,1,1,,,,,,,"=""04028""",,,
"=""25""",MONMOUTH,"=""3510""",Neptune Township School District,"=""061""",Gables Elementary School,Mr.,Juan,Beltran,School Principal,jbeltran@neptune.k12.nj.us,1 Gables Court," ",NEPTUNE,NJ,"=""07753-4299""",1 Gables Court," ",NEPTUNE,NJ,"=""07753-4299""",,Kathleen,Shannon,Anti-Bullying Specialist,,,,,"=""732-776-2200""",1,1,1,1,1,1,1,,,,,,,,,,"=""04040""",,,
"=""25""",MONMOUTH,"=""3510""",Neptune Township School District,"=""063""",Green Grove Elementary School,Mr.,James,Nulle,School Principal,jmnulle@neptune.k12.nj.us,909 GREEN GROVE ROAD," ",NEPTUNE,NJ,"=""07753-2999""",909 GREEN GROVE ROAD," ",NEPTUNE,NJ,"=""07753-2999""",Ms.,Suzanne,Zimmermann,Anti-Bullying Specialist,,,,,"=""732-776-2200""",1,1,1,1,1,1,1,,,,,,,,,,"=""04042""",,,
"=""25""",MONMOUTH,"=""3510""",Neptune Township School District,"=""080""",Midtown Community Elementary School,Dr.,Mark,Alfone,School Principal,mkalfone@neptune.k12.nj.us,1155 Corlies Ave," ",NEPTUNE,NJ,"=""07753-5034""",1155 Corlies Ave," ",NEPTUNE,NJ,"=""07753-5034""",Ms.,Mykela,Edwards,Anti-Bullying Specialist,,,,,"=""732-776-2200""",1,1,1,1,1,1,1,,,,,,,,,,"=""04048""",,,
"=""25""",MONMOUTH,"=""3510""",Neptune Township School District,"=""050""",Neptune High School,Mr.,Thomas,Decker,School Principal,tdecker@neptune.k12.nj.us,55 NEPTUNE BOULEVARD," ",NEPTUNE,NJ,"=""07753-4894""",55 NEPTUNE BOULEVARD," ",NEPTUNE,NJ,"=""07753-4894""",Ms.,Callandra,Peters,Anti-Bullying Specialist,,,,,"=""732-776-2200""",,,,,,,,,,,1,1,1,1,,,"=""04032""",,,
"=""25""",MONMOUTH,"=""3510""",Neptune Township School District,"=""055""",Neptune Middle School,Dr.,Janelle,Opoku,School Principal,jopoku@neptune.k12.nj.us,2300 HECK AVENUE," ",NEPTUNE,NJ,"=""07753-4493""",2300 HECK AVENUE," ",NEPTUNE,NJ,"=""07753-4493""",Mr.,Tara,Hollywood,Anti-Bullying Specialist,,,,,"=""732-776-2200""",,,,,,,,1,1,1,,,,,,,"=""04036""",,,
"=""25""",MONMOUTH,"=""3510""",Neptune Township School District,"=""090""",Shark River Hills Elementary School,Mr.,Joshua,Loveland,School Principal,jloveland@neptune.k12.nj.us,312 BRIGHTON AVENUE," ",NEPTUNE,NJ,"=""07753-5599""",312 BRIGHTON AVENUE," ",NEPTUNE,NJ,"=""07753-5599""",Ms.,Wendy,Smith,Anti-Bullying Specialist,,,,,"=""732-776-2200""",1,1,1,1,1,1,1,,,,,,,,,,"=""04050""",,,
"=""25""",MONMOUTH,"=""3510""",Neptune Township School District,"=""100""",Summerfield Elementary School,Dr.,Jerard,Terrell,School Principal,jterrell@neptune.k12.nj.us,1 Summerfield La," ",NEPTUNE,NJ,"=""07753-3598""",1 Summerfield La," ",NEPTUNE,NJ,"=""07753-3598""",Ms.,Katherine,Tabor,Anti-Bullying Specialist,,,,,"=""732-776-2200""",1,1,1,1,1,1,1,,,,,,,,,,"=""04052""",,,
"=""25""",MONMOUTH,"=""3830""",Oceanport School District,"=""030""",Maple  Place Middle School,Mrs.,Melissa,Keiser,School Principal,mkeiser@oceanportschools.org,MAPLE PLACE,"2 MAPLE PLACE ",OCEANPORT,NJ,"=""07757-1600""",MAPLE PLACE,"2 MAPLE PLACE ",OCEANPORT,NJ,"=""07757-1600""",Mrs.,Megan,Bonett,Anti-Bullying Specialist,,,,,"=""732-229-0267""",,,,,,,1,1,1,1,,,,,,,"=""04072""",,,
"=""25""",MONMOUTH,"=""3830""",Oceanport School District,"=""050""",Wolf Hill School,Mr.,Mark,Maglione,School Principal,mmaglione@oceanportschools.org,29 WOLF HILL AVENUE," ",OCEANPORT,NJ,"=""07757-1000""",29 WOLF HILL AVENUE," ",OCEANPORT,NJ,"=""07757-1000""",Mrs.,Gerri,Guastella,Anti-Bullying Specialist,,,,,"=""732-542-0683""",1,1,1,1,1,1,,,,,,,,,,,"=""04074""",,,
"=""25""",MONMOUTH,"=""4360""",Red Bank Borough Public School District,"=""060""",Red Bank Middle School,Mr.,James,Pierson,School Principal,piersonjt@rbb.k12.nj.us,101 HARDING ROAD," ",RED BANK,NJ,"=""07701-2008""",101 HARDING ROAD," ",RED BANK,NJ,"=""07701-2008""",Ms.,Dawn,Fowler,Anti-Bullying Specialist,,,,,"=""732-758-1515""",,,,,,1,1,1,1,1,,,,,,,"=""04078""",,https://www.instagram.com/redbanksup,
"=""25""",MONMOUTH,"=""4360""",Red Bank Borough Public School District,"=""075""",Red Bank Primary School,Ms.,Maria,Iozzi,School Principal,iozzim@rbb.k12.nj.us,222 RIVER STREET," ",RED  BANK,NJ,"=""07701-1397""",222 RIVER STREET," ",RED  BANK,NJ,"=""07701-1397""",Mr.,Christopher,Murray,Anti-Bullying Specialist,,,,,"=""732-758-1530""",1,1,1,1,1,,,,,,,,,,,,"=""04080""",,https://www.instagram.com/redbanksup,
"=""25""",MONMOUTH,"=""4365""",Red Bank Regional School District,"=""050""",Red Bank Regional High School,Mr.,Nicholas,Timpone,School Principal,ntimpone@rbrhs.org,101 RIDGE ROAD," ",LITTLE SILVER,NJ,"=""07739-1698""",101 RIDGE ROAD," ",LITTLE SILVER,NJ,"=""07739-1698""",Mrs.,Whitney,Ooms,Anti-Bullying Specialist,,,,,"=""732-842-8000""",,,,,,,,,,,1,1,1,1,,,"=""04084""",,,
"=""25""",MONMOUTH,"=""4520""",Roosevelt Borough Public School District,"=""050""",Roosevelt Public School,Dr.,Karen,Barry,Chief School Administrator,barryk@rps1.org,SCHOOL LANE,"2a School Lane ",ROOSEVELT,NJ,"=""08555-0160""",SCHOOL LANE,"PO BOX 160 ",ROOSEVELT,NJ,"=""08555-0160""",Ms.,Lindsay,Perine,Anti-Bullying Specialist,,,,,"=""609-448-2798""",1,1,1,1,1,1,1,,,,,,,,,,"=""04086""",,,
"=""25""",MONMOUTH,"=""4570""",Rumson Borough School District,"=""040""",Deane-Porter Elementary School,Dr.,Erin,O'Connell,School Principal,eoconnell@rumsonschool.org,50 BLACKPOINT ROAD," ",RUMSON,NJ,"=""07760-1592""",50 BLACKPOINT ROAD," ",RUMSON,NJ,"=""07760-1592""",Mrs.,Brittaney,Berry,Anti-Bullying Specialist,,,,,"=""732-842-0330""",1,1,1,1,1,,,,,,,,,,,,"=""04090""",,,
"=""25""",MONMOUTH,"=""4570""",Rumson Borough School District,"=""050""",Forrestdale School,Mrs.,Jennifer,Gibbons,School Principal,jgibbons@rumsonschool.org,60 FORREST AVENUE," ",RUMSON,NJ,"=""07760-1681""",60 FORREST AVENUE," ",RUMSON,NJ,"=""07760-1681""",Mrs.,Brittaney,Berry,Anti-Bullying Specialist,,,,,"=""732-842-0383""",,,,,,1,1,1,1,1,,,,,,,"=""04092""",,,
"=""25""",MONMOUTH,"=""4580""",Rumson-Fair Haven Regional High School District,"=""050""",Rumson-Fair Haven Regional High School,Mr.,Stephen,Sarles,School Principal,ssarles@rumsonfairhaven.org,74 RIDGE ROAD," ",RUMSON,NJ,"=""07760-1896""",74 RIDGE ROAD," ",RUMSON,NJ,"=""07760-1896""",Ms.,Alyssa,Schulte,Anti-Bullying Specialist,,,,,"=""732-842-1597""",,,,,,,,,,,1,1,1,1,,,"=""04094""",,,
"=""25""",MONMOUTH,"=""4690""",Sea Girt Borough School District,"=""050""",Sea Girt Elementary School,Mr.,Rick,Papera,School Principal,rpapera@seagirt.k12.nj.us,451 Bell Place," ",Sea Girt,NJ,"=""08750-2599""",451 Bell Place," ",Sea Girt,NJ,"=""08750-2599""",Dr.,Jeffrey,Russo,Anti-Bullying Specialist,,,,,"=""732-449-3422""",1,1,1,1,1,1,1,1,1,1,,,,,,,"=""04098""",,https://www.instagram.com/sea.girt.elementary.schoo,
"=""25""",MONMOUTH,"=""4760""",Shore Regional High School District,"=""050""",Shore Regional High School,Mr.,Vincent,DalliCardillo,School Principal,vdallicardillo@shoreregional.org,132 MONMOUTH PARK HIGHWAY 36," ",WEST LONG BRANCH,NJ,"=""07764-1396""",132 MONMOUTH PARK HIGHWAY 36," ",WEST LONG BRANCH,NJ,"=""07764-1396""",Mrs.,Jennifer,Czajkowski,Anti-Bullying Specialist,,,,,"=""732-222-9300""",,,,,,,,,,,1,1,1,1,,,"=""04100""",,,
"=""25""",MONMOUTH,"=""4770""",Shrewsbury Borough School District,"=""050""",Shrewsbury Borough Elementary School,Mr.,Brent,MacConnell,Chief School Administrator,macconnellb@sbs-nj.org,20 OBRE PLACE," ",SHREWSBURY,NJ,"=""07702-4124""",20 OBRE PLACE," ",SHREWSBURY,NJ,"=""07702-4124""",Ms.,Cheryl,Salway,Anti-Bullying Specialist,,,,,"=""732-747-0882""",1,1,1,1,1,1,1,1,1,1,,,,,,,"=""04102""",,,
"=""25""",MONMOUTH,"=""4980""",Spring Lake Borough,"=""050""",H W Mountz Elementary School,Dr.,Carlos,Gramata,School Principal,cgramata@slboe.org,411 Tuttle Ave," ",Spring Lake,NJ,"=""07762""",411 Tuttle Ave," ",Spring Lake,NJ,"=""07762""",Ms.,Kristen,Sweeny,Anti-Bullying Specialist,,,,,"=""732-449-6380""",1,1,1,1,1,1,1,1,1,1,,,,,,,"=""04106""",,,
"=""25""",MONMOUTH,"=""4990""",Spring Lake Heights School District,"=""050""",Spring Lake Heights Elementary School,Mr.,John,Spalthoff,Chief School Administrator,jspalthoff@slheights.org,1110 HIGHWAY 71," ",SPRING LAKE HEIGHTS,NJ,"=""07762-2009""",1110 HIGHWAY 71," ",SPRING LAKE HEIGHTS,NJ,"=""07762-2009""",Mrs.,Meghan,Kinsky,Anti-Bullying Specialist,Mr.,John,Spalthoff,School Homeless Liaison,"=""732-449-6149""",1,1,1,1,1,1,1,1,1,1,,,,,,,"=""04108""",,,
"=""25""",MONMOUTH,"=""5185""",Tinton Falls School District,"=""030""",Mahala F. Atchison School,Mrs.,Kristen,Mignoli,School Principal,kmignoli@tfschools.org,961 SYCAMORE AVENUE," ",TINTON FALLS,NJ,"=""07724-3199""",961 SYCAMORE AVENUE," ",TINTON FALLS,NJ,"=""07724-3199""",Mrs.,Devon,Neff,Anti-Bullying Specialist,,,,,"=""732-542-2500""",1,1,1,1,,,,,,,,,,,,,"=""04112""",,,
"=""25""",MONMOUTH,"=""5185""",Tinton Falls School District,"=""050""",Swimming River School,Mrs.,Jessica,Black,School Principal,jblack@tfschools.org,220 HANCE AVENUE," ",TINTON FALLS,NJ,"=""07724-2729""",220 HANCE AVENUE," ",TINTON FALLS,NJ,"=""07724-2729""",Ms.,Jessica,Phan,Anti-Bullying Specialist,,,,,"=""732-460-2416""",,,,,1,1,1,,,,,,,,,,"=""04114""",,,
"=""25""",MONMOUTH,"=""5185""",Tinton Falls School District,"=""070""",Tinton Falls Middle School,Mr.,Benjamin,Howroyd,School Principal,bhowroyd@tfschools.org,674 TINTON AVENUE," ",TINTON FALLS,NJ,"=""07724-3296""",674 TINTON AVENUE," ",TINTON FALLS,NJ,"=""07724-3296""",Mrs.,Michelle,Marra,Anti-Bullying Specialist,,,,,"=""732-542-0775""",,,,,,,,1,1,1,,,,,,,"=""04116""",,,
"=""25""",MONMOUTH,"=""3810""",Township of Ocean School District,"=""060""",Ocean Township Elementary School,Mrs.,Melissa,Lopusznick,School Principal,mlopusznick@oceanschools.org,555 DOW AVENUE," ",OAKHURST,NJ,"=""07755-1199""",555 DOW AVENUE," ",OAKHURST,NJ,"=""07755-1199""",Mrs.,Melissa,Lopusznick,Anti-Bullying Specialist,,,,,"=""732-531-5690""",1,1,1,1,1,1,,,,,,,,,,,"=""04064""",,,
"=""25""",MONMOUTH,"=""3810""",Township of Ocean School District,"=""030""",Ocean Township High School,Mrs.,Dawn,Kaszuba,School Principal,dkaszuba@oceanschools.org,550 WEST PARK AVENUE," ",OAKHURST,NJ,"=""07755-1098""",550 WEST PARK AVENUE," ",OAKHURST,NJ,"=""07755-1098""",Mrs.,Gina,Hagerman,Anti-Bullying Specialist,,,,,"=""732-531-5650""",,,,,,,,,,,1,1,1,1,,,"=""04058""",,,
"=""25""",MONMOUTH,"=""3810""",Township of Ocean School District,"=""040""",Township of Ocean Intermediate School,Mr.,Christopher,Amato,School Principal,camato@oceanschools.org,1200 WEST PARK AVENUE," ",OCEAN,NJ,"=""07712-7296""",1200 WEST PARK AVENUE," ",OCEAN,NJ,"=""07712-7296""",Mr.,Pat,O'Neill,Anti-Bullying Specialist,,,,,"=""732-531-5630""",,,,,,,1,1,1,1,,,,,,,"=""04060""",,,
"=""25""",MONMOUTH,"=""3810""",Township of Ocean School District,"=""070""",Wanamassa Elementary School,Mr.,John,Bosmans,School Principal,jbosmans@oceanschools.org,901 BENDERMERE AVENUE," ",WANAMASSA,NJ,"=""07712-4103""",901 BENDERMERE AVENUE," ",WANAMASSA,NJ,"=""07712-4103""",Mr.,John,Bosmans,Anti-Bullying Specialist,,,,,"=""732-531-5700""",1,1,1,1,1,1,,,,,,,,,,,"=""04066""",,,
"=""25""",MONMOUTH,"=""3810""",Township of Ocean School District,"=""080""",Wayside Elementary School,Ms.,Denise,Palaia,School Principal,dpalaia@oceanschools.org,733 BOWNE ROAD," ",OCEAN,NJ,"=""07712-2599""",733 BOWNE ROAD," ",OCEAN,NJ,"=""07712-2599""",Ms.,Denise,Palaia,Anti-Bullying Specialist,,,,,"=""732-531-5710""",1,1,1,1,1,1,,,,,,,,,,,"=""04068""",,,
"=""25""",MONMOUTH,"=""5230""",Union Beach Public School District,"=""050""",Memorial School,Mrs.,Kelly,Savicky,School Principal,ksavicky@unionbeachschools.org,221 MORNINGSIDE AVENUE," ",UNION BEACH,NJ,"=""07735-3098""",221 MORNINGSIDE AVENUE," ",UNION BEACH,NJ,"=""07735-3098""",Ms.,Samantha,Jaslow,Anti-Bullying Specialist,,,,,"=""732-264-5400""",1,1,1,1,1,1,1,1,1,1,,,,,,,"=""04120""",,,
"=""25""",MONMOUTH,"=""5310""",Upper Freehold Regional School District,"=""050""",Allentown High School,Mr.,Todd,Pae,School Principal,Pae.todd@ufrsd.net,27 High Street," ",ALLENTOWN,NJ,"=""08501-0278""",27 High Street," ",ALLENTOWN,NJ,"=""08501-0278""",Mr.,Brandon,Crosby,Anti-Bullying Specialist,,,,,"=""609-259-7292""",,,,,,,,,,,1,1,1,1,,,"=""04124""",,,
"=""25""",MONMOUTH,"=""5310""",Upper Freehold Regional School District,"=""060""",Newell Elementary School,Mrs.,Kelly,Huggins,School Principal,HugginK@ufrsd.net,27 HIGH STREET," ",ALLENTOWN,NJ,"=""08501-0278""",27 HIGH STREET," ",ALLENTOWN,NJ,"=""08501-0278""",Mr.,Michael,Rowley,Anti-Bullying Specialist,,,,,"=""609-259-7292""",1,1,1,1,1,1,,,,,,,,,,,"=""04126""",,,
"=""25""",MONMOUTH,"=""5310""",Upper Freehold Regional School District,"=""070""",Stone Bridge Middle School,Mrs.,Stefanie,Folino,School Principal,FolinoS@ufrsd.net,1252 Yardville-Allentown Road," ",Allentown,NJ,"=""08501""",1252 Yardville-Allentown Road," ",Allentown,NJ,"=""08501""",Mrs.,Jessica,Bryant,Anti-Bullying Specialist,,,,,"=""609-259-7292""",,,,,,,1,1,1,1,,,,,,,"=""""",,,
"=""25""",MONMOUTH,"=""5420""",Wall Township Public School District,"=""060""",Allenwood Elementary School,Mr.,James,Sterenczak,School Principal,jsterenczak@wallpublicschools.org,3301 ALLENWOOD  LAKEWOOD RD," ",WALL,NJ,"=""07719-1199""",3301 ALLENWOOD  LAKEWOOD RD," ",WALL,NJ,"=""07719-1199""",Mrs.,Amanda,Smyth,Anti-Bullying Specialist,,,,,"=""732-556-2150""",,1,1,1,1,1,1,,,,,,,,,,"=""04134""",https://www.facebook.com/WallTwpSchools,https://www.instagram.com/walltwp_schools,https://x.com/WallTwpSchools
"=""25""",MONMOUTH,"=""5420""",Wall Township Public School District,"=""070""",Central Elementary School,Mr.,Efstratios,Monafis,School Principal,emonafis@wallpublicschools.org,2007 ALLENWOOD ROAD,"P O  BOX 1199 ",WALL,NJ,"=""07719-1199""",2007 ALLENWOOD ROAD,"P O  BOX 1199 ",WALL,NJ,"=""07719-1199""",Ms.,Alysa,Fornarotto-Regenye,Anti-Bullying Specialist,,,,,"=""732-556-2540""",,1,1,1,1,1,1,,,,,,,,,,"=""04136""",https://www.facebook.com/WallTwpSchools,https://www.instagram.com/walltwp_schools,https://x.com/WallTwpSchools
"=""25""",MONMOUTH,"=""5420""",Wall Township Public School District,"=""077""",Old Mill Elementary School,Mrs.,Jill,Antoniello,School Principal,jantoniello@wallpublicschools.org,2119 OLD MILL ROAD,"OLD MILL ROAD ",SEA GIRT,NJ,"=""08750-1199""",2119 OLD MILL ROAD,"OLD MILL ROAD ",SEA GIRT,NJ,"=""08750-1199""",Mrs.,Jessica,Ormsbee,Anti-Bullying Specialist,,,,,"=""732-556-2140""",,1,1,1,1,1,1,,,,,,,,,,"=""04142""",https://www.facebook.com/WallTwpSchools,https://www.instagram.com/walltwp_schools,https://x.com/WallTwpSchools
"=""25""",MONMOUTH,"=""5420""",Wall Township Public School District,"=""050""",Wall High School,Mr.,Kevin,Davis,School Principal,kdavis@wallpublicschools.org,1630 18TH AVE,"P O  BOX 1199 ",WALL,NJ,"=""07719-1199""",1630 18TH AVE,"P O  BOX 1199 ",WALL,NJ,"=""07719-1199""",Ms.,Moira,Barocas,Anti-Bullying Specialist,,,,,"=""732-556-2040""",,,,,,,,,,,1,1,1,1,,,"=""04132""",https://www.facebook.com/WallTwpSchools,https://www.instagram.com/walltwp_schools,https://x.com/WallTwpSchools
"=""25""",MONMOUTH,"=""5420""",Wall Township Public School District,"=""075""",Wall Intermediate School,Mr.,Eric,Laughlin,School Principal,elaughlin@wallpublicschools.org,2801 ALLAIRE ROAD,"P O  BOX 1199 ",WALL,NJ,"=""07719-1199""",2801 ALLAIRE ROAD,"P O  BOX 1199 ",WALL,NJ,"=""07719-1199""",Ms.,Hannah,Sarrecchia,Anti-Bullying Specialist,,,,,"=""732-556-2500""",,,,,,,,1,1,1,,,,,,,"=""04140""",https://www.facebook.com/WallTwpSchools,https://www.instagram.com/walltwp_schools,https://x.com/WallTwpSchools
"=""25""",MONMOUTH,"=""5420""",Wall Township Public School District,"=""078""",Wall Primary School,Mrs.,Samantha,Bagarozza,School Principal,sbagarozza@wallpublicschools.org,2500 BEDFORD CORNER LANE," ",WALL,NJ,"=""07719-1199""",2500 BEDFORD CORNER LANE," ",WALL,NJ,"=""07719-1199""",Ms.,Laurie,Maas,Anti-Bullying Specialist,,,,,"=""732-556-2114""",1,,,,,,,,,,,,,,,,"=""00099""",https://www.facebook.com/WallTwpSchools,https://www.instagram.com/walltwp_schools,https://x.com/WallTwpSchools
"=""25""",MONMOUTH,"=""5420""",Wall Township Public School District,"=""080""",West Belmar Elementary School,Mr.,Anthony,Abeal,School Principal,aabeal@wallpublicschools.org,925 17TH AVENUE," ",WALL,NJ,"=""07719-1199""",925 17TH AVENUE," ",WALL,NJ,"=""07719-1199""",Ms.,Kelly,Eastmond,Anti-Bullying Specialist,,,,,"=""732-556-2560""",,1,1,1,1,1,1,,,,,,,,,,"=""04144""",https://www.facebook.com/WallTwpSchools,https://www.instagram.com/walltwp_schools,https://x.com/WallTwpSchools
"=""25""",MONMOUTH,"=""5640""",West Long Branch School District,"=""080""",Betty McElmon Elementary School,Mr.,James,Erhardt,School Principal,jerhardt@wlbschools.com,20 Parker Road," ",West Long Branch,NJ,"=""07764-1133""",20 Parker Road," ",West Long Branch,NJ,"=""07764-1133""",Ms.,Lauren,McKenna,Anti-Bullying Specialist,,,,,"=""732-222-5900""",1,1,1,1,1,1,,,,,,,,,,,"=""06107""",,,
"=""25""",MONMOUTH,"=""5640""",West Long Branch School District,"=""050""",Frank Antonides School,Mr.,James,Erhardt,School Principal,jerhardt@wlbschools.com,135 Locust Avenue," ",West Long Branch,NJ,"=""07764-1698""",135 Locust Avenue," ",West Long Branch,NJ,"=""07764-1698""",Mrs.,Melissa,Siino-Murphy,Anti-Bullying Specialist,,,,,"=""732-222-5900""",,,,,,,1,1,1,1,,,,,,,"=""04148""",,,
"=""27""",MORRIS,"=""0450""",Boonton Town Public School District,"=""020""",Boonton High School,Mr.,Jason,Klebez,School Principal,jason.klebez@boontonschools.org,306 LATHROP AVENUE," ",BOONTON,NJ,"=""07005-2220""",306 LATHROP AVENUE," ",BOONTON,NJ,"=""07005-2220""",Mrs.,Leah,Birchler,Anti-Bullying Specialist,,,,,"=""973-335-9700""",1,,,,,,,,,,1,1,1,1,,,"=""04154""",,,
"=""27""",MORRIS,"=""0450""",Boonton Town Public School District,"=""030""",John Hill School,Mrs.,Peter,Nosal,School Principal,peter.nosal@boontonschools.org,435 LATHROP AVENUE," ",BOONTON,NJ,"=""07005-2221""",435 LATHROP AVENUE," ",BOONTON,NJ,"=""07005-2221""",Ms.,Christine,Maier,Anti-Bullying Specialist,,,,,"=""973-335-9700""",1,,,,1,1,1,1,1,1,,,,,,,"=""04156""",,,
"=""27""",MORRIS,"=""0450""",Boonton Town Public School District,"=""040""",School Street School,Ms.,Alison,Schessler,School Principal,alison.schessler@boontonschools.org,720 BIRCH STREET," ",BOONTON,NJ,"=""07005""",720 BIRCH STREET," ",BOONTON,NJ,"=""07005""",Ms.,Jennifer,Coleman,Anti-Bullying Specialist,,,,,"=""973-335-9700""",1,1,1,1,,,,,,,,,,,,,"=""04158""",,,
"=""27""",MORRIS,"=""0460""",Boonton Township School District,"=""060""",Rockaway Valley School,Mr.,Kenneth,Frattini,Chief School Administrator,kfrattini@btrvs.org,11 VALLEY ROAD," ",BOONTON TOWNSHIP,NJ,"=""07005""",11 VALLEY ROAD," ",BOONTON TOWNSHIP,NJ,"=""07005""",Dr.,Kelly,Hart,Anti-Bullying Specialist,,,,,"=""973-334-4162""",1,1,1,1,1,1,1,1,1,1,,,,,,,"=""04162""",,,
"=""27""",MORRIS,"=""0630""",Butler Public School District,"=""025""",Aaron Decker School,Mr.,James,Manco,School Principal,jmanco@butlerboe.org,98 DECKER ROAD," ",BUTLER,NJ,"=""07405""",98 DECKER ROAD," ",BUTLER,NJ,"=""07405""",Ms.,Theresa,Sansone,Anti-Bullying Specialist,,,,,"=""973-492-2037""",1,1,1,1,1,1,,,,,,,,,,,"=""04168""",,,
"=""27""",MORRIS,"=""0630""",Butler Public School District,"=""020""",Butler High School,Mr.,Rory,Fitzgerald,School Principal,rfitzgerald@butlerboe.org,38 BARTHOLDI AVENUE," ",BUTLER,NJ,"=""07405""",38 BARTHOLDI AVENUE," ",BUTLER,NJ,"=""07405""",Ms.,Emma,Tagariello,Anti-Bullying Specialist,Mr.,Michael,Tobin,School Homeless Liaison,"=""973-492-2000""",,,,,,,,,,,1,1,1,1,,,"=""04166""",,,
"=""27""",MORRIS,"=""0630""",Butler Public School District,"=""030""",Richard Butler School,Mr.,Michael,Tobin,School Principal,mtobin@butlerboe.org,30 PEARL PLACE," ",BUTLER,NJ,"=""07405""",30 PEARL PLACE," ",BUTLER,NJ,"=""07405""",Mr.,Joseph,Fischer,Anti-Bullying Specialist,,,,,"=""973-492-2079""",,,,,,,1,1,1,1,,,,,,,"=""04170""",,,
"=""27""",MORRIS,"=""0820""",Chester Township School District,"=""020""",Black River Middle School,Mr.,Andrew,White,School Principal,andrew.white@chester-nj.org,133 Rt. 513 - North Road," ",Chester,NJ,"=""07930""",133 Rt. 513 - North Road," ",Chester,NJ,"=""07930""",Mrs.,Amal,Azzara,Anti-Bullying Specialist,,,,,"=""908-879-6363""",,,,,,,,1,1,1,,,,,,,"=""04194""",,,
"=""27""",MORRIS,"=""0820""",Chester Township School District,"=""030""",Bragg Elementary School,Mr.,Peter,Mercurio,School Principal,peter.mercurio@chester-nj.org,250 Route 24," ",Chester,NJ,"=""07930""",250 Route 24," ",Chester,NJ,"=""07930""",Mrs.,Jenna,Spence,Anti-Bullying Specialist,,,,,"=""908-879-5324""",,,,,1,1,1,,,,,,,,,,"=""04196""",,,
"=""27""",MORRIS,"=""0820""",Chester Township School District,"=""040""",Dickerson Elementary School,Ms.,Michele,Tarnofsky,School Principal,michele.tarnofsky@chester-nj.org,250 Rt. 24," ",Chester,NJ,"=""07930""",250 Rt. 24," ",Chester,NJ,"=""07930""",Mrs.,Michelle,Lakefield,Anti-Bullying Specialist,,,,,"=""908-879-5313""",1,1,1,1,,,,,,,,,,,,,"=""06026""",,,
"=""27""",MORRIS,"=""1090""",Denville Township K-8 School District,"=""050""",Lakeview Elementary School,Mrs.,Skye,Sardanopoli,School Principal,ssardanopoli@denville.org,44 COOPER ROAD," ",DENVILLE,NJ,"=""07834""",44 COOPER ROAD," ",DENVILLE,NJ,"=""07834""",Mrs.,Maribeth,Hall,Anti-Bullying Specialist,,,,,"=""973-983-6540""",1,1,1,1,1,1,1,,,,,,,,,,"=""04202""",,,
"=""27""",MORRIS,"=""1090""",Denville Township K-8 School District,"=""070""",Riverview Elementary School,Mrs.,Christina,Theodoropoulos,School Principal,ctheodoropoulos@denville.org,33 ST  MARYS PLACE," ",DENVILLE,NJ,"=""07834""",33 ST  MARYS PLACE," ",DENVILLE,NJ,"=""07834""",Mr.,Todd,McCabe,Anti-Bullying Specialist,,,,,"=""973-983-6545""",,1,1,1,1,1,1,,,,,,,,,,"=""04206""",,,
"=""27""",MORRIS,"=""1090""",Denville Township K-8 School District,"=""080""",Valleyview Middle School,Mr.,Seth,Korman,School Principal,skorman@denville.org,320 DIAMOND SPRING ROAD," ",DENVILLE,NJ,"=""07834""",320 DIAMOND SPRING ROAD," ",DENVILLE,NJ,"=""07834""",Mrs.,Jody,McDonald,Anti-Bullying Specialist,,,,,"=""973-983-6535""",,,,,,,,1,1,1,,,,,,,"=""04208""",,,
"=""27""",MORRIS,"=""1110""",Dover Public School District,"=""050""",Academy Street Elementary School,Mr.,Nicholas,Edwards,School Principal,nedwards@dover-nj.org,14 ACADEMY STREET," ",DOVER,NJ,"=""07801-4906""",14 ACADEMY STREET," ",DOVER,NJ,"=""07801-4906""",Ms.,Lynn,Tucci,Anti-Bullying Specialist,,,,,"=""973-989-2030""",1,1,1,1,1,1,1,,,,,,,,,,"=""04214""",,,
"=""27""",MORRIS,"=""1110""",Dover Public School District,"=""040""",Dover High School,Mrs.,Johanna,Ross,School Principal,jross@dover-nj.orgg,100 GRACE STREET," ",DOVER,NJ,"=""07801-2697""",100 GRACE STREET," ",DOVER,NJ,"=""07801-2697""",Ms.,Lynn,Tucci,Anti-Bullying Specialist,,,,,"=""973-989-2010""",,,,,,,,,,,1,1,1,1,,,"=""04212""",,,
"=""27""",MORRIS,"=""1110""",Dover Public School District,"=""065""",Dover Middle School,Mr.,Michael,McAuley,School Principal,mmcauley@dover-nj.org,302 EAST MCFARLAN STREET," ",DOVER,NJ,"=""07801""",302 EAST MCFARLAN STREET," ",DOVER,NJ,"=""07801""",Ms.,Brenda,Ortiz,Anti-Bullying Specialist,,,,,"=""973-989-2040""",,,,,,,,,1,1,,,,,,,"=""00005""",,,
"=""27""",MORRIS,"=""1110""",Dover Public School District,"=""060""",East Dover Elementary School,Mrs.,Jennifer,Stein,School Principal,jrstein@dover-nj.org,300 EAST MCFARLAN STREET," ",DOVER,NJ,"=""07801""",300 EAST MCFARLAN STREET," ",DOVER,NJ,"=""07801""",Mrs.,Lynn,Tucci,Anti-Bullying Specialist,,,,,"=""973-989-2055""",1,1,1,1,1,1,1,,,,,,,,,,"=""04216""",,,
"=""27""",MORRIS,"=""1110""",Dover Public School District,"=""070""",North Dover Elementary School,Ms.,Heather,Carlton,School Principal,hcarlton@dover-nj.org,51 HIGHLAND AVENUE," ",DOVER,NJ,"=""07801""",51 HIGHLAND AVENUE," ",DOVER,NJ,"=""07801""",Ms.,Ana Rosa,Acevedo,Anti-Bullying Specialist,,,,,"=""973-989-2020""",1,1,1,1,1,1,1,,,,,,,,,,"=""04220""",,,
"=""27""",MORRIS,"=""1190""",East Hanover Township School District,"=""030""",Central Elementary School,Ms.,Stacie,Costello,School Principal,scostello@easthanoverschools.org,400 RIDGEDALE AVENUE," ",EAST HANOVER,NJ,"=""07936-1492""",400 RIDGEDALE AVENUE," ",EAST HANOVER,NJ,"=""07936-1492""",Mr.,Frank,Biamonte,Anti-Bullying Specialist,,,,,"=""973-887-0358""",,,,1,1,1,1,,,,,,,,,,"=""04224""",,,
"=""27""",MORRIS,"=""1190""",East Hanover Township School District,"=""050""",East Hanover Middle School,Mr.,Matthew,Tuorto,School Principal,mtuorto@easthanoverschools.org,477 RIDGEDALE AVENUE," ",EAST HANOVER,NJ,"=""07936-3094""",477 RIDGEDALE AVENUE," ",EAST HANOVER,NJ,"=""07936-3094""",Mr.,Frank,Biamonte,Anti-Bullying Specialist,,,,,"=""973-887-8810""",,,,,,,,1,1,1,,,,,,,"=""04230""",,,
"=""27""",MORRIS,"=""1190""",East Hanover Township School District,"=""035""",Frank J Smith Elementary,Ms.,Melissa,Falcone,School Principal,mfalcone@easthanoverschools.org,27 GREEN DRIVE," ",EAST HANOVER,NJ,"=""07936-3798""",27 GREEN DRIVE," ",EAST HANOVER,NJ,"=""07936-3798""",Mr.,Frank,Biamonte,Anti-Bullying Specialist,,,,,"=""973-887-5650""",1,1,1,,,,,,,,,,,,,,"=""04226""",,,
"=""27""",MORRIS,"=""1530""",Florham Park School District,"=""015""",Briarwood School,Mr.,Jeremy,Serfozo,School Principal,jeremy.serfozo@fpks.org,151 BRIARWOOD ROAD," ",FLORHAM PARK,NJ,"=""07932""",151 BRIARWOOD ROAD," ",FLORHAM PARK,NJ,"=""07932""",Ms.,Jessica,Rinaldi,Anti-Bullying Specialist,,,,,"=""973-822-3880""",1,1,1,1,,,,,,,,,,,,,"=""04234""",,,
"=""27""",MORRIS,"=""1530""",Florham Park School District,"=""020""",Brooklake School,Mr.,Robert,Foster,School Principal,robert.foster@fpks.org,235 BROOKLAKE ROAD," ",FLORHAM PARK,NJ,"=""07932""",235 BROOKLAKE ROAD," ",FLORHAM PARK,NJ,"=""07932""",Ms.,Karen,Ford,Anti-Bullying Specialist,,,,,"=""973-822-3888""",,,,,1,1,1,,,,,,,,,,"=""04236""",,,
"=""27""",MORRIS,"=""1530""",Florham Park School District,"=""030""",Ridgedale Middle School,Dr.,Nicholas,Steffner,School Principal,nicholas.steffner@fpks.org,71 RIDGEDALE AVENUE," ",FLORHAM PARK,NJ,"=""07932""",71 RIDGEDALE AVENUE," ",FLORHAM PARK,NJ,"=""07932""",Ms.,Lisa,Urban,Anti-Bullying Specialist,,,,,"=""973-822-3855""",,,,,,,,1,1,1,,,,,,,"=""04238""",,,
"=""27""",MORRIS,"=""1990""",Hanover Park Regional High School District,"=""050""",Hanover Park High School,,Thomas,Callanan,School Principal,tcallanan@hpreg.org,63 MT  PLEASANT AVENUE," ",EAST HANOVER,NJ,"=""07936-2601""",63 MT  PLEASANT AVENUE," ",EAST HANOVER,NJ,"=""07936-2601""",,Brian,Propfe,Anti-Bullying Specialist,,,,,"=""973-887-0300""",,,,,,,,,,,1,1,1,1,,,"=""04244""",,,
"=""27""",MORRIS,"=""1990""",Hanover Park Regional High School District,"=""070""",Whippany Park High School,,Christopher,Kelly,School Principal,ckelly@hpreg.org,165 WHIPPANY ROAD," ",WHIPPANY,NJ,"=""07981-1741""",165 WHIPPANY ROAD," ",WHIPPANY,NJ,"=""07981-1741""",,Vanessa,Cordiero,Anti-Bullying Specialist,,,,,"=""973-887-3004""",,,,,,,,,,,1,1,1,1,,,"=""04246""",,,
"=""27""",MORRIS,"=""2000""",Hanover Township School District,"=""025""",Bee Meadow School,Mr.,Darrin,Stark,School Principal,darrin.stark@hanovertwpschools.org,120 Reynolds Avenue," ",Whippany,NJ,"=""07981-1252""",120 Reynolds Avenue," ",Whippany,NJ,"=""07981-1252""",Ms.,Kristen,Dakak,Anti-Bullying Specialist,,,,,"=""973-515-2419""",1,1,1,1,1,1,1,,,,,,,,,,"=""04250""",,,
"=""27""",MORRIS,"=""2000""",Hanover Township School District,"=""040""",Memorial Junior School,Mr.,Michael,Anderson,School Principal,michael.anderson@hanovertwpschools.org,61 Highland Avenue," ",Whippany,NJ,"=""07981""",61 Highland Avenue," ",Whippany,NJ,"=""07981""",Ms.,Rene,Lopez,Anti-Bullying Specialist,,,,,"=""973-515-2427""",,,,,,,,1,1,1,,,,,,,"=""04250""",,,
"=""27""",MORRIS,"=""2000""",Hanover Township School District,"=""050""",Mountview Road School,Ms.,Carmen,Camean,School Principal,Carmen.Camean@hanovertwpschools.org,30 MOUNTVIEW ROAD," ",MORRIS PLAINS,NJ,"=""07950""",30 MOUNTVIEW ROAD," ",MORRIS PLAINS,NJ,"=""07950""",Ms.,Deja,Desai,Anti-Bullying Specialist,,,,,"=""973-637-1550""",,1,1,1,1,1,1,,,,,,,,,,"=""04256""",,,
"=""27""",MORRIS,"=""2000""",Hanover Township School District,"=""060""",Salem Drive School,Mr.,Roberto,Camean,School Principal,rob.camean@hanovertwpschools.org,29 SALEM DRIVE," ",WHIPPANY,NJ,"=""07981""",29 SALEM DRIVE," ",WHIPPANY,NJ,"=""07981""",Ms.,Grace,Jacobson,Anti-Bullying Specialist,,,,,"=""973-515-2440""",,1,1,1,1,1,1,,,,,,,,,,"=""04258""",,,
"=""27""",MORRIS,"=""2010""",Harding Township School District,"=""050""",Harding Township School,Mrs.,April,Friedman,School Principal,afriedman@hardingtwp.org,34 LEES HILL ROAD,"PO BOX 248 ",NEW VERNON,NJ,"=""07976-0248""",34 LEES HILL ROAD,"PO BOX 248 ",NEW VERNON,NJ,"=""07976-0248""",Ms.,Lacey,King,Anti-Bullying Specialist,,,,,"=""973-267-6398""",1,1,1,1,1,1,1,1,1,1,,,,,,,"=""04260""",,,
"=""27""",MORRIS,"=""2380""",Jefferson Township Public School District,"=""028""",Arthur Stanlick Elementary School,Mrs.,Jessica,Brennan,School Principal,jbrennan@jefftwp.org,121 B  SHAWNEE TRAIL," ",LK SHAWNEE JEFFERSON TWSP,NJ,"=""07885""",121 B  SHAWNEE TRAIL," ",WHARTON,NJ,"=""07885""",Ms.,Kaila,West,Anti-Bullying Specialist,,,,,"=""973-663-0520""",,,1,1,1,,,,,,,,,,,,"=""04266""",,,
"=""27""",MORRIS,"=""2380""",Jefferson Township Public School District,"=""040""",Ellen T. Briggs Elementary School,Mrs.,Randi,DeBrito,School Principal,rdebrito@jefftwp.org,1 JEFFERSON DRIVE," ",LAKE HOPATCONG,NJ,"=""07849""",1 JEFFERSON DRIVE," ",LAKE HOPATCONG,NJ,"=""07849""",Mrs.,Elizabeth,West,Anti-Bullying Specialist,,,,,"=""973-663-0900""",1,1,,,,,,,,,,,,,,,"=""04272""",,,
"=""27""",MORRIS,"=""2380""",Jefferson Township Public School District,"=""020""",Jefferson Township High School,Mr.,Michael,Lonie,School Principal,mlonie@jefftwp.org,1010 WELDON RD   RD2," ",OAK RIDGE,NJ,"=""07438-9511""",1010 WELDON RD   RD2," ",OAK RIDGE,NJ,"=""07438-9511""",Mrs.,Lyndsay,Vesia,Anti-Bullying Specialist,,,,,"=""973-697-3535""",,,,,,,,,,,1,1,1,1,,,"=""04264""",,,
"=""27""",MORRIS,"=""2380""",Jefferson Township Public School District,"=""045""",Jefferson Township Intermediate School,Ms.,Lauren,Donohue,School Principal,ldonohue@jefftwp.org,1000 WELDON ROAD," ",OAK RIDGE,NJ,"=""07438-9511""",1000 WELDON ROAD," ",OAK RIDGE,NJ,"=""07438-9511""",Ms.,Karen,Roccisano,Anti-Bullying Specialist,,,,,"=""973-697-1980""",,,,,,1,1,1,1,1,,,,,,,"=""04274""",,,
"=""27""",MORRIS,"=""2380""",Jefferson Township Public School District,"=""070""",White Rock Elementary School,Dr.,Timothy,Plotts,School Principal,tplotts@jefftwp.org,2 FRANCINE PLACE," ",OAK RIDGE,NJ,"=""07438-9515""",2 FRANCINE PLACE," ",OAK RIDGE,NJ,"=""07438-9515""",Ms.,Amy,Yarmal,Anti-Bullying Specialist,,,,,"=""973-697-2414""",1,1,1,1,1,,,,,,,,,,,,"=""04278""",,,
"=""27""",MORRIS,"=""2460""",Kinnelon School District,"=""060""",Kiel Elementary School,Mr.,Mark,Mongon,School Principal,MongonM@kinnelon.org,115 KIEL AVENUE," ",KINNELON,NJ,"=""07405""",115 KIEL AVENUE," ",KINNELON,NJ,"=""07405""",Ms.,Sarah,Tinney,Anti-Bullying Specialist,,,,,"=""973-838-0611""",1,1,1,1,,,,,,,,,,,,,"=""04284""",,,
"=""27""",MORRIS,"=""2460""",Kinnelon School District,"=""050""",Kinnelon High School,Mrs.,Jennifer,Oluwale,School Principal,oluwalej@kinnelon.org,121 KINNELON ROAD," ",KINNELON,NJ,"=""07405""",121 KINNELON ROAD," ",KINNELON,NJ,"=""07405""",Mrs.,Danielle,Wysocki,Anti-Bullying Specialist,,,,,"=""973-838-5500""",,,,,,,,,,,1,1,1,1,,,"=""04282""",,,
"=""27""",MORRIS,"=""2460""",Kinnelon School District,"=""065""",Pearl R. Miller Middle School,Mr.,Gary,Suda,School Principal,sudag@kinnelon.org,117 KIEL AVENUE," ",KINNELON,NJ,"=""07405""",117 KIEL AVENUE," ",KINNELON,NJ,"=""07405""",Mrs.,Tara,McClain,Anti-Bullying Specialist,,,,,"=""973-838-5250""",,,,,,,,1,1,1,,,,,,,"=""04286""",,,
"=""27""",MORRIS,"=""2460""",Kinnelon School District,"=""070""",Stonybrook Elementary School,Mrs.,Dawn,Uttel,School Principal,utteld@kinnelon.org,118 BOONTON AVENUE," ",KINNELON,NJ,"=""07405""",118 BOONTON AVENUE," ",KINNELON,NJ,"=""07405""",Mrs.,Joy,Tenga,Anti-Bullying Specialist,,,,,"=""973-838-1881""",,1,,,1,1,1,,,,,,,,,,"=""04288""",,,
"=""27""",MORRIS,"=""2650""",Lincoln Park School District,"=""035""",Lincoln Park Elementary School,Ms.,Melissa,Flach-Bammer,School Principal,Bammer@lincpk.com,274 PINEBROOK ROAD," ",LINCOLN PARK,NJ,"=""07035""",274 PINEBROOK ROAD," ",LINCOLN PARK,NJ,"=""07035""",Ms.,Breanna,Nazzaro,Anti-Bullying Specialist,,,,,"=""973-696-5530""",1,1,1,1,1,1,,,,,,,,,,,"=""04294""",,,
"=""27""",MORRIS,"=""2650""",Lincoln Park School District,"=""040""",Lincoln Park Middle School,Mr.,David,Winston,School Principal,winston@lincpk.com,90 RYERSON ROAD," ",LINCOLN PARK,NJ,"=""07035-1226""",90 RYERSON ROAD," ",LINCOLN PARK,NJ,"=""07035-1226""",Mrs.,Jaclyn,Heftler,Anti-Bullying Specialist,,,,,"=""973-696-5520""",,,,,,,1,1,1,1,,,,,,,"=""04296""",,,
"=""27""",MORRIS,"=""4000""",Long Hill Township School District,"=""030""",Central Middle School,Mr.,Michael,Viturello,School Principal,mviturello@longhill.org,90 Central Avenue," ",Stirling,NJ,"=""07980""",90 Central Avenue," ",Stirling,NJ,"=""07980""",Mrs.,Chrystina,Romanuik,Anti-Bullying Specialist,,,,,"=""908-647-2311""",,,,,,,,1,1,1,,,,,,,"=""04462""",,https://www.instagram.com/lh_central,
"=""27""",MORRIS,"=""4000""",Long Hill Township School District,"=""050""",Gillette Elementary School,Ms.,Melissa,Backer,School Principal,mbacker@longhill.org,759 Valley Road," ",Gillette,NJ,"=""07933""",759 Valley Road," ",Gillette,NJ,"=""07933""",Ms.,Miranda,Dambrot,Anti-Bullying Specialist,,,,,"=""908-647-2313""",1,1,1,,,,,,,,,,,,,,"=""04464""",,https://www.instagram.com/lh_gillette,
"=""27""",MORRIS,"=""4000""",Long Hill Township School District,"=""060""",Millington Elementary School,Mrs.,Jennifer,Dawson,School Principal,jdawson@longhill.org,91 Northfield Road," ",Millington,NJ,"=""07946-1352""",91 Northfield Road," ",Millington,NJ,"=""07946-1352""",Ms.,Miranda,Dambrot,Anti-Bullying Specialist,,,,,"=""908-647-2312""",,,,1,1,1,1,,,,,,,,,,"=""04466""",,https://www.instagram.com/lh_millington,
"=""27""",MORRIS,"=""2870""",Madison Public School District,"=""060""",Central Avenue School,Mr.,Thomas,Liss,School Principal,LissT@MadisonNJPS.org,50 CENTRAL AVENUE," ",MADISON,NJ,"=""07940""",50 CENTRAL AVENUE," ",MADISON,NJ,"=""07940""",Ms.,Kelsey,Mirabella,Anti-Bullying Specialist,,,,,"=""973-593-3173""",1,1,1,1,1,1,1,,,,,,,,,,"=""04302""",,,
"=""27""",MORRIS,"=""2870""",Madison Public School District,"=""080""",Kings Road School,Ms.,Kathleen,Koop,School Principal,KoopK@MadisonNJPS.org,215 KINGS ROAD," ",MADISON,NJ,"=""07940""",215 KINGS ROAD," ",MADISON,NJ,"=""07940""",Mr.,Brett,Levine,Anti-Bullying Specialist,,,,,"=""973-593-3178""",,1,1,1,1,1,1,,,,,,,,,,"=""04304""",,,
"=""27""",MORRIS,"=""2870""",Madison Public School District,"=""050""",Madison High School,Mr.,David,Drechsel,School Principal,Drechseld@Madisonnjps.org,170 RIDGEDALE AVENUE," ",MADISON,NJ,"=""07940""",170 RIDGEDALE AVENUE," ",MADISON,NJ,"=""07940""",Ms.,Diana,Russo,Anti-Bullying Specialist,,,,,"=""973-593-3117""",,,,,,,,,,,1,1,1,1,,,"=""04300""",,,
"=""27""",MORRIS,"=""2870""",Madison Public School District,"=""100""",Madison Junior School,Mr.,Frank,Perrone,School Principal,perronef@madisonnjps.org,160 MAIN STREET," ",MADISON,NJ,"=""07940""",160 MAIN STREET," ",MADISON,NJ,"=""07940""",Ms.,Kathy,Siso,Anti-Bullying Specialist,,,,,"=""973-593-3149""",,,,,,,,1,1,1,,,,,,,"=""04308""",,,
"=""27""",MORRIS,"=""2870""",Madison Public School District,"=""110""",Torey J. Sabatini School,Ms.,Ileana,Garcia,School Principal,garciai@MadisonNJPS.org,Glenwild Circle," ",MADISON,NJ,"=""07940-2422""",359 WOODLAND ROAD," ",MADISON,NJ,"=""07940-2422""",Ms.,Judy,Bletcher,Anti-Bullying Specialist,,,,,"=""973-593-3182""",,1,1,1,1,1,1,,,,,,,,,,"=""04310""",,,
"=""27""",MORRIS,"=""3090""",Mendham Borough School District,"=""050""",Hilltop School,Mr.,Christopher,Mucha,School Principal,mucha@mendhamboroschools.org,12 HILLTOP ROAD," ",MENDHAM,NJ,"=""07945-1215""",12 HILLTOP ROAD," ",MENDHAM,NJ,"=""07945-1215""",Mrs.,Nicole,Lanka,Anti-Bullying Specialist,,,,,"=""973-543-4251""",1,1,1,1,1,1,,,,,,,,,,,"=""04314""",,,
"=""27""",MORRIS,"=""3090""",Mendham Borough School District,"=""060""",Mountain View School,Mrs.,Aimee,Toth,School Principal,toth@mendhamboroschools.org,100 DEAN ROAD," ",MENDHAM,NJ,"=""07945-1626""",100 DEAN ROAD," ",MENDHAM,NJ,"=""07945-1626""",Mrs.,Bridget,Maloney,Anti-Bullying Specialist,,,,,"=""973-543-7075""",,,,,,,1,1,1,1,,,,,,,"=""04316""",,,
"=""27""",MORRIS,"=""3100""",Mendham Township School District,"=""050""",Mendham Township Elementary School,Dr.,Julianne,Kotcho,School Principal,jkotcho@mendhamtwp.org,18 WEST MAIN STREET," ",BROOKSIDE,NJ,"=""07926""",18 WEST MAIN STREET,"PO BOX 510 ",BROOKSIDE,NJ,"=""07926-0510""",Mrs.,Hillary,Clark,Anti-Bullying Specialist,,,,,"=""973-543-7107""",1,1,1,1,1,1,,,,,,,,,,,"=""04320""",,,
"=""27""",MORRIS,"=""3100""",Mendham Township School District,"=""060""",Mendham Township Middle School,Dr.,Patrick,Ciccone,School Principal,pciccone@mendhamtwp.org,16 WASHINGTON VALLEY ROAD," ",BROOKSIDE,NJ,"=""07926""",16 WASHINGTON VALLEY ROAD,"PO BOX 510 ",BROOKSIDE,NJ,"=""07926-0510""",Ms.,Alexandria,Perrotta,Anti-Bullying Specialist,,,,,"=""973-543-7107""",,,,,,,1,1,1,1,,,,,,,"=""04322""",,,
"=""27""",MORRIS,"=""3240""",Mine Hill Township School District,"=""030""",Canfield Avenue School,Mr.,Adam,Zygmunt,School Principal,azygmunt@minehillcas.org,42 CANFIELD AVENUE," ",MINE HILL,NJ,"=""07803""",42 CANFIELD AVENUE," ",MINE HILL,NJ,"=""07803""",Mr.,Adam,Zygmunt,Anti-Bullying Specialist,Mr.,Adam,Zygmunt,School Homeless Liaison,"=""973-366-0590""",1,1,1,1,1,1,1,1,,,,,,,,,"=""04326""",,,
"=""27""",MORRIS,"=""3340""",Montville Township School District,"=""025""",Cedar Hill School,Dr.,Michael,Raj,School Principal,michael.raj@montville.net,46 PINE BROOK ROAD," ",TOWACO,NJ,"=""07082-1426""",46 PINE BROOK ROAD," ",TOWACO,NJ,"=""07082-1426""",Ms.,Heather,Praml,Anti-Bullying Specialist,,,,,"=""973-331-7100""",1,1,1,1,1,1,1,,,,,,,,,,"=""04334""",,,
"=""27""",MORRIS,"=""3340""",Montville Township School District,"=""050""",Hilldale School,Mrs.,Jill,Cisneros,School Principal,jill.cisneros@montville.net,123 KONNER AVENUE," ",PINE BROOK,NJ,"=""07058-9433""",123 KONNER AVENUE," ",PINE BROOK,NJ,"=""07058-9433""",Ms.,Brittany,Bucci,Anti-Bullying Specialist,,,,,"=""973-331-7100""",,1,1,1,1,1,1,,,,,,,,,,"=""04338""",,,
"=""27""",MORRIS,"=""3340""",Montville Township School District,"=""010""",Montville Township High School,Mr.,Kenneth,Nadzak,School Principal,douglas.sanford@montville.net,100 HORSENECK ROAD," ",MONTVILLE,NJ,"=""07045-9626""",100 HORSENECK ROAD," ",MONTVILLE,NJ,"=""07045-9626""",Ms.,Catherine,Lomauro,Anti-Bullying Specialist,,,,,"=""973-331-7100""",,,,,,,,,,,1,1,1,1,,,"=""04332""",,,
"=""27""",MORRIS,"=""3340""",Montville Township School District,"=""030""",Robert R Lazar Middle School,Mr.,Michael,Pasciuto,School Principal,michael.pasciuto@montville.net,123 CHANGEBRIDGE ROAD," ",MONTVILLE,NJ,"=""07045-9560""",123 CHANGEBRIDGE ROAD," ",MONTVILLE,NJ,"=""07045-9560""",Ms.,Kristine,Grawehr,Anti-Bullying Specialist,,,,,"=""973-331-7100""",,,,,,,,1,1,1,,,,,,,"=""04336""",,,
"=""27""",MORRIS,"=""3340""",Montville Township School District,"=""055""",Valley View School,Dr.,Patricia,Kennedy,School Principal,patricia.kennedy@montville.net,30 MONTGOMERY AVENUE," ",MONTVILLE TOWNSHIP,NJ,"=""07045""",30 MONTGOMERY AVENUE," ",MONTVILLE TOWNSHIP,NJ,"=""07045""",Mr.,Keith,Spector,Anti-Bullying Specialist,,,,,"=""973-331-7100""",1,1,1,1,1,1,1,,,,,,,,,,"=""04340""",,,
"=""27""",MORRIS,"=""3340""",Montville Township School District,"=""065""",William Mason School,Mr.,David,Melucci,School Principal,david.melucci@montville.net,5 SHAWNEE TRAIL," ",MONTVILLE,NJ,"=""07045-9739""",5 SHAWNEE TRAIL," ",MONTVILLE,NJ,"=""07045-9739""",Ms.,Lucia,Gorgia,Anti-Bullying Specialist,,,,,"=""973-331-7100""",,1,1,1,1,1,1,,,,,,,,,,"=""04342""",,,
"=""27""",MORRIS,"=""3340""",Montville Township School District,"=""070""",Woodmont School,Mr.,Dominic,Esposito,School Principal,Dominic.Esposito@montville.net,39 WOODMONT ROAD," ",PINE BROOK,NJ,"=""07058""",39 WOODMONT ROAD," ",PINE BROOK,NJ,"=""07058""",Mr.,Douglas,Stech,Anti-Bullying Specialist,,,,,"=""973-331-7100""",,1,1,1,1,1,1,,,,,,,,,,"=""04344""",,,
"=""27""",MORRIS,"=""3365""",Morris County Vocational School District,"=""020""","Academy for Mathematics, Science and Engineering",Mr.,Scott,Shaw,Director,shaws@mcvts.org,520 WEST MAIN STREET," ",ROCKAWAY,NJ,"=""07866-3799""",520 WEST MAIN STREET," ",ROCKAWAY,NJ,"=""07866-3799""",Ms.,Nicole,Gentile,Anti-Bullying Specialist,,,,,"=""973-664-2301""",,,,,,,,,,,1,1,1,1,,,"=""00522""",,,
"=""27""",MORRIS,"=""3365""",Morris County Vocational School District,"=""302""",Academy for Performing Arts,,Scott,Shaw,Director,shaws@mcvts.org,50 Knoll Drive," ",Rockaway,NJ,"=""07866-4099""",50 Knoll Drive," ",Rockaway,NJ,"=""07866-4099""",,Danielle,Gorski,Anti-Bullying Specialist,,,,,"=""973-664-2201""",,,,,,,,,,,1,1,1,1,,,"=""""",,,
"=""27""",MORRIS,"=""3365""",Morris County Vocational School District,"=""300""","Medicine, Innovation, Government, and Environmental Science",Mr.,Scott,Shaw,Director,shaws@mcvts.org,400 E. Main St.," ",Denville,NJ,"=""07434""",400 E. Main St.," ",Denville,NJ,"=""07434""",Ms.,Athena,Borzeka,Anti-Bullying Specialist,,,,,"=""973-697-3535""",,,,,,,,,,,1,1,1,1,,,"=""""",,,
"=""27""",MORRIS,"=""3365""",Morris County Vocational School District,"=""304""",Morris County Career and Technical Institute,Ms.,Jennifer,Cusmano,School Principal,cusmanoj@mcvts.org,214 Center Grove Rd.," ",Randolph,NJ,"=""07869""",214 Center Grove Rd.," ",Randolph,NJ,"=""07869""",Ms.,Amber,Szuch,Anti-Bullying Specialist,,,,,"=""973-627-4600""",,,,,,,,,,,,,1,1,,,"=""""",,,
"=""27""",MORRIS,"=""3365""",Morris County Vocational School District,"=""050""",Morris County School of Technology,Mr.,Mark,Menadier,School Principal,menadierm@mcvts.org,400 EAST MAIN STREET," ",DENVILLE,NJ,"=""07834-2516""",400 EAST MAIN STREET," ",DENVILLE,NJ,"=""07834-2516""",Mrs.,Amber,Szuch,Anti-Bullying Specialist,,,,,"=""973-627-4600""",,,,,,,,,,,1,1,1,1,,,"=""04348""",,,
"=""27""",MORRIS,"=""3370""",Morris Hills Regional School District,"=""050""",Morris Hills High School,Mr.,Todd,Toriello,School Principal,ttoriello@mhrd.org,520 WEST MAIN STREET," ",ROCKAWAY,NJ,"=""07866-3799""",520 WEST MAIN STREET," ",ROCKAWAY,NJ,"=""07866-3799""",Ms.,Nicole,Gentile,Anti-Bullying Specialist,,,,,"=""973-664-2301""",,,,,,,,,,,1,1,1,1,,,"=""04352""",,,
"=""27""",MORRIS,"=""3370""",Morris Hills Regional School District,"=""040""",Morris Hills Regional District Adult High School,Mr.,Ryan,MacNaughton,School Principal,rmacnaughton@mhrd.org,50 Knoll Drive," ",ROCKAWAY,NJ,"=""07866""",50 Knoll Drive," ",ROCKAWAY,NJ,"=""07866""",Mr.,Ryan,Shaffer,Anti-Bullying Specialist,,,,,"=""973-664-2296""",,,,,,,,,,,,,,,,1,"=""""",,,
"=""27""",MORRIS,"=""3370""",Morris Hills Regional School District,"=""060""",Morris Knolls High School,Mr.,Ryan,MacNaughton,School Principal,rmacnaughton@mhrd.org,50 KNOLL DRIVE," ",ROCKAWAY,NJ,"=""07866""",50 KNOLL DRIVE," ",ROCKAWAY,NJ,"=""07866""",Ms.,Shari,Russo,Anti-Bullying Specialist,,,,,"=""973-664-2201""",,,,,,,,,,,1,1,1,1,,,"=""04354""",,,
"=""27""",MORRIS,"=""3380""",Morris Plains School District,"=""020""",Morris Plains Borough School,Mrs.,Monica,Crudele,School Principal,mcrudele@mpsdk8.org,500 SPEEDWELL AVENUE," ",MORRIS PLAINS,NJ,"=""07950-2134""",500 SPEEDWELL AVENUE," ",MORRIS PLAINS,NJ,"=""07950-2134""",Mr.,Brian,Wilson,Anti-Bullying Specialist,,,,,"=""973-538-1650""",,,,,1,1,1,1,1,1,,,,,,,"=""04358""",,,
"=""27""",MORRIS,"=""3380""",Morris Plains School District,"=""030""",Mountain Way School,Mrs.,Christine,Lion-Bailey,School Principal,clionbailey@mpsdk8.org,205 Mountain Way," ",MORRIS PLAINS,NJ,"=""07950""",205 Mountain Way," ",MORRIS PLAINS,NJ,"=""07950""",Mr.,Kathleen,Carlisle,Anti-Bullying Specialist,,,,,"=""973-538-0339""",1,1,1,1,,,,,,,,,,,,,"=""04362""",,,
"=""27""",MORRIS,"=""3385""",Morris School District,"=""060""",Alexander Hamilton,Mr.,Edward,Cisneros,School Principal,edward.cisneros@msdk12.net,24 MILLS STREET," ",MORRISTOWN,NJ,"=""07960""",24 MILLS STREET," ",MORRISTOWN,NJ,"=""07960""",Ms.,Briana,Lisciandrello,Anti-Bullying Specialist,,,,,"=""973-292-2190""",,,,,1,1,1,,,,,,,,,,"=""04368""",,,
"=""27""",MORRIS,"=""3385""",Morris School District,"=""065""",Alfred Vail School,Mr.,Brad,Bertani,School Principal,brad.bertani@msdk12.net,125 SPEEDWELL AVENUE," ",MORRIS PLAINS,NJ,"=""07950""",125 SPEEDWELL AVENUE," ",MORRIS PLAINS,NJ,"=""07950""",,Bryn,Markovich,Anti-Bullying Specialist,,,,,"=""973-292-2080""",,1,1,1,,,,,,,,,,,,,"=""04370""",,,
"=""27""",MORRIS,"=""3385""",Morris School District,"=""075""",Frelinghuysen Middle School,Mr.,Vincent,Marchese,School Principal,Vincent.Marchese@msdk12.net,WEST HANOVER AVENUE," ",MORRISTOWN,NJ,"=""07960""",WEST HANOVER AVENUE," ",MORRISTOWN,NJ,"=""07960""",Ms.,Dayjahnae,Rogers-Martin,Anti-Bullying Specialist,,,,,"=""973-292-2200""",,,,,,,,1,1,1,,,,,,,"=""04372""",,,
"=""27""",MORRIS,"=""3385""",Morris School District,"=""090""",Hillcrest School,Ms.,Lisa,Fischman,School Principal,lisa.fischman@msdk12.net,160 HILLCREST AVENUE," ",MORRISTOWN,NJ,"=""07960""",160 HILLCREST AVENUE," ",MORRISTOWN,NJ,"=""07960""",Ms.,Natalia,Olarte,Anti-Bullying Specialist,,,,,"=""973-292-2240""",,1,1,1,,,,,,,,,,,,,"=""04378""",,,
"=""27""",MORRIS,"=""3385""",Morris School District,"=""085""",Lafayette Learning Center,Mrs.,Jacquelyn,Adames,School Principal,jacquelyn.adames@msdk12.net,31 HAZEL STREET," ",MORRISTOWN,NJ,"=""07960""",31 HAZEL STREET," ",MORRISTOWN,NJ,"=""07960""",Mrs.,Courtney,Brillon,Anti-Bullying Specialist,,,,,"=""973-292-2222""",1,,,,,,,,,,,,,,,,"=""04376""",,,
"=""27""",MORRIS,"=""3385""",Morris School District,"=""050""",Morristown High School,Mr.,Mark,Manning,School Principal,mark.manning@msdk12.net,50 EARLY STREET," ",MORRISTOWN,NJ,"=""07960""",50 EARLY STREET," ",MORRISTOWN,NJ,"=""07960""",Mrs.,Sasha,Hicks,Anti-Bullying Specialist,,,,,"=""973-292-2000""",,,,,,,,,,,1,1,1,1,,,"=""04366""",,,
"=""27""",MORRIS,"=""3385""",Morris School District,"=""100""",Normandy Park School,Mr.,Christopher,Miller,School Principal,Christopher.miller@msdk12.net,19A NORMANDY PARKWAY," ",MORRISTOWN,NJ,"=""07960""",19A NORMANDY PARKWAY," ",MORRISTOWN,NJ,"=""07960""",,Gloria,Hunt,Anti-Bullying Specialist,,,,,"=""973-889-7690""",,1,1,1,1,1,1,,,,,,,,,,"=""00337""",,,
"=""27""",MORRIS,"=""3385""",Morris School District,"=""105""",Sussex Avenue School,Mr.,Robert,Sparano,School Principal,Robert.Sparano@msdk12.net,125 SUSSEX AVENUE," ",MORRISTOWN,NJ,"=""07960""",125 SUSSEX AVENUE," ",MORRISTOWN,NJ,"=""07960""",Ms.,Khirstie,Diaz,Anti-Bullying Specialist,,,,,"=""973-292-2250""",,,,,1,1,1,,,,,,,,,,"=""04384""",,,
"=""27""",MORRIS,"=""3385""",Morris School District,"=""110""",Thomas Jefferson School,Ms.,Kolleen,Myers,School Principal,Kolleen.Myers@msdk12.net,JAMES STREET & OGDEN PLACE," ",MORRISTOWN,NJ,"=""07960""",JAMES STREET & OGDEN PLACE," ",MORRISTOWN,NJ,"=""07960""",Ms.,Shannon,Heffernan,Anti-Bullying Specialist,,,,,"=""973-292-2090""",,,,,1,1,1,,,,,,,,,,"=""04386""",,,
"=""27""",MORRIS,"=""3385""",Morris School District,"=""115""",Woodland School,Mr.,Patrick,Phalon,School Principal,patrick.phalon@msdk12.net,51 JOHNSTON DRIVE," ",CONVENT STATION,NJ,"=""07961""",51 JOHNSTON DRIVE," ",CONVENT STATION,NJ,"=""07961""",Ms.,Megan,Stonebrink,Anti-Bullying Specialist,,,,,"=""973-292-2230""",,1,1,1,,,,,,,,,,,,,"=""04388""",,,
"=""27""",MORRIS,"=""3410""",Mount Arlington Public School District,"=""045""",Edith M. Decker Elementary School,Mrs.,Marina,Williams,School Principal,mwilliams@mtarlingtonk8.org,446 HOWARD BOULEVARD," ",MT  ARLINGTON,NJ,"=""07856""",446 HOWARD BOULEVARD," ",MT  ARLINGTON,NJ,"=""07856""",Mrs.,Anne,Dean,Anti-Bullying Specialist,,,,,"=""973-398-6400""",1,1,1,1,,,,,,,,,,,,,"=""04392""",,,
"=""27""",MORRIS,"=""3410""",Mount Arlington Public School District,"=""050""",Mount Arlington Public School,Mrs.,Marina,Williams,School Principal,mwilliams@mtarlingtonk8.org,235 HOWARD BOULEVARD," ",MT  ARLINGTON,NJ,"=""07856""",235 HOWARD BOULEVARD," ",MT  ARLINGTON,NJ,"=""07856""",Mrs.,Anne,Dean,Anti-Bullying Specialist,,,,,"=""973-398-4400""",,,,,1,1,1,1,1,1,,,,,,,"=""04394""",,,
"=""27""",MORRIS,"=""3450""",Mount Olive Township School District,"=""050""",Chester M. Stephens Elementary School,Ms.,Nicole,Musarra,School Principal,nicole.musarra@motsd.org,99 SUNSET DRIVE," ",BUDD LAKE,NJ,"=""07828""",99 SUNSET DRIVE," ",BUDD LAKE,NJ,"=""07828""",Ms.,Heather,Hoffman,Anti-Bullying Specialist,,,,,"=""973-691-4002""",,1,1,1,1,1,1,,,,,,,,,,"=""04404""",,,
"=""27""",MORRIS,"=""3450""",Mount Olive Township School District,"=""010""",Mount Olive High School,Mr.,Kevin,Stansberry,School Principal,kevin.stansberry@motsd.org,18 COREY ROAD," ",FLANDERS,NJ,"=""07836""",18 COREY ROAD," ",FLANDERS,NJ,"=""07836""",Ms.,Jackie,Skutka,Anti-Bullying Specialist,,,,,"=""973-927-2208""",,,,,,,,,,,1,1,1,1,,,"=""04398""",,,
"=""27""",MORRIS,"=""3450""",Mount Olive Township School District,"=""040""",Mount Olive Middle School,Mrs.,Agatha,Wilke,School Principal,agatha.wilke@motsd.org,160 WOLFE ROAD," ",BUDD LAKE,NJ,"=""07828""",160 WOLFE ROAD," ",BUDD LAKE,NJ,"=""07828""",Ms.,Anna,Crumm,Anti-Bullying Specialist,,,,,"=""973-691-4006""",,,,,,,,1,1,1,,,,,,,"=""00459""",,,
"=""27""",MORRIS,"=""3450""",Mount Olive Township School District,"=""060""",Mountain View Elementary School,Mrs.,Melissa,Kolenski,School Principal,melissa.kolenski@motsd.org,118 CLOVER HILL DRIVE," ",FLANDERS,NJ,"=""07836""",118 CLOVER HILL DRIVE," ",FLANDERS,NJ,"=""07836""",Ms.,Kathryn,Devins,Anti-Bullying Specialist,,,,,"=""973-927-2201""",1,1,1,1,1,1,1,,,,,,,,,,"=""04406""",,,
"=""27""",MORRIS,"=""3450""",Mount Olive Township School District,"=""065""",Sandshore Rd. Elementary School,Mrs.,Jennifer,Curry,School Principal,jennifer.curry@motsd.org,498 SANDSHORE  ROAD," ",BUDD LAKE,NJ,"=""07828""",498 SANDSHORE  ROAD," ",BUDD LAKE,NJ,"=""07828""",Ms.,Melissa,Roman,Anti-Bullying Specialist,,,,,"=""973-691-4003""",,1,1,1,1,1,1,,,,,,,,,,"=""04410""",,,
"=""27""",MORRIS,"=""3450""",Mount Olive Township School District,"=""070""",Tinc Rd. Elementary School,Mr.,Mark,Grilo,School Principal,mark.grilo@motsd.org,24 TINC ROAD," ",FLANDERS,NJ,"=""07836""",24 TINC ROAD," ",FLANDERS,NJ,"=""07836""",Ms.,Alina,Szast,Anti-Bullying Specialist,,,,,"=""973-927-2203""",,1,1,1,1,1,1,,,,,,,,,,"=""04412""",,,
"=""27""",MORRIS,"=""3460""",Mountain Lakes Public School District,"=""060""",Briarcliff Middle School,Mr.,Erik,Carlson,School Principal,ecarlson@mlschools.org,93 Briarcliff Rd.," ",Mountain Lakes,NJ,"=""07046""",93 Briarcliff Rd.," ",Mountain Lakes,NJ,"=""07046""",Ms.,Melissa,Fleming,Anti-Bullying Specialist,,,,,"=""973-334-0342""",,,,,,,,1,1,1,,,,,,,"=""04418""",,,
"=""27""",MORRIS,"=""3460""",Mountain Lakes Public School District,"=""070""",Lake Drive Program for Hearing Impaired,Mrs.,Julie,Lazeration,School Principal,jlazeration@mlschools.org,10 LAKE DRIVE," ",MOUNTAIN LAKES,NJ,"=""07046-1342""",10 LAKE DRIVE," ",MOUNTAIN LAKES,NJ,"=""07046-1342""",Ms.,Jennifer,DeMuth,Anti-Bullying Specialist,,,,,"=""973-299-0166""",1,1,1,1,1,1,1,1,1,1,,,,,,,"=""04420""",,,
"=""27""",MORRIS,"=""3460""",Mountain Lakes Public School District,"=""050""",Mountain Lakes High School,Mr.,Richard,Mangili,School Principal,rmangili@mlschools.org,96 Powerville Rd.," ",Mountain Lakes,NJ,"=""07046""",96 Powerville Rd.," ",Mountain Lakes,NJ,"=""07046""",Mrs.,Lisa,Cortese,Anti-Bullying Specialist,,,,,"=""973-334-8400""",,,,,,,,,,,1,1,1,1,,,"=""04416""",,,
"=""27""",MORRIS,"=""3460""",Mountain Lakes Public School District,"=""080""",Wildwood Elementary School,Mr.,Ken,Doolittle,School Principal,kdoolittle@mlschools.org,51 Glen Rd.," ",Mountain Lakes,NJ,"=""07046""",51 Glen Rd.," ",Mountain Lakes,NJ,"=""07046""",Mrs.,Dominique,Liberato,Anti-Bullying Specialist,,,,,"=""973-334-3609""",,1,1,1,1,1,1,,,,,,,,,,"=""04422""",,,
"=""27""",MORRIS,"=""3520""",Netcong School District,"=""060""",Netcong Elementary School,Mr.,Shawn,Cryan,School Principal,scryan@netcongschool.org,26 COLLEGE ROAD," ",NETCONG,NJ,"=""07857-1621""",26 COLLEGE ROAD," ",NETCONG,NJ,"=""07857-1621""",Ms.,Taylor,Guido,Anti-Bullying Specialist,Mrs.,Susan,McCall,School Homeless Liaison,"=""973-347-0020""",1,1,1,1,1,1,1,1,1,1,,,,,,,"=""04426""",,,
"=""27""",MORRIS,"=""3950""",Parsippany-Troy Hills Township School District,"=""055""",Brooklawn Middle School,Ms.,Carly,Stout,School Principal,cstout@pthsd.net,250 Beachwood Road," ",Parsippany,NJ,"=""07054-2459""",250 Beachwood Road,"PO Box 52 ",Parsippany,NJ,"=""07054-2459""",Mr.,Daniel,Yarosz,Anti-Bullying Specialist,,,,,"=""973-428-7551""",,,,,,,,1,1,1,,,,,,,"=""04434""",,,
"=""27""",MORRIS,"=""3950""",Parsippany-Troy Hills Township School District,"=""060""",Central Middle School,Mr.,Mark,Gray,School Principal,mgray@pthsd.net,1620 Route 46," ",Parsippany,NJ,"=""07054""",1620 Route 46,"PO Box 52 ",Parsippany,NJ,"=""07054""",Mr.,Daniel,Yarosz,Anti-Bullying Specialist,,,,,"=""973-263-7125""",,,,,,,,1,1,1,,,,,,,"=""04436""",,,
"=""27""",MORRIS,"=""3950""",Parsippany-Troy Hills Township School District,"=""062""",Eastlake Elementary School,Mr.,Sebastian,Powell,School Principal,sppowell@pthsd.net,40 Eba Road," ",Parsippany,NJ,"=""07054-2619""",40 Eba Road,"PO Box 52 ",Parsippany,NJ,"=""07054-2619""",Ms.,Ellen,Belarmino,Anti-Bullying Specialist,,,,,"=""973-428-7583""",1,1,1,1,1,1,1,,,,,,,,,,"=""04438""",,,
"=""27""",MORRIS,"=""3950""",Parsippany-Troy Hills Township School District,"=""064""",Intervale Elementary School,Mr.,Christopher,Waack,School Principal,cwaack@pthsd.net,60 Pitt Rd," ",Boonton,NJ,"=""07005""",60 Pitt Rd," ",Boonton,NJ,"=""07005""",Ms.,Donna,ODonnell,Anti-Bullying Specialist,,,,,"=""973-263-7075""",,1,1,1,1,1,1,,,,,,,,,,"=""04440""",,,
"=""27""",MORRIS,"=""3950""",Parsippany-Troy Hills Township School District,"=""065""",Knollwood Elementary School,Mr.,Steven,Linzenbold,School Principal,sglinzenbold@pthsd.net,445 Knoll Road," ",Lake Hiawatha,NJ,"=""07034""",445 Knoll Road,"PO Box 52 ",Parsippany,NJ,"=""07054""",Ms.,Denise,Brewer,Anti-Bullying Specialist,,,,,"=""973-263-7060""",,1,1,1,1,1,1,,,,,,,,,,"=""04442""",,,
"=""27""",MORRIS,"=""3950""",Parsippany-Troy Hills Township School District,"=""070""",Lake Hiawatha Elementary School,Mr.,Steve,Figurelli,School Principal,spfigurelli@pthsd.net,1 Lincoln Avenue," ",Lake Hiawatha,NJ,"=""07034""",1 Lincoln Avenue,"PO Box 52 ",Parsippany,NJ,"=""07054""",Mr.,Panayotis,Radiotis,Anti-Bullying Specialist,,,,,"=""973-263-4344""",1,1,1,1,1,1,1,,,,,,,,,,"=""00401""",,,
"=""27""",MORRIS,"=""3950""",Parsippany-Troy Hills Township School District,"=""080""",Lake Parsippany Elementary School,Ms.,Michele,Hoffman,School Principal,mhoffman@pthsd.net,225 Kingston Road," ",Parsippany,NJ,"=""07054""",225 Kingston Road,"PO Box 52 ",Parsippany,NJ,"=""07054""",Ms.,Kristine,Bushong,Anti-Bullying Specialist,,,,,"=""973-428-7572""",,1,1,1,1,1,1,,,,,,,,,,"=""04446""",,,
"=""27""",MORRIS,"=""3950""",Parsippany-Troy Hills Township School District,"=""090""",Littleton Elementary School,Mr.,Brian,Staples,School Principal,btstaples@pthsd.net,250 Brooklawn Drive," ",Morris Plains,NJ,"=""07950""",250 Brooklawn Drive,"PO Box 52 ",Parsippany,NJ,"=""07054""",Ms.,Nicole,Pappas,Anti-Bullying Specialist,,,,,"=""973-682-2847""",1,1,1,1,1,1,1,,,,,,,,,,"=""04448""",,,
"=""27""",MORRIS,"=""3950""",Parsippany-Troy Hills Township School District,"=""100""",Mount Tabor Elementary School,Mrs.,Marlene,Toomey,School Principal,matoomey@pthsd.net,900 PARK RD & ROUTE 53,"PO BOX 509 ",MOUNT TABOR,NJ,"=""07878""",PARK RD & ROUTE 53,"PO BOX 509 ",MOUNT TABOR,NJ,"=""07878""",Ms.,Katherine,Hogrebe,Anti-Bullying Specialist,,,,,"=""973-889-3361""",,1,1,1,1,1,1,,,,,,,,,,"=""00241""",,,
"=""27""",MORRIS,"=""3950""",Parsippany-Troy Hills Township School District,"=""103""",Northvail Elementary School,Dr.,Natalie,Betz,School Principal,nbetz@pthsd.net,10 EILEEN COURT," ",PARSIPPANY,NJ,"=""07054-1430""",10 EILEEN COURT,"PO Box 52 ",PARSIPPANY,NJ,"=""07054-1430""",Mr.,Richard,Breiten,Anti-Bullying Specialist,,,,,"=""973-263-7070""",,1,1,1,1,1,1,,,,,,,,,,"=""04452""",,,
"=""27""",MORRIS,"=""3950""",Parsippany-Troy Hills Township School District,"=""050""",Parsippany High School,Mrs.,Melissa,Carucci,School Principal,mvcarucci@pthsd.net,309 Baldwin Rd," ",Parsippany,NJ,"=""07054""",309 Baldwin Rd," ",Parsippany,NJ,"=""07054""",Ms.,Aimee,Doyle,Anti-Bullying Specialist,,,,,"=""973-263-7001""",,,,,,,,,,,1,1,1,1,,,"=""04430""",,,
"=""27""",MORRIS,"=""3950""",Parsippany-Troy Hills Township School District,"=""053""",Parsippany Hills High School,Dr.,Matthew,Thompson,School Principal,mjthompson@pthsd.net,20 Rita Drive," ",Morris Plains,NJ,"=""07950""",20 Rita Drive,"PO Box 52 ",Parsippany,NJ,"=""07054""",Ms.,Deanna,Sacco,Anti-Bullying Specialist,,,,,"=""973-682-2815""",,,,,,,,,,,1,1,1,1,,,"=""04432""",,,
"=""27""",MORRIS,"=""3950""",Parsippany-Troy Hills Township School District,"=""107""",Rockaway Meadow Elementary School,Mr.,Michael,DiSanto,School Principal,mdisanto@pthsd.net,160 EDWARDS ROAD," ",PARSIPPANY,NJ,"=""07054-2205""",160 EDWARDS ROAD,"PO Box 52 ",PARSIPPANY,NJ,"=""07054-2205""",Ms.,Emily,Young,Anti-Bullying Specialist,,,,,"=""973-263-7308""",,1,1,1,1,1,1,,,,,,,,,,"=""04454""",,,
"=""27""",MORRIS,"=""3950""",Parsippany-Troy Hills Township School District,"=""120""",Troy Hills Elementary School,Mr.,Keith,Cortright,School Principal,kcortright@pthsd.net,509 S  BEVERWYCK ROAD," ",PARSIPPANY,NJ,"=""07054-3327""",509 S  BEVERWYCK ROAD,"PO Box 52 ",PARSIPPANY,NJ,"=""07054-3327""",Ms.,Bayley,Clayton,Anti-Bullying Specialist,,,,,"=""973-428-7588""",,1,1,1,1,1,1,,,,,,,,,,"=""04458""",,,
"=""27""",MORRIS,"=""4080""",Pequannock Township School District,"=""055""",Hillview School,Mrs.,Allison,Stager,School Principal,allison.stager@pequannock.org,206 Boulevard," ",Pompton Plains,NJ,"=""07444-1903""",206 Boulevard," ",Pompton Plains,NJ,"=""07444-1903""",Ms.,Nubia,Fonseca,Anti-Bullying Specialist,,,,,"=""973-616-6080""",,1,1,1,1,1,1,,,,,,,,,,"=""04472""",,,
"=""27""",MORRIS,"=""4080""",Pequannock Township School District,"=""060""",North Boulevard School,Mrs.,Elissa,Scillieri,School Principal,elissa.scillieri@pequannock.org,363 Boulevard," ",Pompton Plains,NJ,"=""07444-1701""",363 Boulevard," ",Pompton Plains,NJ,"=""07444-1701""",Ms.,Misty,Lynes,Anti-Bullying Specialist,,,,,"=""973-616-6070""",1,1,1,1,1,1,1,,,,,,,,,,"=""04474""",,,
"=""27""",MORRIS,"=""4080""",Pequannock Township School District,"=""050""",Pequannock Township High School,Mr.,Richard,Hayzler,School Principal,richard.hayzler@pequannock.org,85 Sunset Road," ",Pompton Plains,NJ,"=""07444-1652""",85 Sunset Road," ",Pompton Plains,NJ,"=""07444-1652""",Ms.,Kimberly,Buscher,Anti-Bullying Specialist,,,,,"=""973-616-6000""",,,,,,,,,,,1,1,1,1,,,"=""04470""",,,
"=""27""",MORRIS,"=""4080""",Pequannock Township School District,"=""080""",Pequannock Valley School,Mr.,John,Seborowski,School Principal,john.seborowski@pequannock.org,493 Newark Pompton Tpke.," ",Pompton Plains,NJ,"=""07444-1923""",493 Newark Pompton Tpke.," ",Pompton Plains,NJ,"=""07444-1923""",Mrs.,Terri,Praschak,Anti-Bullying Specialist,,,,,"=""973-616-6050""",,,,,,,,1,1,1,,,,,,,"=""04478""",,,
"=""27""",MORRIS,"=""4080""",Pequannock Township School District,"=""100""",Stephen J. Gerace School,Mr.,Matthew,Reiner,School Principal,matthew.reiner@pequannock.org,59 Boulevard," ",Pequannock,NJ,"=""07440-1531""",59 Boulevard," ",Pequannock,NJ,"=""07440-1531""",Ms.,Jacqueline,Griffith,Anti-Bullying Specialist,,,,,"=""973-305-5615""",,1,1,1,1,1,1,,,,,,,,,,"=""04482""",,,
"=""27""",MORRIS,"=""4330""",Randolph Township School District,"=""057""",Center Grove School,Mr.,Mario,Rodas,School Principal,mrodas@rtnj.org,25 SCHOOL HOUSE ROAD," ",RANDOLPH,NJ,"=""07869""",25 SCHOOL HOUSE ROAD," ",RANDOLPH,NJ,"=""07869""",Ms.,Kayla,Licamara,Anti-Bullying Specialist,,,,,"=""973-361-7835""",1,1,1,1,1,1,1,,,,,,,,,,"=""04488""",,,
"=""27""",MORRIS,"=""4330""",Randolph Township School District,"=""065""",Fernbrook School,Dr.,Michelle,Bernal,School Principal,mbernal@rtnj.org,206 QUAKER CHURCH ROAD," ",RANDOLPH,NJ,"=""07869""",206 QUAKER CHURCH ROAD," ",RANDOLPH,NJ,"=""07869""",Ms.,Krissy,Atelek,Anti-Bullying Specialist,,,,,"=""973-361-0660""",,1,1,1,1,1,1,,,,,,,,,,"=""04490""",,,
"=""27""",MORRIS,"=""4330""",Randolph Township School District,"=""070""",Ironia School,Ms.,Katherine,Dressel,School Principal,kdressel@rtnj.org,303 DOVER  CHESTER ROAD," ",RANDOLPH,NJ,"=""07869""",303 DOVER  CHESTER ROAD," ",RANDOLPH,NJ,"=""07869""",Ms.,Kristen,Hunklele,Anti-Bullying Specialist,,,,,"=""973-584-8588""",,1,1,1,1,1,1,,,,,,,,,,"=""04492""",,,
"=""27""",MORRIS,"=""4330""",Randolph Township School District,"=""050""",Randolph High School,Ms.,Jessica,Baxter,School Principal,jbaxter@rtnj.org,511 MILLBROOK AVENUE," ",RANDOLPH,NJ,"=""07869""",511 MILLBROOK AVENUE," ",RANDOLPH,NJ,"=""07869""",Mr.,Argyris,Eleftheriou,Anti-Bullying Specialist,,,,,"=""973-361-2400""",1,,,,,,,,,,1,1,1,1,,,"=""04486""",,,
"=""27""",MORRIS,"=""4330""",Randolph Township School District,"=""075""",Randolph Middle School,Mr.,David,Kricheff,School Principal,dkricheff@rtnj.org,507 MILLBROOK AVENUE," ",RANDOLPH,NJ,"=""07869""",507 MILLBROOK AVENUE," ",RANDOLPH,NJ,"=""07869""",Mr.,Peter,Gangemi,Anti-Bullying Specialist,,,,,"=""973-366-8700""",,,,,,,,1,1,1,,,,,,,"=""04494""",,,
"=""27""",MORRIS,"=""4330""",Randolph Township School District,"=""080""",Shongum School,Mr.,Michael,Scott,School Principal,mscott@rtnj.org,9 ARROW PLACE," ",RANDOLPH,NJ,"=""07869""",9 ARROW PLACE," ",RANDOLPH,NJ,"=""07869""",Ms.,April,Klecak,Anti-Bullying Specialist,,,,,"=""973-895-2322""",,1,1,1,1,1,1,,,,,,,,,,"=""04496""",,,
"=""27""",MORRIS,"=""4440""",Riverdale School District,"=""050""",Riverdale School,Mr.,Mark,Sernatinger,School Principal,msernatinger@rpsnj.org,52 NEWARK POMPTON TURNPIKE," ",RIVERDALE,NJ,"=""07457""",52 NEWARK POMPTON TURNPIKE," ",RIVERDALE,NJ,"=""07457""",Mrs.,Stacy,DiLorenzo,Anti-Bullying Specialist,,,,,"=""973-839-1300""",1,1,1,1,1,1,1,1,1,1,,,,,,,"=""04498""",,,
"=""27""",MORRIS,"=""4480""",Rockaway Borough School District,"=""060""",Lincoln Elementary School,,N/A,N/A,Vacant,agrieco@rockboro.org,37 KELLER AVENUE," ",ROCKAWAY,NJ,"=""07866-3921""",37 KELLER AVENUE," ",ROCKAWAY,NJ,"=""07866-3921""",Ms.,Brianna,Rigas,Anti-Bullying Specialist,,,,,"=""973-625-8602""",1,1,1,1,1,,,,,,,,,,,,"=""04504""",,,
"=""27""",MORRIS,"=""4480""",Rockaway Borough School District,"=""050""",Thomas Jefferson Middle School,Mr.,Leon,Samuels,School Principal,dwaxman@rockboro.org,95 EAST MAIN STREET," ",ROCKAWAY,NJ,"=""07866-3517""",95 EAST MAIN STREET," ",ROCKAWAY,NJ,"=""07866-3517""",Ms.,Bryanna,Dennison,Anti-Bullying Specialist,,,,,"=""973-625-8603""",,,,,,1,1,1,1,1,,,,,,,"=""04502""",,,
"=""27""",MORRIS,"=""4490""",Rockaway Township School District,"=""010""",Birchwood Elementary School,Dr.,Maria,Rivera,School Principal,mrivera@rocktwp.net,1 ART STREET," ",DOVER,NJ,"=""07801""",1 ART STREET," ",DOVER,NJ,"=""07801""",Mrs.,Sonya,Patel,Anti-Bullying Specialist,,,,,"=""973-361-7080""",1,1,1,1,1,1,1,,,,,,,,,,"=""04510""",,,
"=""27""",MORRIS,"=""4490""",Rockaway Township School District,"=""019""",Catherine A Dwyer Elementary School,Mr.,Michael,McGovern,School Principal,mmcgovern@rocktwp.net,665 MT  HOPE AVENUE," ",WHARTON,NJ,"=""07885""",665 MT  HOPE AVENUE," ",WHARTON,NJ,"=""07885""",Mrs.,Ann,Kerin,Anti-Bullying Specialist,,,,,"=""973-361-7450""",,1,1,1,1,1,1,,,,,,,,,,"=""04514""",,,
"=""27""",MORRIS,"=""4490""",Rockaway Township School District,"=""015""",Copeland Middle School,Mr.,Dustin,Bayer,School Principal,dbayer@rocktwp.net,100 LAKE SHORE DRIVE," ",ROCKAWAY,NJ,"=""07866""",100 LAKE SHORE DRIVE," ",ROCKAWAY,NJ,"=""07866""",Mrs.,Christine,Ciampi,Anti-Bullying Specialist,,,,,"=""973-627-2465""",,,,,,,,1,1,1,,,,,,,"=""04512""",,,
"=""27""",MORRIS,"=""4490""",Rockaway Township School District,"=""025""",Dennis B O'Brien Elementary School,Mr.,Gaetano,Sollazzo,School Principal,gsollazzo@rocktwp.net,16 MINERAL SPRING DRIVE," ",DOVER,NJ,"=""07801""",16 MINERAL SPRING DRIVE," ",DOVER,NJ,"=""07801""",Ms.,Natalia,Hubisz,Anti-Bullying Specialist,,,,,"=""973-361-7330""",1,1,1,1,1,1,1,,,,,,,,,,"=""04516""",,,
"=""27""",MORRIS,"=""4490""",Rockaway Township School District,"=""030""",Katharine D Malone Elementary School,Mr.,Brian,Rawlins,School Principal,brawlins@rocktwp.net,524 GREEN POND ROAD," ",ROCKAWAY,NJ,"=""07866""",524 GREEN POND ROAD," ",ROCKAWAY,NJ,"=""07866""",Ms.,Kelly-Ann,Bodnar,Anti-Bullying Specialist,,,,,"=""973-627-7512""",,1,1,1,1,1,1,,,,,,,,,,"=""04518""",,,
"=""27""",MORRIS,"=""4490""",Rockaway Township School District,"=""080""",Stony Brook Elementary School,Mr.,Stephen,Wisniewski,School Principal,swisniewski@rocktwp.net,44 STONY BROOK ROAD," ",ROCKAWAY,NJ,"=""07866""",44 STONY BROOK ROAD," ",ROCKAWAY,NJ,"=""07866""",Mrs.,Alison,Piano,Anti-Bullying Specialist,,,,,"=""973-627-2411""",,1,1,1,1,1,1,,,,,,,,,,"=""04520""",,,
"=""27""",MORRIS,"=""4560""",Roxbury Township School District,"=""055""",Eisenhower Middle School,Mr.,Paul,Gallagher,School Principal,pgallagher@roxbury.org,47 EYLAND AVENUE," ",SUCCASUNNA,NJ,"=""07876-1624""",47 EYLAND AVENUE," ",SUCCASUNNA,NJ,"=""07876-1624""",Ms.,Geri,Esposito,Anti-Bullying Specialist,,,,,"=""973-584-2973""",,,,,,,,,1,1,,,,,,,"=""04526""",,,
"=""27""",MORRIS,"=""4560""",Roxbury Township School District,"=""060""",Franklin Elementary School,Mr.,Brian,Hamer,School Principal,bhamer@roxbury.org,8 MEEKER STREET," ",SUCCASUNNA,NJ,"=""07876-1419""",8 MEEKER STREET," ",SUCCASUNNA,NJ,"=""07876-1419""",Mrs.,Gail,LaCosta,Anti-Bullying Specialist,,,,,"=""973-584-5549""",,1,1,1,1,1,,,,,,,,,,,"=""04528""",,,
"=""27""",MORRIS,"=""4560""",Roxbury Township School District,"=""065""",Jefferson Elementary School,Mrs.,Melissa,Cosgrove,School Principal,mcosgrove@roxbury.org,35 CORN HOLLOW ROAD," ",SUCCASUNNA,NJ,"=""07876""",35 CORN HOLLOW ROAD," ",SUCCASUNNA,NJ,"=""07876""",Ms.,Victoria,Cavaleri,Anti-Bullying Specialist,,,,,"=""973-584-8955""",1,1,1,1,1,1,,,,,,,,,,,"=""04530""",,,
"=""27""",MORRIS,"=""4560""",Roxbury Township School District,"=""067""",Kennedy Elementary School,Mrs.,Nicole,Acevedo,School Principal,nacevedo@roxbury.org,20 PLEASANT HILL ROAD," ",SUCCASUNNA,NJ,"=""07876""",20 PLEASANT HILL ROAD," ",SUCCASUNNA,NJ,"=""07876""",Ms.,Jennifer,Buckler,Anti-Bullying Specialist,,,,,"=""973-584-3938""",,1,1,1,1,1,,,,,,,,,,,"=""04532""",,,
"=""27""",MORRIS,"=""4560""",Roxbury Township School District,"=""080""",Lincoln/Roosevelt School,Mr.,Ryan,Bartol,School Principal,rbartol@roxbury.org,34 NORTH HILLSIDE AVENUE," ",SUCCASUNNA,NJ,"=""07876-1446""",34 NORTH HILLSIDE AVENUE," ",SUCCASUNNA,NJ,"=""07876-1446""",Ms.,Stefanie,DelRusso,Anti-Bullying Specialist,,,,,"=""973-584-4331""",,,,,,,1,1,,,,,,,,,"=""04534""",,,
"=""27""",MORRIS,"=""4560""",Roxbury Township School District,"=""085""",Nixon Elementary School,Mrs.,Danielle,Lynch,School Principal,dlynch@roxbury.org,275 MT  ARLINGTON BOULEVARD," ",LANDING,NJ,"=""07850""",275 MT  ARLINGTON BOULEVARD," ",LANDING,NJ,"=""07850""",Ms.,Patti,Kousoulis,Anti-Bullying Specialist,,,,,"=""973-398-2564""",,1,1,1,1,1,,,,,,,,,,,"=""04536""",,,
"=""27""",MORRIS,"=""4560""",Roxbury Township School District,"=""050""",Roxbury High School,Mr.,William,Crispino,School Principal,wcrispino@roxbury.org,ONE BRYANT DRIVE," ",SUCCASUNNA,NJ,"=""07876-1640""",ONE BRYANT DRIVE," ",SUCCASUNNA,NJ,"=""07876-1640""",Ms.,Jennifer,Kenny,Anti-Bullying Specialist,,,,,"=""973-584-1200""",,,,,,,,,,,1,1,1,1,,,"=""04524""",,,
"=""27""",MORRIS,"=""0785""",School District of the Chathams,"=""010""",Chatham High School,Dr.,Douglas,Walker,School Principal,dwalker@chatham-nj.org,255 LAFAYETTE AVENUE," ",CHATHAM,NJ,"=""07928""",255 LAFAYETTE AVENUE," ",CHATHAM,NJ,"=""07928""",Mr.,Connor,Henderson,Anti-Bullying Specialist,,,,,"=""973-457-2505""",,,,,,,,,,,1,1,1,1,,,"=""06014""",,,
"=""27""",MORRIS,"=""0785""",School District of the Chathams,"=""030""",Chatham Middle School,Mr.,Aaron,Yamamoto,School Principal,ayamamoto@chatham-nj.org,480 MAIN STREET," ",CHATHAM,NJ,"=""07928-2120""",480 MAIN STREET," ",CHATHAM,NJ,"=""07928-2120""",Mrs.,Danielle,Dagounis,Anti-Bullying Specialist,,,,,"=""973-457-2506""",,,,,,,1,1,1,1,,,,,,,"=""06015""",,,
"=""27""",MORRIS,"=""0785""",School District of the Chathams,"=""050""",Lafayette Avenue School,Ms.,Cheryl,Russo,School Principal,crusso@chatham-nj.org,221 LAFAYETTE AVENUE," ",CHATHAM,NJ,"=""07928-1830""",221 LAFAYETTE AVENUE," ",CHATHAM,NJ,"=""07928-1830""",Mrs.,Danielle,Imbimbo,Anti-Bullying Specialist,,,,,"=""973-457-2507""",,,,,1,1,,,,,,,,,,,"=""06016""",,,
"=""27""",MORRIS,"=""0785""",School District of the Chathams,"=""060""",Milton Avenue School,Mrs.,Kristen,Crawford,School Principal,kcrawford@chatham-nj.org,16 MILTON AVENUE," ",CHATHAM,NJ,"=""07928""",16 MILTON AVENUE," ",CHATHAM,NJ,"=""07928""",Ms.,Paige,Hobby,Anti-Bullying Specialist,,,,,"=""973-457-2508""",1,1,1,1,,,,,,,,,,,,,"=""06017""",,,
"=""27""",MORRIS,"=""0785""",School District of the Chathams,"=""080""",Southern Boulevard School,Mr.,Marco,Freyre,School Principal,mfreyre@chatham-nj.org,192 SOUTHERN BOULEVARD," ",CHATHAM,NJ,"=""07928-1324""",192 SOUTHERN BOULEVARD," ",CHATHAM,NJ,"=""07928-1324""",Ms.,Alexandra,Gallo,Anti-Bullying Specialist,,,,,"=""973-457-2509""",,1,1,1,,,,,,,,,,,,,"=""06019""",,,
"=""27""",MORRIS,"=""0785""",School District of the Chathams,"=""070""",Washington Avenue School,Ms.,Kristine,Dudlo,School Principal,kdudlo@chatham-nj.org,102 WASHINGTON AVENUE," ",CHATHAM,NJ,"=""07928""",102 WASHINGTON AVENUE," ",CHATHAM,NJ,"=""07928""",Ms.,Rosie,Iannicelli,Anti-Bullying Specialist,,,,,"=""973-457-2510""",,1,1,1,,,,,,,,,,,,,"=""06018""",,,
"=""27""",MORRIS,"=""5520""",Washington Township School District,"=""050""",Benedict A. Cucinella School,Mr.,Christopher,Perruso,School Principal,cperruso@wtschools.org,470 NAUGHRIGHT ROAD," ",LONG VALLEY,NJ,"=""07853""",470 NAUGHRIGHT ROAD," ",LONG VALLEY,NJ,"=""07853""",Mrs.,Kyra,McCool,Anti-Bullying Specialist,,,,,"=""908-850-3161""",1,1,1,1,1,1,1,,,,,,,,,,"=""00815""",,,
"=""27""",MORRIS,"=""5520""",Washington Township School District,"=""030""",Flocktown-Kossmann Elementary School,Dr.,Christopher,Marangon,School Principal,CMarangon@wtschools.org,90 FLOCKTOWN ROAD," ",LONG VALLEY,NJ,"=""07853-8919""",90 FLOCKTOWN ROAD," ",LONG VALLEY,NJ,"=""07853-8919""",Mr.,John,Winsted,Anti-Bullying Specialist,,,,,"=""908-850-1010""",1,1,1,1,1,1,1,,,,,,,,,,"=""04542""",,,
"=""27""",MORRIS,"=""5520""",Washington Township School District,"=""035""",Long Valley Middle School,Mr.,Mark,Ippolito,School Principal,mippolito@wtschools.org,51 WEST MILL RD," ",LONG VALLEY,NJ,"=""07853-9200""",51 WEST MILL RD," ",LONG VALLEY,NJ,"=""07853-9200""",Mrs.,Jennifer,Werneke,Anti-Bullying Specialist,,,,,"=""908-876-3434""",,,,,,,,1,1,1,,,,,,,"=""04544""",,,
"=""27""",MORRIS,"=""5520""",Washington Township School District,"=""040""",Old Farmers Road School,Mr.,Kristopher,Scotto,School Principal,KScotto@wtschools.org,51 OLD FARMERS ROAD," ",LONG VALLEY,NJ,"=""07853""",51 OLD FARMERS ROAD," ",LONG VALLEY,NJ,"=""07853""",Ms.,Hilary,Harvey,Anti-Bullying Specialist,,,,,"=""908-876-3865""",1,1,1,1,1,1,1,,,,,,,,,,"=""04546""",,,
"=""27""",MORRIS,"=""5660""",West Morris Regional High School District,"=""030""",West Morris Central High School,Mr.,Timothy,Rymer,School Principal,trymer@wmrhsd.org,259 BARTLEY ROAD," ",CHESTER,NJ,"=""07930""",259 BARTLEY ROAD," ",CHESTER,NJ,"=""07930""",Ms.,Michell,Ellsworth,Anti-Bullying Specialist,,,,,"=""908-879-5212""",,,,,,,,,,,1,1,1,1,,,"=""04550""",,,
"=""27""",MORRIS,"=""5660""",West Morris Regional High School District,"=""050""",West Morris Mendham High School,Ms.,Anna,Meagher,School Principal,ameagher@wmrhsd.org,65 EAST MAIN STREET," ",MENDHAM,NJ,"=""07945""",65 EAST MAIN STREET," ",MENDHAM,NJ,"=""07945""",Ms.,Sarah,Bovee,Anti-Bullying Specialist,,,,,"=""973-543-2501""",,,,,,,,,,,1,1,1,1,,,"=""04552""",,,
"=""27""",MORRIS,"=""5770""",Wharton Borough School District,"=""030""",Alfred C. MacKinnon Middle School,Mr.,ROBERT,HAYZLER,School Principal,rhayzler@wbps.org,137 East Central Avenue," ",Wharton,NJ,"=""07885-2431""",137 East Central Avenue," ",Wharton,NJ,"=""07885-2431""",Mr.,FRANK,DEVONE,Anti-Bullying Specialist,,,,,"=""973-361-1253""",,,,,,,,1,1,1,,,,,,,"=""04558""",,,
"=""27""",MORRIS,"=""5770""",Wharton Borough School District,"=""040""",Marie V. Duffy Elementary School,Mr.,MICHAEL,WINDRAM,School Principal,mwindram@wbps.org,137 East Central Avenue," ",Wharton,NJ,"=""07885-2431""",137 East Central Avenue," ",Wharton,NJ,"=""07885-2431""",Mr.,MICHAEL,LAUDATI,Anti-Bullying Specialist,,,,,"=""973-361-2506""",1,1,1,1,1,1,1,,,,,,,,,,"=""04560""",,,
"=""29""",OCEAN,"=""0185""",Barnegat Township School District,"=""030""",Barnegat High School,Mr.,Patrick,Magee,School Principal,pmagee@barnegatschools.com,180 BENGAL BLVD," ",BARNEGAT,NJ,"=""08005""",180 BENGAL BLVD," ",BARNEGAT,NJ,"=""08005""",Ms.,Kim,Germano,Anti-Bullying Specialist,,,,,"=""609-660-7510""",,,,,,,,,,,1,1,1,1,,,"=""00557""",,,
"=""29""",OCEAN,"=""0185""",Barnegat Township School District,"=""015""",Cecil S. Collins Elementary,Ms.,Susan,Speirs,School Principal,sspeirs@barnegatschools.com,570 BARNEGAT BLVD  NORTH," ",BARNEGAT,NJ,"=""08005""",570 BARNEGAT BLVD  NORTH," ",BARNEGAT,NJ,"=""08005""",Ms.,Angela,Wykoff,Anti-Bullying Specialist,,,,,"=""609-698-5832""",,1,1,1,,,,,,,,,,,,,"=""05947""",,,
"=""29""",OCEAN,"=""0185""",Barnegat Township School District,"=""080""",Joseph T. Donahue Elementary School,Mrs.,Regina,Santolla,School Principal,rsantolla@barnegatschools.com,200 BENGAL BLVD," ",BARNEGAT,NJ,"=""08005""",200 BENGAL BLVD," ",BARNEGAT,NJ,"=""08005""",Ms.,Jennifer,Blanchard,Anti-Bullying Specialist,,,,,"=""609-660-8900""",,,,,1,1,,,,,,,,,,,"=""03007""",,,
"=""29""",OCEAN,"=""0185""",Barnegat Township School District,"=""010""",Lillian M. Dunfee Elementary,Mrs.,Jennifer,Froehlich,School Principal,jfroehlich@barnegatschools.com,128 BARNEGAT BLVD," ",BARNEGAT,NJ,"=""08005-2497""",128 BARNEGAT BLVD," ",BARNEGAT,NJ,"=""08005-2497""",Ms.,Samantha,Fitzmaurice,Anti-Bullying Specialist,,,,,"=""609-698-5826""",1,,,,,,,,,,,,,,,,"=""04564""",,,
"=""29""",OCEAN,"=""0185""",Barnegat Township School District,"=""070""",Robert L. Horbelt Elementary School,Dr.,John,Russo,School Principal,jrusso@barnegatschools.com,104 BURR STREET," ",BARNEGAT,NJ,"=""08005""",104 BURR STREET," ",BARNEGAT,NJ,"=""08005""",Mrs.,Dana,Hermanni,Anti-Bullying Specialist,,,,,"=""609-660-7500""",,,,,,,1,1,,,,,,,,,"=""00461""",,,
"=""29""",OCEAN,"=""0185""",Barnegat Township School District,"=""050""",Russell O. Brackman Middle School,Mr.,John,Fiorentino,School Principal,jfiorentino@barnegatschools.com,600 BARNEGAT BLVD  NORTH," ",BARNEGAT,NJ,"=""08005""",600 BARNEGAT BLVD  NORTH," ",BARNEGAT,NJ,"=""08005""",Ms.,Melissa,Rybczynski,Anti-Bullying Specialist,,,,,"=""609-698-5880""",,,,,,,,,1,1,,,,,,,"=""06074""",,,
"=""29""",OCEAN,"=""0210""",Bay Head Borough School District,"=""020""",Bay Head Elementary,Mr.,Frank,Camardo,School Principal,camardo@bayheadschool.org,145 GROVE STREET," ",BAY HEAD,NJ,"=""08742""",145 GROVE STREET," ",BAY HEAD,NJ,"=""08742""",Mrs.,Molly,Contreras,Anti-Bullying Specialist,Mrs.,Patricia,Cartwright,School Homeless Liaison,"=""732-892-0668""",,1,1,1,1,1,1,1,1,1,,,,,,,"=""04568""",,,
"=""29""",OCEAN,"=""0230""",Beach Haven School District,"=""020""",Beach Haven School,Mr.,Theodore,Loeffler,Chief School Administrator,tloeffler@beachhavenschool.com,700 North Beach Ave.," ",Beach Haven,NJ,"=""08008""",700 North Beach Ave.," ",Beach Haven,NJ,"=""08008""",Mrs.,Jennifer,Kraljevich,Anti-Bullying Specialist,,,,,"=""609-492-7411""",1,1,1,1,1,1,1,1,,,,,,,,,"=""04570""",,,
"=""29""",OCEAN,"=""0320""",Berkeley Township School District,"=""020""",Bayville Elementary School,Mr.,Steve,Rieder,School Principal,srieder@btboe.org,356 ATLANTIC CITY BLVD," ",BAYVILLE,NJ,"=""08721-1246""",356 ATLANTIC CITY BLVD," ",BAYVILLE,NJ,"=""08721-1246""",Mrs.,Gail,Salmon,Anti-Bullying Specialist,,,,,"=""732-269-1300""",1,1,1,1,1,1,,,,,,,,,,,"=""04574""",,,
"=""29""",OCEAN,"=""0320""",Berkeley Township School District,"=""025""",Berkeley Township Elementary School,Mr.,Daniel,Prima,School Principal,dprima@btboe.org,10 EMORY AVENUE," ",BAYVILLE,NJ,"=""08721""",10 EMORY AVENUE," ",BAYVILLE,NJ,"=""08721""",Mrs.,Anastasia,Kakos,Anti-Bullying Specialist,,,,,"=""732-269-2909""",,,,,,,1,1,,,,,,,,,"=""06125""",,,
"=""29""",OCEAN,"=""0320""",Berkeley Township School District,"=""030""",Clara B. Worth Elementary School,Mrs.,Cara,Burton,School Principal,cburton@btboe.org,57 CENTRAL PARKWAY," ",BAYVILLE,NJ,"=""08721-2414""",57 CENTRAL PARKWAY," ",BAYVILLE,NJ,"=""08721-2414""",Mrs.,Theresa,Hegarty,Anti-Bullying Specialist,,,,,"=""732-269-1700""",1,1,1,1,1,1,,,,,,,,,,,"=""04576""",,,
"=""29""",OCEAN,"=""0320""",Berkeley Township School District,"=""040""",H & M Potter School,Mrs.,Andrea,Cimino,School Principal,acimino@btboe.org,60 VEEDER LANE," ",BAYVILLE,NJ,"=""08721-1833""",60 VEEDER LANE," ",BAYVILLE,NJ,"=""08721-1833""",Mrs.,Rebecca,Melanson,Anti-Bullying Specialist,,,,,"=""732-269-5700""",1,1,1,1,1,1,,,,,,,,,,,"=""04578""",,,
"=""29""",OCEAN,"=""0530""",Brick Township Public School District,"=""020""",Brick Township High School,Dr.,David,Kasyan,School Principal,dkasyan@brickschools.org,346 CHAMBERS BRIDGE RD," ",BRICK TOWN,NJ,"=""08723-2804""",346 CHAMBERS BRIDGE RD," ",BRICK TOWN,NJ,"=""08723-2804""",Ms.,Lori,Roland,Anti-Bullying Specialist,,,,,"=""732-785-3000""",,,,,,,,,,,1,1,1,1,,,"=""04582""",,,https://x.com/BTHSDragons
"=""29""",OCEAN,"=""0530""",Brick Township Public School District,"=""025""",Brick Township Memorial High School,Mr.,Edward,Sarluca,School Principal,esarluca@brickschools.org,2001 LANES MILL RD," ",BRICK,NJ,"=""08724-1405""",2001 LANES MILL RD," ",BRICK,NJ,"=""08724-1405""",Ms.,Tracey,Reinhard,Anti-Bullying Specialist,,,,,"=""732-785-3000""",,,,,,,,,,,1,1,1,1,,,"=""05896""",,,https://x.com/BrickMemorialHS
"=""29""",OCEAN,"=""0530""",Brick Township Public School District,"=""030""",Drum Point Road Elementary School,Dr.,Chris,Ott,Interim Principal,cott@brickschools.org,41 DRUM POINT RD," ",BRICK TOWN,NJ,"=""08723-6021""",41 DRUM POINT RD," ",BRICK TOWN,NJ,"=""08723-6021""",Ms.,Cindy,Dornacker,Anti-Bullying Specialist,,,,,"=""732-785-3000""",,1,1,1,1,1,1,,,,,,,,,,"=""04584""",,,https://x.com/DPESDragons
"=""29""",OCEAN,"=""0530""",Brick Township Public School District,"=""035""",Emma Havens Young Elementary School,Ms.,Michelle,Cloud,School Principal,mcloud@brickschools.org,43 DRUM POINT RD," ",BRICK,NJ,"=""08723-6021""",43 DRUM POINT RD," ",BRICK,NJ,"=""08723-6021""",Ms.,Stephanie,Gray,Anti-Bullying Specialist,,,,,"=""732-785-3000""",,1,1,1,1,1,1,,,,,,,,,,"=""04586""",,,https://x.com/EHYdolphins
"=""29""",OCEAN,"=""0530""",Brick Township Public School District,"=""040""",Herbertsville Early Childhood Development Center,Mr.,Walter,Hrycenko,School Principal,whrycenko@brickschools.org,2282 LANES MILL RD," ",BRICK,NJ,"=""08724-1003""",2282 LANES MILL RD," ",BRICK,NJ,"=""08724-1003""",Ms.,Stephanie,Schade,Anti-Bullying Specialist,,,,,"=""732-785-3000""",1,,,,,,,,,,,,,,,,"=""04588""",,,https://x.com/HerbieStars
"=""29""",OCEAN,"=""0530""",Brick Township Public School District,"=""043""",Lake Riviera Middle School,Mrs.,Brittany,Bucco,School Principal,bbucco@brickschools.org,171 BEAVERSON BOULEVARD," ",BRICK,NJ,"=""08723""",171 BEAVERSON BOULEVARD," ",BRICK,NJ,"=""08723""",Ms.,Megan,Reid,Anti-Bullying Specialist,,,,,"=""732-785-3000""",,,,,,,,1,1,1,,,,,,,"=""04590""",,,https://x.com/LRMSLakers
"=""29""",OCEAN,"=""0530""",Brick Township Public School District,"=""045""",Lanes Mill Elementary School,Ms.,Geraldine,Bayles,School Principal,gbayles@brickschools.org,1891 LANES MILL RD," ",BRICK,NJ,"=""08724-1445""",1891 LANES MILL RD," ",BRICK,NJ,"=""08724-1445""",Ms.,Jennifer,Fabbo,Anti-Bullying Specialist,,,,,"=""732-785-3000""",,1,1,1,1,1,1,,,,,,,,,,"=""04592""",,,https://x.com/LMESColts
"=""29""",OCEAN,"=""0530""",Brick Township Public School District,"=""060""",Midstreams Elementary School,Dr.,John,Billen,School Principal,jbillen@brickschools.org,500 MIDSTREAMS RD," ",BRICK TOWN,NJ,"=""08724-3816""",500 MIDSTREAMS RD," ",BRICK TOWN,NJ,"=""08724-3816""",Ms.,Lauren,Oldock,Anti-Bullying Specialist,,,,,"=""732-785-3000""",,1,1,1,1,1,1,,,,,,,,,,"=""04596""",,,https://x.com/MESJaguars
"=""29""",OCEAN,"=""0530""",Brick Township Public School District,"=""070""",Osbornville Elementary School,Ms.,Jayne,VanNosdall,School Principal,jvannosdall@brickschools.org,218 DRUM POINT RD," ",BRICK,NJ,"=""08723-6312""",218 DRUM POINT RD," ",BRICK,NJ,"=""08723-6312""",Dr.,Brett,Novick,Anti-Bullying Specialist,,,,,"=""732-785-3000""",1,1,1,1,1,1,1,,,,,,,,,,"=""04598""",,,https://x.com/OEBears
"=""29""",OCEAN,"=""0530""",Brick Township Public School District,"=""080""",Veterans Memorial Elementary School,Mr.,Ryan,Blessing,School Principal,rblessing@brickschools.org,103 HENDRICKSON AVENUE," ",BRICK,NJ,"=""08724""",103 HENDRICKSON AVENUE," ",BRICK,NJ,"=""08724""",Ms.,Jennifer,Holland,Anti-Bullying Specialist,,,,,"=""732-785-3000""",,1,1,1,1,1,1,,,,,,,,,,"=""04600""",,,https://x.com/VMESMustangs
"=""29""",OCEAN,"=""0530""",Brick Township Public School District,"=""090""",Veterans Memorial Middle School,Ms.,Dana,Triantafillos,School Principal,dtriantafillos@brickschools.org,105 HENDRICKSON AVENUE," ",BRICK TOWN,NJ,"=""08724""",105 HENDRICKSON AVENUE," ",BRICK TOWN,NJ,"=""08724""",Ms.,Samantha,Babo,Anti-Bullying Specialist,,,,,"=""732-785-3000""",,,,,,,,1,1,1,,,,,,,"=""04602""",,,https://x.com/VMMSMustangs
"=""29""",OCEAN,"=""0530""",Brick Township Public School District,"=""027""",Warren H. Wolf Early Childhood Development Center,Mrs.,Jacqueline,Janik,School Principal,jjanik@brickschools.org,224 CHAMBERS BRIDGE RD," ",BRICK,NJ,"=""08723-9999""",224 CHAMBERS BRIDGE RD," ",BRICK,NJ,"=""08723-9999""",Ms.,Stephanie,Schade,Anti-Bullying Specialist,,,,,"=""732-785-3000""",1,,,,,,,,,,,,,,,,"=""00166""",,,https://x.com/WhwWolfpack
"=""29""",OCEAN,"=""0770""",Central Regional School District,"=""030""",Central Regional High School,Mr.,Angello,Mazzuca,School Principal,amazzuca@centralreg.k12.nj.us,509 FOREST HILLS PARKWAY," ",BAYVILLE,NJ,"=""08721""",509 FOREST HILLS PARKWAY," ",BAYVILLE,NJ,"=""08721""",Mrs.,Jenn,Mullins,Anti-Bullying Specialist,Mr.,Jarrod,Pidgeon,School Homeless Liaison,"=""732-269-1100""",,,,,,,,,,,1,1,1,1,,,"=""04604""",,,
"=""29""",OCEAN,"=""0770""",Central Regional School District,"=""050""",Central Regional Middle School,Mr.,Joseph,Toth,School Principal,jtoth@centralregional.net,509 FOREST HILLS PARKWAY," ",BAYVILLE,NJ,"=""08721""",509 FOREST HILLS PARKWAY," ",BAYVILLE,NJ,"=""08721""",Ms.,Christine,Selby,Anti-Bullying Specialist,,,,,"=""732-269-1100""",,,,,,,,,1,1,,,,,,,"=""05928""",,,
"=""29""",OCEAN,"=""1150""",Eagleswood Township School District,"=""020""",Eagleswood Elementary School,Mrs.,Jennifer,Lowe,School Principal,sbush@etesd.com,511 ROUTE 9," ",WEST CREEK,NJ,"=""08092""",511 ROUTE 9," ",WEST CREEK,NJ,"=""08092""",Ms.,Summer,Gigerian,Anti-Bullying Specialist,,,,,"=""609-597-3663""",1,1,1,1,1,1,1,1,,,,,,,,,"=""04606""",,,
"=""29""",OCEAN,"=""2350""",Island Heights School District,"=""050""",Island Heights Elementary School,Mrs.,Lisa,Royer,School Principal,lroyer@islandheights.k12.nj.us,115 SUMMIT AVE,"PO BOX 329 ",ISLAND HEIGHTS,NJ,"=""08732-0329""",115 SUMMIT AVE,"PO BOX 329 ",ISLAND HEIGHTS,NJ,"=""08732-0329""",Mrs.,Emma,Zermanne,Anti-Bullying Specialist,,,,,"=""732-929-1222""",1,1,1,1,1,1,1,1,,,,,,,,,"=""04608""",,,
"=""29""",OCEAN,"=""2360""",Jackson Township School District,"=""030""",Crawford-Rodriguez Elementary School,Mr.,Ronald,Polakowski,School Principal,rpolakowski@jacksonsd.org,1025 Larsen Road," ",Jackson,NJ,"=""08527-3497""",1025 Larsen Road," ",Jackson,NJ,"=""08527-3497""",Ms.,Erin,Schnorbus,Anti-Bullying Specialist,,,,,"=""732-833-4690""",1,1,1,1,1,1,,,,,,,,,,,"=""00463""",,,
"=""29""",OCEAN,"=""2360""",Jackson Township School District,"=""035""",Elms Elementary School,Mr.,Michael,Burgos,School Principal,MBurgos@jacksonsd.org,780 Patterson Road," ",Jackson,NJ,"=""08527-3497""",780 Patterson Road," ",Jackson,NJ,"=""08527-3497""",Ms.,Dara,Feibelman,Anti-Bullying Specialist,,,,,"=""732-833-4680""",1,1,1,1,1,1,,,,,,,,,,,"=""00725""",,,
"=""29""",OCEAN,"=""2360""",Jackson Township School District,"=""044""",Howard C. Johnson Elementary School,Mrs.,Renee,Pagano-Hein,School Principal,rpaganohein@jacksonsd.org,1021 Larsen Road," ",Jackson,NJ,"=""08527-3497""",1021 Larsen Road," ",Jackson,NJ,"=""08527-3497""",Ms.,Patricia,Ciaccio,Anti-Bullying Specialist,,,,,"=""732-833-4640""",1,1,1,1,1,1,,,,,,,,,,,"=""04618""",,,
"=""29""",OCEAN,"=""2360""",Jackson Township School District,"=""301""",Jackson Township 5-6 School,Mrs.,Debra,Phillips,School Principal,dphillips@jacksonsd.org,835 Patterson Road," ",Jackson,NJ,"=""08527-3497""",835 Patterson Road," ",Jackson,NJ,"=""08527-3497""",Ms.,Lindsay,Costello,Anti-Bullying Specialist,,,,,"=""732-833-4610""",,,,,,,1,1,,,,,,,,,"=""""",,,
"=""29""",OCEAN,"=""2360""",Jackson Township School District,"=""025""",Jackson Township High School,Mr.,Geoffrey,Brignola,School Principal,gpbrignola@jacksonsd.org,125 North Hope Chapel Road," ",Jackson,NJ,"=""08527-3497""",125 North Hope Chapel Road," ",Jackson,NJ,"=""08527-3497""",Mr.,David,Tedeschi,Anti-Bullying Specialist,,,,,"=""732-833-4700""",,,,,,,,,,,1,1,1,1,,,"=""00787""",,,
"=""29""",OCEAN,"=""2360""",Jackson Township School District,"=""300""",Jackson Township Middle School,Mr.,Carl,Perino,School Principal,cjperino@jacksonsd.org,101 Don Connor Blvd," ",Jackson,NJ,"=""08527-3497""",101 Don Connor Blvd," ",Jackson,NJ,"=""08527-3497""",Ms.,Stacey,Fisk,Anti-Bullying Specialist,,,,,"=""732-833-4670""",1,,,,,,,,1,1,,,,,,,"=""""",,,
"=""29""",OCEAN,"=""2360""",Jackson Township School District,"=""046""",Lucy N. Holman Elementary School,Mr.,Shawn,Levinson,School Principal,slevinson@jacksonsd.org,125 Manhattan Street," ",Jackson,NJ,"=""08527-3497""",125 Manhattan Street," ",Jackson,NJ,"=""08527-3497""",Ms.,Maryann,Garbooshian,Anti-Bullying Specialist,,,,,"=""732-833-4620""",1,1,1,1,1,1,,,,,,,,,,,"=""04620""",,,
"=""29""",OCEAN,"=""2360""",Jackson Township School District,"=""050""",Switlik Elementary School,Mr.,Michael,Saulnier,School Principal,msaulnier@jacksonsd.org,75 West Veterans Highway," ",Jackson,NJ,"=""08527-3497""",75 West Veterans Highway," ",Jackson,NJ,"=""08527-3497""",Ms.,Patricia,DeBenedetto,Anti-Bullying Specialist,,,,,"=""732-833-4650""",1,1,1,1,1,1,,,,,,,,,,,"=""04622""",,,
"=""29""",OCEAN,"=""2480""",Lacey Township School District,"=""040""",Cedar Creek Elementary School,Mr.,Brian,Chesley,School Principal,bchesley@laceyschools.org,220 WESTERN BLVD," ",LANOKA HARBOR,NJ,"=""08734-0313""",220 WESTERN BLVD," ",LANOKA HARBOR,NJ,"=""08734-0313""",Mrs.,Tara,Friedman,Anti-Bullying Specialist,,,,,"=""609-971-5850""",,,1,1,1,1,1,,,,,,,,,,"=""06050""",,,
"=""29""",OCEAN,"=""2480""",Lacey Township School District,"=""050""",Forked River Elementary School,Mr.,Eric,Fiedler,School Principal,efiedler@laceyschools.org,110 LACEY ROAD," ",FORKED RIVER,NJ,"=""08731-0477""",110 LACEY ROAD," ",FORKED RIVER,NJ,"=""08731-0477""",Mrs.,Shani,MacPherson,Anti-Bullying Specialist,,,,,"=""609-971-2080""",,,1,1,1,1,1,,,,,,,,,,"=""04628""",,,
"=""29""",OCEAN,"=""2480""",Lacey Township School District,"=""020""",Lacey Township High School,Mr.,Jason,King,School Principal,jking@laceyschools.org,73 HAINES STREET," ",LANOKA HARBOR,NJ,"=""08734""",73 HAINES STREET," ",LANOKA HARBOR,NJ,"=""08734""",Ms.,Carly,Londrigan,Anti-Bullying Specialist,,,,,"=""609-971-2020""",,,,,,,,,,,1,1,1,1,,,"=""05935""",,,
"=""29""",OCEAN,"=""2480""",Lacey Township School District,"=""053""",Lacey Township Middle School,Mr.,Gregory,Brandis,School Principal,gbrandis@laceyschools.org,660 DENTON AVENUE," ",FORKED RIVER,NJ,"=""08731-0535""",660 DENTON AVENUE," ",FORKED RIVER,NJ,"=""08731-0535""",Mrs.,Dana,Polichetti,Anti-Bullying Specialist,,,,,"=""609-242-2100""",,,,,,,,1,1,1,,,,,,,"=""00242""",,,
"=""29""",OCEAN,"=""2480""",Lacey Township School District,"=""060""",Lanoka Harbor Elementary School,Mrs.,Theresa,Kilmurray,School Principal,tkilmurray@laceyschools.org,281 MANCHESTER AVE," ",LANOKA HARBOR,NJ,"=""08734""",281 MANCHESTER AVE," ",LANOKA HARBOR,NJ,"=""08734""",,Cristin,Conigliaro,Anti-Bullying Specialist,,,,,"=""609-971-2090""",,,1,1,1,1,1,,,,,,,,,,"=""04630""",,,
"=""29""",OCEAN,"=""2480""",Lacey Township School District,"=""055""",Mill Pond Elementary School,Mrs.,Joanie,Donohue,School Principal,jdonohue@laceyschools.org,210 WESTERN BLVD," ",LANOKA HARBOR,NJ,"=""08734""",210 WESTERN BLVD," ",LANOKA HARBOR,NJ,"=""08734""",,Jamie,Pravata,Anti-Bullying Specialist,,,,,"=""609-971-2070""",1,1,,,,,,,,,,,,,,,"=""05908""",,,
"=""29""",OCEAN,"=""2500""",Lakehurst School District,"=""050""",Lakehurst Elementary School,Mrs.,Loren,Fuhring,School Administrator,lfuhring@lakehurstschool.org,301 UNION AVE," ",LAKEHURST,NJ,"=""08733-2935""",301 UNION AVE," ",LAKEHURST,NJ,"=""08733-2935""",Ms.,Grace,Taylor,Anti-Bullying Specialist,,,,,"=""732-657-5741""",1,1,1,1,1,1,1,1,1,1,,,,,,,"=""04632""",,,
"=""29""",OCEAN,"=""2520""",Lakewood Township School District,"=""070""",Clifton Ave Grade School,Ms.,Ebony,Rivera,School Principal,erivera@lakewoodpiners.org,625 CLIFTON AVENUE," ",LAKEWOOD,NJ,"=""08701""",625 CLIFTON AVENUE," ",LAKEWOOD,NJ,"=""08701""",Ms.,Tara,Napolitano,Anti-Bullying Specialist,,,,,"=""732-905-3650""",,,,,1,1,1,,,,,,,,,,"=""04638""",,,
"=""29""",OCEAN,"=""2520""",Lakewood Township School District,"=""302""",Lakewood Adult High School,Ms.,Malka,Spitz-Stein,School Principal,mstein@lakewoodpiners.org,855  Somerset Avenue," ",Lakewood,NJ,"=""08701""",855  Somerset Avenue," ",Lakewood,NJ,"=""08701""",Ms.,Malka,Spitz-Stein,Anti-Bullying Specialist,,,,,"=""732-905-3500""",,,,,,,,,,,,,,,,1,"=""""",,,
"=""29""",OCEAN,"=""2520""",Lakewood Township School District,"=""050""",Lakewood High School,Mr.,Richard,Goldstein,School Principal,rgoldstein@lakewoodpiners.org,855 SOMERSET AVENUE," ",LAKEWOOD,NJ,"=""08701""",855 SOMERSET AVENUE," ",LAKEWOOD,NJ,"=""08701""",Ms.,Amber,Patterson,Anti-Bullying Specialist,,,,,"=""732-905-3500""",,,,,,,,,,,1,1,1,1,,,"=""04636""",,,
"=""29""",OCEAN,"=""2520""",Lakewood Township School District,"=""083""",Lakewood Middle School,Ms.,Deborah,Mazzeo,School Principal,dmazzeo@lakewoodpiners.org,755 SOMERSET AVENUE," ",LAKEWOOD,NJ,"=""08701""",755 SOMERSET AVENUE," ",LAKEWOOD,NJ,"=""08701""",Ms.,Jessica,Bliss,Anti-Bullying Specialist,,,,,"=""732-905-3600""",,,,,,,,1,1,1,,,,,,,"=""04642""",,,
"=""29""",OCEAN,"=""2520""",Lakewood Township School District,"=""084""",Oak Street Elem School,Ms.,Marcy,Marshall,School Principal,mmarshall@lakewoodpiners.org,75 OAK STREET," ",LAKEWOOD,NJ,"=""08701""",75 OAK STREET," ",LAKEWOOD,NJ,"=""08701""",Ms.,Jessica,Cerchio,Anti-Bullying Specialist,,,,,"=""732-905-3670""",1,1,1,1,,,,,,,,,,,,,"=""05981""",,,
"=""29""",OCEAN,"=""2520""",Lakewood Township School District,"=""090""",Spruce Street Elementary School,Mrs.,Aleida,Salguero,School Principal,asalguero@lakewoodpiners.org,90 SPRUCE STREET," ",LAKEWOOD,NJ,"=""08701""",90 SPRUCE STREET," ",LAKEWOOD,NJ,"=""08701""",Ms.,Deidre,Krok,Anti-Bullying Specialist,,,,,"=""732-905-3660""",1,1,,,,,,,,,,,,,,,"=""04646""",,,
"=""29""",OCEAN,"=""2550""",Lavallette Borough School District,"=""050""",Lavallette Elementary School,Dr.,Lisa,Gleason,School Administrator,lgleason@lavallettek12.org,105 Brooklyn Ave.," ",Lavallette,NJ,"=""08735-2321""",105 Brooklyn Ave.," ",Lavallette,NJ,"=""08735-2321""",Mrs.,Susan,Misdom,Anti-Bullying Specialist,,,,,"=""732-793-7722""",1,1,1,1,1,1,1,1,1,1,,,,,,,"=""04648""",,,
"=""29""",OCEAN,"=""2690""",Little Egg Harbor Township School District,"=""030""",Frog Pond Elementary School,Mr.,Thomas,Denning,School Principal,Tdenning@lehsd.org,305 FROG POND ROAD," ",LITTLE EGG HARBOR,NJ,"=""08087""",305 FROG POND ROAD," ",LITTLE EGG HARBOR,NJ,"=""08087""",Mr.,John,McGrath,Anti-Bullying Specialist,Mr.,Charles,Idler,School Homeless Liaison,"=""609-296-1719""",,,,,1,1,1,1,,,,,,,,,"=""06051""",,,
"=""29""",OCEAN,"=""2690""",Little Egg Harbor Township School District,"=""050""",George J. Mitchell Elementary School,Mrs.,Christine,Cummings,School Principal,ccummings@lehsd.org,950 ROUTE 539," ",LITTLE EGG HARBOR,NJ,"=""08087-9750""",950 ROUTE 539," ",LITTLE EGG HARBOR,NJ,"=""08087-9750""",Mrs.,Sandy,Close,Anti-Bullying Specialist,Mr.,Charles,Idler,School Homeless Liaison,"=""609-296-7131""",,1,1,1,,,,,,,,,,,,,"=""04650""",,,
"=""29""",OCEAN,"=""2690""",Little Egg Harbor Township School District,"=""300""",Robert C. Wood Sr Early Childhood Center,Dr.,Anne,Flynn,School Principal,Aflynn@lehsd.org,950 Route 539," ",Little Egg Harbor,NJ,"=""08087""",950 Route 539," ",Little Egg Harbor,NJ,"=""08087""",Mrs.,Meghan,Gunsten,Anti-Bullying Specialist,Mr.,Charles,Idler,School Homeless Liaison,"=""609-296-7131""",1,,,,,,,,,,,,,,,,"=""""",,,
"=""29""",OCEAN,"=""2760""",Long Beach Island School District,"=""020""",Long Beach Island Elementary School,Mr.,Frank,Birney,School Principal,fbirney@lbischools.org,200 S. BARNEGAT AVENUE," ",SURF CITY,NJ,"=""08008""",200 S. BARNEGAT AVENUE," ",SURF CITY,NJ,"=""08008""",Mrs.,Julie,Oldham,Anti-Bullying Specialist,,,,,"=""609-494-2341""",1,1,1,1,1,1,1,1,,,,,,,,,"=""04654""",,,
"=""29""",OCEAN,"=""2940""",Manchester Township School District,"=""008""",Manchester Regional Day School,Mrs.,Lisa,Michallis,School Principal,lmichallis@mtschools.org,890 TOMS RIVER ROAD," ",JACKSON,NJ,"=""08527-9105""",890 TOMS RIVER ROAD," ",JACKSON,NJ,"=""08527-9105""",Mrs.,Maureen,Romanowski,Anti-Bullying Specialist,,,,,"=""732-928-1500""",1,1,1,1,1,1,1,1,1,1,1,1,1,1,,,"=""05983""",,,
"=""29""",OCEAN,"=""2940""",Manchester Township School District,"=""043""",Manchester Township Elementary School,Mrs.,Ellen,Healy,School Principal,ehealy@mtschools.org,101 N  COLONIAL DRIVE," ",MANCHESTER,NJ,"=""08733""",101 N  COLONIAL DRIVE," ",MANCHESTER,NJ,"=""08733""",Ms.,Jennifer,Betts,Anti-Bullying Specialist,,,,,"=""732-323-9600""",1,1,1,1,1,1,1,,,,,,,,,,"=""00031""",,,
"=""29""",OCEAN,"=""2940""",Manchester Township School District,"=""040""",Manchester Township High School,Mr.,Jamie,Brown,School Principal,jbrown@mtschools.org,101 HAWKS WAY," ",MANCHESTER,NJ,"=""08759""",101 HAWKS WAY," ",MANCHESTER,NJ,"=""08759""",Mrs.,Dana,Simonelli,Anti-Bullying Specialist,,,,,"=""732-657-2121""",,,,,,,,,,,1,1,1,1,,,"=""04660""",,,
"=""29""",OCEAN,"=""2940""",Manchester Township School District,"=""045""",Manchester Township Middle School,Mr.,Anthony,Giaconia,School Principal,agiaconia@mtschools.org,2759 RIDGEWAY RD," ",MANCHESTER,NJ,"=""08759""",2759 RIDGEWAY RD," ",MANCHESTER,NJ,"=""08759""",Mrs.,Jennifer,Barrett,Anti-Bullying Specialist,,,,,"=""732-657-1717""",,,,,,,,1,1,1,,,,,,,"=""05967""",,,
"=""29""",OCEAN,"=""2940""",Manchester Township School District,"=""050""",Ridgeway Elementary School,Mrs.,Sarah,Thiffault,School Principal,sthiffault@mtschools.org,2861 RIDGEWAY RD," ",MANCHESTER,NJ,"=""08759""",2861 RIDGEWAY RD," ",MANCHESTER,NJ,"=""08759""",Ms.,Lisa,DiBernardo,Anti-Bullying Specialist,,,,,"=""732-323-0800""",1,1,1,1,1,1,1,,,,,,,,,,"=""04662""",,,
"=""29""",OCEAN,"=""2940""",Manchester Township School District,"=""060""",Whiting Elementary School,Mrs.,Evelyn,Swift,School Principal,eswift@mtschools.org,412 MANCHESTER BLVD," ",WHITING,NJ,"=""08759-1336""",412 MANCHESTER BLVD," ",WHITING,NJ,"=""08759-1336""",Mrs.,Virginia,Guise,Anti-Bullying Specialist,,,,,"=""732-350-4994""",1,1,1,1,1,1,1,,,,,,,,,,"=""04664""",,,
"=""29""",OCEAN,"=""3790""",Ocean County Vocational Technical School District,"=""040""",Academy of Law and Safety,Mrs.,Tiffany,Seeley,School Principal,tseeley@ocvts.org,1 College Drive,"Building #7 ",Toms River,NJ,"=""08754""",1 College Drive,"Building #7 ",Toms River,NJ,"=""08754""",Mrs.,Alison,Prendeville,Anti-Bullying Specialist,,,,,"=""732-286-5660""",,,,,,,,,,,1,1,1,1,,,"=""04676""",,,
"=""29""",OCEAN,"=""3790""",Ocean County Vocational Technical School District,"=""045""",Marine Academy of Technology and Environmental Science,Mrs.,Paul,DeFrancesco,School Principal,pdefrancesco@ocvts.org,195 CEDAR BRIDGE ROAD," ",MANAHAWKIN,NJ,"=""08050""",195 CEDAR BRIDGE ROAD," ",MANAHAWKIN,NJ,"=""08050""",Ms.,Kate,Beacham,Anti-Bullying Specialist,,,,,"=""609-978-8439""",,,,,,,,,,,1,1,1,1,,,"=""00559""",,,
"=""29""",OCEAN,"=""3790""",Ocean County Vocational Technical School District,"=""055""",OCVTS Grunin Performing Arts Academy,Mrs.,Tierney,Meeker,School Principal,tmeeker@ocvts.org,1 College Drive,"Bldg. #12 ",Toms River,NJ,"=""08754""",1 College Drive,"Bldg. #12 ",Toms River,NJ,"=""08754""",Ms.,Sandra,Stout,Anti-Bullying Specialist,,,,,"=""732-286-5678""",,,,,,,,,,,1,1,1,1,,,"=""06122""",,,
"=""29""",OCEAN,"=""3790""",Ocean County Vocational Technical School District,"=""010""",Ocean County Vocational Technical School Brick Center,Ms.,Lynn,Sauer,School Principal,lsauer@ocvts.org,350 CHAMBERS BRIDGE ROAD," ",BRICK,NJ,"=""08723-2896""",350 CHAMBERS BRIDGE ROAD," ",BRICK,NJ,"=""08723-2896""",Ms.,MaryBeth,Currie,Anti-Bullying Specialist,,,,,"=""732-286-5670""",,,,,,,,,,,1,1,1,1,,,"=""04670""",,,
"=""29""",OCEAN,"=""3790""",Ocean County Vocational Technical School District,"=""300""",Ocean County Vocational Technical School Culinary Center,Mr.,Jeremy,Dusza,School Principal,jdusza@ocvts.org,261 Country Club Blvd.," ",Little Egg Harbor,NJ,"=""08087""",261 Country Club Blvd.," ",Little Egg Harbor,NJ,"=""08087""",Mrs.,Alison,Prendeville,Anti-Bullying Specialist,,,,,"=""609-296-2137""",,,,,,,,,,,,,,,,,"=""""",,,
"=""29""",OCEAN,"=""3790""",Ocean County Vocational Technical School District,"=""020""",Ocean County Vocational Technical School Jackson Center,Mr.,Tom,McInerney,School Principal,TMcInerney@ocvts.org,850 TOMS RIVER ROAD," ",JACKSON,NJ,"=""08527-9241""",850 TOMS RIVER ROAD," ",JACKSON,NJ,"=""08527-9241""",Mr.,Michael,Carlo,Anti-Bullying Specialist,,,,,"=""732-286-5665""",,,,,,,,,,,1,1,1,1,,,"=""04672""",,,
"=""29""",OCEAN,"=""3790""",Ocean County Vocational Technical School District,"=""030""",Ocean County Vocational Technical School Toms River Center,Ms.,Christina,Santasieri,School Principal,CSantasieri@ocvts.org,1299 OLD FREEHOLD ROAD," ",TOMS RIVER,NJ,"=""08753-4298""",1299 OLD FREEHOLD ROAD," ",TOMS RIVER,NJ,"=""08753-4298""",Mrs.,Amanda,Avila,Anti-Bullying Specialist,,,,,"=""732-473-3100""",,,,,,,,,,,1,1,1,1,,,"=""04674""",,,
"=""29""",OCEAN,"=""3790""",Ocean County Vocational Technical School District,"=""301""",Waretown Center,Mr.,John,Biscardi,School Principal,JBiscardi@ocvts.org,423 Wells Mills Rd," ",Waretown,NJ,"=""08758""",423 Wells Mills Rd," ",Waretown,NJ,"=""08758""",Mrs.,Melanie,Patterson,Anti-Bullying Specialist,,,,,"=""732-286-5660""",,,,,,,,,,,1,1,1,1,,,"=""""",,,
"=""29""",OCEAN,"=""3820""",Ocean Township School District,"=""030""",Frederic A. Priff Elementary School,Ms.,Ariane,Phillips,School Principal,ArianePhillips@otsdk6.org,139 WELLS MILL ROAD," ",WARETOWN,NJ,"=""08758-2606""",139 WELLS MILL ROAD," ",WARETOWN,NJ,"=""08758-2606""",Mrs.,Anita,Crowley,Anti-Bullying Specialist,,,,,"=""609-693-3131""",,,,,1,1,1,1,,,,,,,,,"=""04682""",,,
"=""29""",OCEAN,"=""3820""",Ocean Township School District,"=""050""",Waretown Elementary School,Ms.,Sarah,Reinhold,School Principal,sreinhold@otsdk6.org,64 RAILROAD AVENUE," ",WARETOWN,NJ,"=""08758-2717""",64 RAILROAD AVENUE," ",WARETOWN,NJ,"=""08758-2717""",Mrs.,Lauren,Eberenz,Anti-Bullying Specialist,,,,,"=""609-693-3131""",1,1,1,1,,,,,,,,,,,,,"=""04684""",,,
"=""29""",OCEAN,"=""4105""",Pinelands Regional School District,"=""050""",Pinelands Regional High School,Mr.,Troy,Henderson,School Principal,THenderson@prsdnj.org,565 Nugentown Road," ",Little Egg Harbor,NJ,"=""08087-0248""",565 Nugentown Road,"PO Box 248 ",Little Egg Harbor,NJ,"=""08087-0248""",Mrs.,Joann,Fella,Anti-Bullying Specialist,,,,,"=""609-296-3106""",,,,,,,,,,,1,1,1,1,,,"=""05917""",,,
"=""29""",OCEAN,"=""4105""",Pinelands Regional School District,"=""060""",Pinelands Regional Jr. High School,Mr.,Frank,Pschorr,School Principal,FPschorr@prsdnj.org,590 Nugentown Road," ",Little Egg Harbor,NJ,"=""08087-0248""",590 Nugentown Road," ",Little Egg Harbor,NJ,"=""08087-0248""",Ms.,Kaitlyn,Sisombath,Anti-Bullying Specialist,,,,,"=""609-296-3106""",,,,,,,,,1,1,,,,,,,"=""05917""",,,
"=""29""",OCEAN,"=""4190""",Plumsted Township School District,"=""050""",Dr. Gerald H. Woehr Elementary School,Mr.,Robert,Cilmi,School Principal,cilmir@newegypt.us,44 N MAIN ST," ",NEW EGYPT,NJ,"=""08533-1316""",44 N MAIN ST," ",NEW EGYPT,NJ,"=""08533-1316""",Ms.,Alyse,Kreig,Anti-Bullying Specialist,,,,,"=""609-758-6800""",,,1,1,1,1,1,1,,,,,,,,,"=""04688""",,,
"=""29""",OCEAN,"=""4190""",Plumsted Township School District,"=""010""",New Egypt High School,Mrs.,Ashley,Walulak,School Principal,walulaka@newegypt.us,117 EVERGREEN ROAD,"115 EVERGREEN ROAD ",NEW EGYPT,NJ,"=""08533-1316""",117 EVERGREEN ROAD,"115 EVERGREEN ROAD ",NEW EGYPT,NJ,"=""08533-1316""",Mrs.,Carolyn,Santoro,Anti-Bullying Specialist,,,,,"=""609-758-6800""",,,,,,,,,1,1,1,1,1,1,,,"=""00341""",,,
"=""29""",OCEAN,"=""4190""",Plumsted Township School District,"=""040""",New Egypt Primary School,Mrs.,Jessica,Drucker,Director,druckerj@newegypt.us,131 EVERGREEN ROAD," ",NEW EGYPT,NJ,"=""08533""",131 EVERGREEN ROAD," ",NEW EGYPT,NJ,"=""08533""",Mrs.,Heather,Collins,Anti-Bullying Specialist,,,,,"=""609-758-6800""",1,1,,,,,,,,,,,,,,,"=""00560""",,,
"=""29""",OCEAN,"=""4220""",Point Pleasant Beach School District,"=""060""",G. Harold Antrim Elementary School,Mrs.,Tara,Weber,School Principal,webert@ptbeach.com,401 Niblick Street," ",Point Pleasant Beach,NJ,"=""08742""",401 Niblick Street," ",Point Pleasant Beach,NJ,"=""08742""",Mrs.,Darlene,Kuzloski,Anti-Bullying Specialist,,,,,"=""732-899-3737""",1,1,1,1,1,1,1,1,1,1,,,,,,,"=""04704""",,,
"=""29""",OCEAN,"=""4220""",Point Pleasant Beach School District,"=""050""",Point Pleasant Beach High School,Dr.,Nate,Grosshandler,School Principal,grosshandlern@ptbeach.com,700 Trenton Avenue," ",Point Pleasant Beach,NJ,"=""08742""",700 Trenton Avenue," ",Point Pleasant Beach,NJ,"=""08742""",Mrs.,Elizabeth,McGuire,Anti-Bullying Specialist,,,,,"=""732-899-1817""",,,,,,,,,,,1,1,1,1,,,"=""04702""",,,
"=""29""",OCEAN,"=""4210""",Point Pleasant Borough School District,"=""050""",Memorial Middle School,Mr.,Matthew,Rusnak,School Principal,mrusnak@pointpleasant.k12.nj.us,808 LAURA HERBERT DR," ",POINT PLEASANT,NJ,"=""08742""",808 LAURA HERBERT DR," ",POINT PLEASANT,NJ,"=""08742""",Ms.,Jaylin,Burzon,Anti-Bullying Specialist,,,,,"=""732-701-1900""",1,,,,,,,1,1,1,,,,,,,"=""04694""",,,
"=""29""",OCEAN,"=""4210""",Point Pleasant Borough School District,"=""055""",Nellie F. Bennett Elementary School,Mr.,Derek,Hulse,School Principal,dhulse@pointpleasant.k12.nj.us,2000 RIVIERA PARKWAY," ",POINT PLEASANT,NJ,"=""08742""",2000 RIVIERA PARKWAY," ",POINT PLEASANT,NJ,"=""08742""",Ms.,Cheryl,Schneider,Anti-Bullying Specialist,,,,,"=""732-701-1900""",1,1,1,1,1,1,1,,,,,,,,,,"=""04696""",,,
"=""29""",OCEAN,"=""4210""",Point Pleasant Borough School District,"=""060""",Ocean Road Elementary School,Mrs.,Sheila,Buck,School Principal,sbuck@pointpleasant.k12.nj.us,1210 BENEDICT STREET," ",POINT PLEASANT,NJ,"=""08742""",1210 BENEDICT STREET," ",POINT PLEASANT,NJ,"=""08742""",Ms.,Courtney,Tintle,Anti-Bullying Specialist,,,,,"=""732-701-1900""",1,1,1,1,1,1,1,,,,,,,,,,"=""04698""",,,
"=""29""",OCEAN,"=""4210""",Point Pleasant Borough School District,"=""030""",Point Pleasant Borough High School,Mr.,Kurtis,Karcich,School Principal,kkarcich@pointpleasant.k12.nj.us,830 LAURA HERBERT DR," ",POINT PLEASANT,NJ,"=""08742""",830 LAURA HERBERT DR," ",POINT PLEASANT,NJ,"=""08742""",Ms.,Ashley,Graham-Jean,Anti-Bullying Specialist,,,,,"=""732-701-1900""",,,,,,,,,,,1,1,1,1,,,"=""04692""",,,
"=""29""",OCEAN,"=""4710""",Seaside Heights School District,"=""050""",Hugh J. Boyd Jr. Elementary School,Mr.,Christopher,Raichle,School Principal,craichle@sshschool.org,1200 BAY BOULEVARD," ",SEASIDE HTS,NJ,"=""08751""",1200 BAY BOULEVARD," ",SEASIDE HTS,NJ,"=""08751""",Mr.,Brian,Tirpak,Anti-Bullying Specialist,,,,,"=""732-793-8485""",1,1,1,1,1,1,1,1,,,,,,,,,"=""04706""",,,
"=""29""",OCEAN,"=""4950""",Southern Regional School District,"=""050""",Southern Regional High School,Mr.,Joseph,Medica,School Principal,jmedica@srsd.net,90 CEDAR BRIDGE ROAD," ",MANAHAWKIN,NJ,"=""08050-3022""",90 CEDAR BRIDGE ROAD," ",MANAHAWKIN,NJ,"=""08050-3022""",Mrs.,Susan,Craig,Anti-Bullying Specialist,,,,,"=""609-597-9481""",,,,,,,,,,,1,1,1,1,,,"=""04710""",,,
"=""29""",OCEAN,"=""4950""",Southern Regional School District,"=""060""",Southern Regional Middle School,Dr.,Elisabeth,Brahn,School Principal,ebrahn@srsd.net,75 CEDAR BRIDGE ROAD," ",MANAHAWKIN,NJ,"=""08050-3056""",75 CEDAR BRIDGE ROAD," ",MANAHAWKIN,NJ,"=""08050-3056""",Mr.,Jack,Burke,Anti-Bullying Specialist,,,,,"=""609-597-9481""",,,,,,,,,1,1,,,,,,,"=""05944""",,,
"=""29""",OCEAN,"=""5020""",Stafford Township School District,"=""060""",McKinley Avenue Elementary School,Mrs.,Tiffany,Eberle,School Principal,teberle@staffordschools.org,1000 McKinley Avenue," ",Manahawkin,NJ,"=""08050-2807""",1000 McKinley Avenue," ",Manahawkin,NJ,"=""08050-2807""",Mrs.,Heather,Colucci,Anti-Bullying Specialist,,,,,"=""609-978-5700""",,,,,1,1,,,,,,,,,,,"=""04718""",,,https://x.com/STSD_McKinley
"=""29""",OCEAN,"=""5020""",Stafford Township School District,"=""065""",Ocean Acres Elementary School,Mrs.,Susan,D'Alessandro,School Principal,sdalessandro@staffordschools.org,489 Nautilus Drive," ",Manahawkin,NJ,"=""08050""",489 Nautilus Drive," ",Manahawkin,NJ,"=""08050""",Mr.,Scott,Entrikin,Anti-Bullying Specialist,,,,,"=""609-978-5700""",1,,1,1,,,,,,,,,,,,,"=""00343""",,,https://x.com/OAPrincipal
"=""29""",OCEAN,"=""5020""",Stafford Township School District,"=""050""",Oxycocus Elementary School,Mr.,William,Wilkinson,School Director,wwilkinson@staffordschools.org,250 North Main Street," ",Manahawkin,NJ,"=""08050-3011""",250 North Main Street," ",Manahawkin,NJ,"=""08050-3011""",Mrs.,Kristen,Abbatemarco,Anti-Bullying Specialist,,,,,"=""609-978-5700""",1,,,,,,,,,,,,,,,,"=""04716""",,https://www.instagram.com/oxycocus_elementary,https://x.com/Director_Oxy
"=""29""",OCEAN,"=""5020""",Stafford Township School District,"=""075""",Ronald L. Meinders Primary Learning Center,Ms.,Dawn,Reo,School Principal,dreo@staffordschools.org,1000 McKinley Avenue," ",Manahawkin,NJ,"=""08050""",1000 McKinley Avenue," ",Manahawkin,NJ,"=""08050""",Mrs.,Kelsey,Schmidt,Anti-Bullying Specialist,,,,,"=""609-978-5700""",1,1,,,,,,,,,,,,,,,"=""00796""",,https://www.instagram.com/mrmeyerstsdplcvp,https://x.com/stplc_principal
"=""29""",OCEAN,"=""5020""",Stafford Township School District,"=""070""",Stafford Intermediate School,Mrs.,Kristin,Ducker,School Principal,kducker@staffordschools.org,1000 McKinley Avenue," ",Manahawkin,NJ,"=""08050""",1000 McKinley Avenue," ",Manahawkin,NJ,"=""08050""",Mrs.,Kelsey,Molzon,Anti-Bullying Specialist,,,,,"=""609-978-5700""",,,,,,,1,1,,,,,,,,,"=""06073""",,,https://x.com/Stafford_INT
"=""29""",OCEAN,"=""5190""",Toms River Regional School District,"=""064""",Beachwood Elementary School,Mrs.,Kimberly,Sierotowicz,School Principal,ksierotowicz@trschools.com,901 BERKELEY AVENUE," ",BEACHWOOD,NJ,"=""08722""",901 BERKELEY AVENUE," ",BEACHWOOD,NJ,"=""08722""",Ms.,Christine,Sorrentino,Anti-Bullying Specialist,,,,,"=""732-505-5820""",,1,1,1,1,1,1,,,,,,,,,,"=""06037""",,,
"=""29""",OCEAN,"=""5190""",Toms River Regional School District,"=""065""",Cedar Grove Elementary School,Ms.,Christina,Manna,School Principal,cmanna@trschools.com,179 CEDAR GROVE ROAD," ",TOMS RIVER,NJ,"=""08753-4399""",179 CEDAR GROVE ROAD," ",TOMS RIVER,NJ,"=""08753-4399""",Ms.,Jacqueline,Bisogne,Anti-Bullying Specialist,,,,,"=""732-505-5830""",1,1,1,1,1,1,1,,,,,,,,,,"=""04730""",,,
"=""29""",OCEAN,"=""5190""",Toms River Regional School District,"=""070""",East Dover Elementary School,Mr.,Matthew,Gray,School Principal,mgray@trschools.com,725 VAUGHN AVENUE," ",TOMS RIVER,NJ,"=""08753""",725 VAUGHN AVENUE," ",TOMS RIVER,NJ,"=""08753""",Ms.,Bethany,Steele,Anti-Bullying Specialist,,,,,"=""732-505-5840""",,1,1,1,1,1,1,,,,,,,,,,"=""04732""",,,
"=""29""",OCEAN,"=""5190""",Toms River Regional School District,"=""075""",Hooper Avenue Elementary School,Mr.,Jason,Hughes,School Principal,jhughes@trschools.com,1517  HOOPER AVENUE," ",TOMS RIVER,NJ,"=""08753""",1517  HOOPER AVENUE," ",TOMS RIVER,NJ,"=""08753""",Ms.,Sarah,Walsh,Anti-Bullying Specialist,,,,,"=""732-505-5850""",,1,1,1,1,1,1,,,,,,,,,,"=""04734""",,,
"=""29""",OCEAN,"=""5190""",Toms River Regional School District,"=""067""",Joseph A. Citta Elementary School,Mr.,Michael,Pallen,School Principal,mpallen@trschools.com,2050 LAKEWOOD ROAD," ",TOMS RIVER,NJ,"=""08755""",2050 LAKEWOOD ROAD," ",TOMS RIVER,NJ,"=""08755""",Mr.,Lydia,Erakare,Anti-Bullying Specialist,,,,,"=""732-818-8550""",1,1,1,1,1,1,1,,,,,,,,,,"=""00345""",,,
"=""29""",OCEAN,"=""5190""",Toms River Regional School District,"=""080""",North Dover Elementary School,Ms.,Colleen,McGrath,School Principal,cmcgrath@trschools.com,1759 NEW HAMPSHIRE AVENUE," ",TOMS RIVER,NJ,"=""08753""",1759 NEW HAMPSHIRE AVENUE," ",TOMS RIVER,NJ,"=""08753""",Ms.,Alexandra,Crockett,Anti-Bullying Specialist,,,,,"=""732-505-5860""",1,1,1,1,1,1,1,,,,,,,,,,"=""04736""",,,
"=""29""",OCEAN,"=""5190""",Toms River Regional School District,"=""090""",Pine Beach Elementary School,Ms.,Tricia,Tutzauer,School Principal,tmoran@trschools.com,101 PENNSYLVANIA AVENUE," ",PINE BEACH,NJ,"=""08741""",101 PENNSYLVANIA AVENUE," ",PINE BEACH,NJ,"=""08741""",Ms.,Megan,Royle,Anti-Bullying Specialist,,,,,"=""732-505-5870""",1,1,1,1,1,1,1,,,,,,,,,,"=""04738""",,,
"=""29""",OCEAN,"=""5190""",Toms River Regional School District,"=""095""",Silver Bay Elementary School,Ms.,Courtney,Norcross,School Principal,cnorcross@trschools.com,100 SILVER BAY ROAD," ",TOMS RIVER,NJ,"=""08753""",100 SILVER BAY ROAD," ",TOMS RIVER,NJ,"=""08753""",Mr.,Michael,Caponetto,Anti-Bullying Specialist,,,,,"=""732-505-5880""",1,1,1,1,1,1,1,,,,,,,,,,"=""04740""",,,
"=""29""",OCEAN,"=""5190""",Toms River Regional School District,"=""100""",South Toms River Elementary School,Mr.,Dennis,Holzapfel,School Principal,dholzapfel@trschools.com,419 DOVER ROAD," ",SOUTH TOMS RIVER,NJ,"=""08757""",419 DOVER ROAD," ",SOUTH TOMS RIVER,NJ,"=""08757""",Mr.,Kristen,O'Leary,Anti-Bullying Specialist,,,,,"=""732-505-5890""",,1,1,1,1,1,1,,,,,,,,,,"=""04742""",,,
"=""29""",OCEAN,"=""5190""",Toms River Regional School District,"=""030""",Toms River High School East,Ms.,Erin,Anders,School Principal,eanders@trschools.com,1225 RAIDER WAY," ",TOMS RIVER,NJ,"=""08753""",1225 RAIDER WAY," ",TOMS RIVER,NJ,"=""08753""",Ms.,Carol Ann,Lulias,Anti-Bullying Specialist,,,,,"=""732-505-5665""",,,,,,,,,,,1,1,1,1,,,"=""05919""",,,
"=""29""",OCEAN,"=""5190""",Toms River Regional School District,"=""040""",Toms River High School North,Mr.,Christopher,Blessing,School Principal,cblessing@trschools.com,1245 OLD FREEHOLD ROAD," ",TOMS RIVER,NJ,"=""08753-1304""",1245 OLD FREEHOLD ROAD," ",TOMS RIVER,NJ,"=""08753-1304""",Ms.,Heather,Handzo,Anti-Bullying Specialist,,,,,"=""732-505-5702""",,,,,,,,,,,1,1,1,1,,,"=""04722""",,,
"=""29""",OCEAN,"=""5190""",Toms River Regional School District,"=""050""",Toms River High School South,,Kevin,Raylman,School Principal,kraylman@trschools.com,55 HYERS STREET," ",TOMS RIVER,NJ,"=""08753""",55 HYERS STREET," ",TOMS RIVER,NJ,"=""08753""",Ms.,Kathryn,Rankin,Anti-Bullying Specialist,,,,,"=""732-505-5738""",,,,,,,,,,,1,1,1,1,,,"=""04724""",,,
"=""29""",OCEAN,"=""5190""",Toms River Regional School District,"=""060""",Toms River Intermediate School East,Mr.,James,Cleveland,School Principal,jcleveland@trschools.com,1519 HOOPER AVENUE," ",TOMS RIVER,NJ,"=""08753""",1519 HOOPER AVENUE," ",TOMS RIVER,NJ,"=""08753""",Mr.,Brian,Huttemann,Anti-Bullying Specialist,,,,,"=""732-505-5777""",,,,,,,,1,1,1,,,,,,,"=""04726""",,,
"=""29""",OCEAN,"=""5190""",Toms River Regional School District,"=""063""",Toms River Intermediate School North,Ms.,Lynn,Fronzak,School Principal,lfronzak@trschools.com,150 INTERMEDIATE NORTH WAY," ",TOMS RIVER,NJ,"=""08753""",150 INTERMEDIATE NORTH WAY," ",TOMS RIVER,NJ,"=""08753""",Ms.,Jackie,Jennings,Anti-Bullying Specialist,,,,,"=""732-505-5800""",,,,,,,,1,1,1,,,,,,,"=""04728""",,,
"=""29""",OCEAN,"=""5190""",Toms River Regional School District,"=""061""",Toms River Intermediate School South,Mr.,Paul,Gluck,School Principal,pgluck@trschools.com,1675 PINEWALD ROAD," ",BEACHWOOD,NJ,"=""08722""",1675 PINEWALD ROAD," ",BEACHWOOD,NJ,"=""08722""",Ms.,Betty,Velez-Gimbel,Anti-Bullying Specialist,,,,,"=""732-505-3900""",,,,,,,,1,1,1,,,,,,,"=""00555""",,,
"=""29""",OCEAN,"=""5190""",Toms River Regional School District,"=""107""",Walnut Street Elementary School,Mr.,Richard,DeMarco,School Principal,rdemarco2@trschools.com,60 WALNUT STREET," ",TOMS RIVER,NJ,"=""08753""",60 WALNUT STREET," ",TOMS RIVER,NJ,"=""08753""",Mr.,Sarah,Burczeski,Anti-Bullying Specialist,,,,,"=""732-505-5900""",,1,1,1,1,1,1,,,,,,,,,,"=""04744""",,,
"=""29""",OCEAN,"=""5190""",Toms River Regional School District,"=""110""",Washington Street Elementary School,Mr.,Anna,Kasper,School Principal,akasper@trschools.com,500 WEST EARL COURT," ",TOMS RIVER,NJ,"=""08753""",500 WEST EARL COURT," ",TOMS RIVER,NJ,"=""08753""",Ms.,Molly,Fitzpatrick,Anti-Bullying Specialist,,,,,"=""732-505-5910""",,1,1,1,1,1,1,,,,,,,,,,"=""04746""",,,
"=""29""",OCEAN,"=""5190""",Toms River Regional School District,"=""120""",West Dover Elementary School,Mrs.,Shannon,Brown,School Principal,slbrown@trschools.com,50 BLUE JAY DRIVE," ",TOMS RIVER,NJ,"=""08753""",50 BLUE JAY DRIVE," ",TOMS RIVER,NJ,"=""08753""",Ms.,Kaitlyn,Borghesi,Anti-Bullying Specialist,,,,,"=""732-505-5920""",,1,1,1,1,1,1,,,,,,,,,,"=""04748""",,,
"=""29""",OCEAN,"=""5220""",Tuckerton Borough School District,"=""050""",Tuckerton Elementary School,Mrs.,Siobhan,Grayson,School Principal,sgrayson@tesnj.com,MARINE STREET,"PO BOX 217 ",TUCKERTON,NJ,"=""08087""",MARINE STREET,"PO BOX 217 ",TUCKERTON,NJ,"=""08087""",Mrs.,Christina,Smith,Anti-Bullying Specialist,,,,,"=""609-296-2858""",1,1,1,1,1,1,1,1,,,,,,,,,"=""04750""",,,
"=""31""",PASSAIC,"=""0420""",Bloomingdale School District,"=""020""",Martha B. Day Elementary School,Ms.,Allison,Ariemma,School Principal,aariemma@bpsnj.org,225 RAFKIND ROAD," ",BLOOMINGDALE,NJ,"=""07403""",225 RAFKIND ROAD," ",BLOOMINGDALE,NJ,"=""07403""",Ms.,Karleen,Faliveno,Anti-Bullying Specialist,,,,,"=""973-838-1311""",1,1,1,,,,,,,,,,,,,,"=""04754""",,,
"=""31""",PASSAIC,"=""0420""",Bloomingdale School District,"=""030""",Samuel R. Donald Elementary School,Mrs.,Kerridyn,Trusheim,School Principal,ktrusheim@bpsnj.org,29 CAPTOLENE AVENUE," ",BLOOMINGDALE,NJ,"=""07403""",29 CAPTOLENE AVENUE," ",BLOOMINGDALE,NJ,"=""07403""",Ms.,Brooke,Brindley,Anti-Bullying Specialist,,,,,"=""973-838-5353""",1,,,1,1,1,,,,,,,,,,,"=""04756""",,,
"=""31""",PASSAIC,"=""0420""",Bloomingdale School District,"=""050""",Walter T. Bergen Middle School,Mr.,Michael,Buesser,School Principal,mbuesser@bpsnj.org,225 GLENWILD AVENUE," ",BLOOMINGDALE,NJ,"=""07403""",225 GLENWILD AVENUE," ",BLOOMINGDALE,NJ,"=""07403""",Ms.,Rachel,Millward,Anti-Bullying Specialist,,,,,"=""973-838-4835""",,,,,,,1,1,1,1,,,,,,,"=""04758""",,,
"=""31""",PASSAIC,"=""0900""",Clifton Public School District,"=""035""",Christopher Columbus Middle School,Ms.,Vanessa,Gaba,School Principal,vgaba@cliftonschools.net,350 PIAGET AVENUE," ",CLIFTON,NJ,"=""07011""",350 PIAGET AVENUE," ",CLIFTON,NJ,"=""07011""",Ms.,Uma,Vakil,Anti-Bullying Specialist,,,,,"=""973-470-2360""",,,,,,,,1,1,1,,,,,,,"=""04764""",,,
"=""31""",PASSAIC,"=""0900""",Clifton Public School District,"=""302""",Clifton Early Learner Academies - Allwood,Ms.,Marissa,Papamarkos,School Principal,mpapamarkos@cliftonschools.net,39 Allwood Road," ",Clifton,NJ,"=""07012""",39 Allwood Road," ",Clifton,NJ,"=""07012""",Mr.,Marissa,Papamarkos,Anti-Bullying Specialist,,,,,"=""973-778-0301""",1,,,,,,,,,,,,,,,,"=""06147""",,,
"=""31""",PASSAIC,"=""0900""",Clifton Public School District,"=""301""",Clifton Early Learner Academies - Brighton,Ms.,Marissa,Papamarkos,School Principal,mpapamarkos@cliftonschools.net,290 Brighton Road," ",Clifton,NJ,"=""07012""",290 Brighton Road," ",Clifton,NJ,"=""07701""",Ms.,Marissa,Papamarkos,Anti-Bullying Specialist,,,,,"=""973-470-2060""",1,,,,,,,,,,,,,,,,"=""""",,,
"=""31""",PASSAIC,"=""0900""",Clifton Public School District,"=""303""",Clifton Early Learning Academy Speer,Ms.,Linette,Park,School Principal,lpark@cliftonschools.net,37 Speer Avenue," ",Clifton,NJ,"=""07013""",37 Speer Avenue," ",Clifton,NJ,"=""07013""",Ms.,Linette,Park,Anti-Bullying Specialist,,,,,"=""973-561-4048""",1,,,,,,,,,,,,,,,,"=""""",,,
"=""31""",PASSAIC,"=""0900""",Clifton Public School District,"=""030""",Clifton High School,Mr.,Ahmad,Hamdeh,School Principal,ahamdeh@cliftonschools.net,333 COLFAX AVENUE," ",CLIFTON,NJ,"=""07013""",333 COLFAX AVENUE," ",CLIFTON,NJ,"=""07013""",Mr.,Victoria,Rogers,Anti-Bullying Specialist,,,,,"=""973-470-2312""",,,,,,,,,,,1,1,1,1,,,"=""04762""",,,
"=""31""",PASSAIC,"=""0900""",Clifton Public School District,"=""304""",Maple Valley Middle School,Mr.,Robert,Bertolini,School Principal,rbertolini@cliftonschools.net,776Valley Road," ",Clifton,NJ,"=""07013""",776Valley Road," ",Clifton,NJ,"=""07013""",Mr.,Robert,Bertolini,Anti-Bullying Specialist,,,,,"=""973-561-4904""",,,,,,,,1,,,,,,,,,"=""""",,,
"=""31""",PASSAIC,"=""0900""",Clifton Public School District,"=""080""",School #1,Ms.,Joanna,Juarbe,School Principal,jjuarbe@cliftonschools.net,158 PARK SLOPE," ",CLIFTON,NJ,"=""07011""",158 PARK SLOPE," ",CLIFTON,NJ,"=""07011""",Ms.,Joanna,Juarbe,Anti-Bullying Specialist,,,,,"=""973-470-2370""",1,1,1,1,1,1,1,,,,,,,,,,"=""04768""",,,
"=""31""",PASSAIC,"=""0900""",Clifton Public School District,"=""160""",School #11,Ms.,Timothy,Wacha,School Principal,twacha@cliftonschools.net,147 MERSELIS AVENUE," ",CLIFTON,NJ,"=""07011""",147 MERSELIS AVENUE," ",CLIFTON,NJ,"=""07011""",Ms.,Timothy,Wacha,Anti-Bullying Specialist,,,,,"=""973-470-2401""",1,1,1,1,1,1,1,,,,,,,,,,"=""04782""",,,
"=""31""",PASSAIC,"=""0900""",Clifton Public School District,"=""170""",School #12,Ms.,Rosmunda,Kenning,School Principal,rkenning@cliftonschools.net,165 CLIFTON AVENUE," ",CLIFTON,NJ,"=""07011""",165 CLIFTON AVENUE," ",CLIFTON,NJ,"=""07011""",Ms.,Rosmunda,Kenning,Anti-Bullying Specialist,,,,,"=""973-470-2404""",1,1,1,1,1,1,1,,,,,,,,,,"=""04784""",,,
"=""31""",PASSAIC,"=""0900""",Clifton Public School District,"=""180""",School #13,Ms.,Karenna,Vega,School Principal,kvega@cliftonschools.net,782 VAN HOUTEN AVENUE," ",CLIFTON,NJ,"=""07013""",782 VAN HOUTEN AVENUE," ",CLIFTON,NJ,"=""07013""",Ms.,Karenna,Vega,Anti-Bullying Specialist,,,,,"=""973-470-2410""",,1,1,1,1,1,1,,,,,,,,,,"=""04786""",,,
"=""31""",PASSAIC,"=""0900""",Clifton Public School District,"=""190""",School #14,Mr.,Taras,Petryshyn,Acting Principal,tpetryshyn@cliftonschools.net,99 ST  ANDREWS BOULEVARD," ",CLIFTON,NJ,"=""07012""",99 ST  ANDREWS BOULEVARD," ",CLIFTON,NJ,"=""07012""",Mr.,Taras,Petryshyn,Anti-Bullying Specialist,,,,,"=""973-470-2411""",1,1,1,1,1,1,1,,,,,,,,,,"=""04788""",,,
"=""31""",PASSAIC,"=""0900""",Clifton Public School District,"=""200""",School #15,Dr.,Luginda,Batten-Walker,School Principal,lbatten-walker@cliftonschools.net,700 GREGORY AVENUE," ",CLIFTON,NJ,"=""07011""",700 GREGORY AVENUE," ",CLIFTON,NJ,"=""07011""",Dr.,Luginda,Batten-Walker,Anti-Bullying Specialist,,,,,"=""973-470-2418""",1,1,1,1,1,1,1,,,,,,,,,,"=""04790""",,,
"=""31""",PASSAIC,"=""0900""",Clifton Public School District,"=""210""",School #16,Ms.,Megan,Fitzpatrick,Interim Principal,mfitzpatrick@cliftonschools.net,755 GROVE STREET," ",CLIFTON,NJ,"=""07013""",755 GROVE STREET," ",CLIFTON,NJ,"=""07013""",Ms.,Megan,Fitzpatrick,Anti-Bullying Specialist,,,,,"=""973-470-2420""",,1,1,1,1,1,1,,,,,,,,,,"=""04792""",,,
"=""31""",PASSAIC,"=""0900""",Clifton Public School District,"=""230""",School #17,Ms.,Laura,Zagorski,School Principal,lzagorski@cliftonschools.net,361 LEXINGTON AVENUE," ",CLIFTON,NJ,"=""07011""",361 LEXINGTON AVENUE," ",CLIFTON,NJ,"=""07011""",Ms.,Laura,Zagorski,Anti-Bullying Specialist,,,,,"=""973-458-6017""",1,1,1,1,1,1,1,,,,,,,,,,"=""06132""",,,
"=""31""",PASSAIC,"=""0900""",Clifton Public School District,"=""090""",School #2,Ms.,Magdelena,Wojtylo,School Principal,mwojtylo@cliftonschools.net,1270 VAN HOUTEN AVENUE," ",CLIFTON,NJ,"=""07013""",1270 VAN HOUTEN AVENUE," ",CLIFTON,NJ,"=""07013""",Ms.,Magdelena,Wojtylo,Anti-Bullying Specialist,,,,,"=""973-470-2380""",,1,1,1,1,1,1,,,,,,,,,,"=""04770""",,,
"=""31""",PASSAIC,"=""0900""",Clifton Public School District,"=""100""",School #3,Mr.,Jason,Habedank,School Principal,jhabedank@cliftonschools.net,365 WASHINGTON AVENUE," ",CLIFTON,NJ,"=""07011""",365 WASHINGTON AVENUE," ",CLIFTON,NJ,"=""07011""",Mr.,Jason,Habedank,Anti-Bullying Specialist,,,,,"=""973-470-2390""",1,1,1,1,1,1,1,,,,,,,,,,"=""04772""",,,
"=""31""",PASSAIC,"=""0900""",Clifton Public School District,"=""110""",School #4,Dr.,Ronnie,Estrict,School Principal,restrict@cliftonschoolsnet,194 WEST SECOND STREET," ",CLIFTON,NJ,"=""07011""",194 WEST SECOND STREET," ",CLIFTON,NJ,"=""07011""",Dr.,Ronnie,Estrict,Anti-Bullying Specialist,,,,,"=""973-470-2382""",1,1,1,1,1,1,1,,,,,,,,,,"=""04774""",,,
"=""31""",PASSAIC,"=""0900""",Clifton Public School District,"=""120""",School #5,Mr.,Steven,Anderson,School Principal,sanderson@cliftonschools.net,136 VALLEY ROAD," ",CLIFTON,NJ,"=""07013""",136 VALLEY ROAD," ",CLIFTON,NJ,"=""07013""",Mr.,Steven,Anderson,Anti-Bullying Specialist,,,,,"=""973-470-2386""",,1,1,1,1,1,1,,,,,,,,,,"=""04776""",,,
"=""31""",PASSAIC,"=""0900""",Clifton Public School District,"=""140""",School #8,Ms.,Wendy,Munoz,School Principal,wmunoz@cliftonschools.net,41 OAK STREET," ",CLIFTON,NJ,"=""07014""",41 OAK STREET," ",CLIFTON,NJ,"=""07014""",Ms.,Wendy,Munoz,Anti-Bullying Specialist,,,,,"=""973-470-2392""",1,1,1,1,1,1,1,,,,,,,,,,"=""04778""",,,
"=""31""",PASSAIC,"=""0900""",Clifton Public School District,"=""150""",School #9,Ms.,Joelle,Rosetti,School Principal,jrosetti@cliftonschools.net,25 BRIGHTON ROAD," ",CLIFTON,NJ,"=""07012""",25 BRIGHTON ROAD," ",CLIFTON,NJ,"=""07012""",Ms.,Joelle,Rosetti,Anti-Bullying Specialist,,,,,"=""973-470-2396""",1,1,1,1,1,1,1,,,,,,,,,,"=""04780""",,,
"=""31""",PASSAIC,"=""0900""",Clifton Public School District,"=""070""",Woodrow Wilson Middle School,Mr.,Andrew,Jaeger,School Principal,ajaeger@cliftonschools.net,1400 VAN HOUTEN AVENUE," ",CLIFTON,NJ,"=""07013""",1400 VAN HOUTEN AVENUE," ",CLIFTON,NJ,"=""07013""",Mr.,Andrew,Jaeger,Anti-Bullying Specialist,,,,,"=""973-470-2348""",,,,,,,,1,1,1,,,,,,,"=""04766""",,,
"=""31""",PASSAIC,"=""1920""",Haledon Public School District,"=""015""",Haledon Public School,,TBD,TBD,School Principal,romendez@haledon.org,91 HENRY STREET," ",HALEDON,NJ,"=""07508-1236""",91 HENRY STREET," ",HALEDON,NJ,"=""07508-1236""",Ms.,Christine,Villaruz,Anti-Bullying Specialist,,,,,"=""973-790-9000""",1,1,1,1,1,1,1,1,1,1,,,,,,,"=""05904""",,,
"=""31""",PASSAIC,"=""2100""",Hawthorne Public School District,"=""050""",Hawthorne High School,Mr.,Kevin,Pfister,School Principal,kpfister@hawthorne.k12.nj.us,160 PARMELEE AVENUE," ",HAWTHORNE,NJ,"=""07506""",160 PARMELEE AVENUE," ",HAWTHORNE,NJ,"=""07506""",Mr.,Jackson,Cianciulli,Anti-Bullying Specialist,,,,,"=""973-423-6415""",,,,,,,,,,,1,1,1,1,,,"=""04806""",,,
"=""31""",PASSAIC,"=""2100""",Hawthorne Public School District,"=""070""",Lincoln Middle School,Mrs.,Erin,Devor,School Principal,edevor@hawthorne.k12.nj.us,230 HAWTHORNE AVENUE," ",HAWTHORNE,NJ,"=""07506""",230 HAWTHORNE AVENUE," ",HAWTHORNE,NJ,"=""07506""",Mrs.,Erin,Harney,Anti-Bullying Specialist,,,,,"=""973-423-6460""",,,,,,,,1,1,1,,,,,,,"=""04810""",,,
"=""31""",PASSAIC,"=""2100""",Hawthorne Public School District,"=""080""",Roosevelt Elementary School,Mr.,Joseph,Pisacane,School Principal,jpisacane@hawthorne.k12.nj.us,50 ROOSEVELT AVENUE," ",HAWTHORNE,NJ,"=""07506""",50 ROOSEVELT AVENUE," ",HAWTHORNE,NJ,"=""07506""",Ms.,Tamara,Kipkeeva,Anti-Bullying Specialist,,,,,"=""973-423-6485""",,1,1,1,1,1,1,,,,,,,,,,"=""04812""",,,
"=""31""",PASSAIC,"=""2100""",Hawthorne Public School District,"=""090""",Thomas Jefferson Elementary School,Dr.,Stephen,Droske,School Principal,sdroske@hawthorne.k12.nj.us,233 GOFFLE HILL ROAD," ",HAWTHORNE,NJ,"=""07507""",233 GOFFLE HILL ROAD," ",HAWTHORNE,NJ,"=""07507""",Ms.,Olivia,Wagner,Anti-Bullying Specialist,,,,,"=""973-423-6480""",1,1,1,1,1,1,1,,,,,,,,,,"=""04814""",,,
"=""31""",PASSAIC,"=""2100""",Hawthorne Public School District,"=""100""",Washington Elementary School,Mrs.,Jackie,Passero,School Principal,jpassero@hawthorne.k12.nj.us,176 MOHAWK AVENUE," ",HAWTHORNE,NJ,"=""07506""",176 MOHAWK AVENUE," ",HAWTHORNE,NJ,"=""07506""",Ms.,Olivia,Wagner,Anti-Bullying Specialist,,,,,"=""973-423-6495""",,1,1,1,1,1,1,,,,,,,,,,"=""04816""",,,
"=""31""",PASSAIC,"=""2510""",Lakeland Regional High School District,"=""050""",Lakeland Regional High School,Ms.,Jaime,Cangialosi-Murphy,Chief School Administrator,jmurphy@lakeland.k12.nj.us,205 CONKLINTOWN ROAD," ",WANAQUE,NJ,"=""07465-2198""",205 CONKLINTOWN ROAD," ",WANAQUE,NJ,"=""07465-2198""",Mr.,Damiano,Conforti,Anti-Bullying Specialist,,,,,"=""973-835-1900""",,,,,,,,,,,1,1,1,1,,,"=""04818""",,https://www.instagram.com/lakeland_reg,
"=""31""",PASSAIC,"=""2700""",Little Falls Township Public School District,"=""050""",Little Falls Township Public School # 1,Ms.,Dana,Sprague,School Principal,dsprague@lfschools.org,Little Falls School # 1,"32 Stevens Avenue ",LITTLE FALLS,NJ,"=""07424-1082""",Little Falls School # 1,"32 Stevens Avenue ",LITTLE FALLS,NJ,"=""07424-1082""",Mrs.,Jessica,Prawetz,Anti-Bullying Specialist,,,,,"=""973-256-1033""",,,,,,,1,1,1,1,,,,,,,"=""04822""",,,
"=""31""",PASSAIC,"=""2700""",Little Falls Township Public School District,"=""060""",Little Falls Township Public School # 2,Mrs.,Jill,Castaldo,School Principal,jcastaldo@lfschools.org,Little Falls School # 2,"78 Long Hill Road ",LITTLE FALLS,NJ,"=""07424-1082""",Little Falls School # 2,"78 Long Hill Road ",LITTLE FALLS,NJ,"=""07424-1082""",Mrs.,Martha,Kochanowski,Anti-Bullying Specialist,,,,,"=""973-256-1386""",1,1,1,1,,,,,,,,,,,,,"=""04824""",,,
"=""31""",PASSAIC,"=""2700""",Little Falls Township Public School District,"=""070""",Little Falls Township Public School # 3,Mrs.,Nicole,Boyce,School Principal,nboyce@lfschools.org,Little Falls School # 3,"560 MainStreet ",LITTLE FALLS,NJ,"=""07424-1082""",Little Falls School # 3,"560 Main Street ",LITTLE FALLS,NJ,"=""07424-1082""",Mr.,Emily,Conti,Anti-Bullying Specialist,,,,,"=""973-256-1034""",,,,,1,1,,,,,,,,,,,"=""00525""",,,
"=""31""",PASSAIC,"=""3640""",North Haledon School District,"=""050""",High Mountain School,Mr.,Nicholas,Angrisani,School Principal,nangrisani@nhschools.net,515 HIGH MOUNTAIN ROAD," ",NORTH HALEDON,NJ,"=""07508-2603""",515 HIGH MOUNTAIN ROAD," ",NORTH HALEDON,NJ,"=""07508-2603""",Mrs.,Jane,Tuero,Anti-Bullying Specialist,,,,,"=""973-427-1220""",,,,,,,1,1,1,1,,,,,,,"=""04830""",,,
"=""31""",PASSAIC,"=""3640""",North Haledon School District,"=""060""",Memorial Elementary School,Mrs.,Melissa,Tait,School Principal,mtait@nhschools.net,201 Squaw Brook Rd.," ",NORTH HALEDON,NJ,"=""07508-2720""",201 Squaw Brook Rd.," ",NORTH HALEDON,NJ,"=""07508-2720""",Mrs.,Brielle,Soluri,Anti-Bullying Specialist,,,,,"=""973-427-8993""",1,1,1,1,1,1,,,,,,,,,,,"=""04832""",,,
"=""31""",PASSAIC,"=""3970""",Passaic City School District,"=""304""",Abraham Lincoln School Number 24,Mrs.,Janet,Drago,School Principal,jdrago@passaicschools.org,36 Parker Ave," ",Passaic,NJ,"=""07055""",36 Parker Ave," ",Passaic,NJ,"=""07055""",Ms.,Maria,Setti,Anti-Bullying Specialist,,,,,"=""973-470-5500""",1,,,,,,,,,,,,,,,,"=""03541""",,,
"=""31""",PASSAIC,"=""3970""",Passaic City School District,"=""200""",Daniel F. Ryan Elementary School No. 19,Mr.,Fawzi,Naji,School Principal,fnaji@passaicschools.org,320 Highland Ave.," ",Passaic,NJ,"=""07055""",320 Highland Ave.," ",Passaic,NJ,"=""07055""",Mr.,Derrick,Alloway,Anti-Bullying Specialist,,,,,"=""973-779-4219""",,,1,1,1,1,1,1,1,1,,,,,,,"=""03035""",,,
"=""31""",PASSAIC,"=""3970""",Passaic City School District,"=""305""",Ellen Ochoa School Number 22,Dr.,Tiffany,Crockett,School Principal,tcrockett@passaicschools.org,95 Dayton Ave," ",Passaic,NJ,"=""07055""",95 Dayton Ave," ",Passaic,NJ,"=""07055""",Ms.,Karina,Mena,Anti-Bullying Specialist,,,,,"=""973-470-5500""",,,,,,1,1,1,,,,,,,,,"=""06148""",,,
"=""31""",PASSAIC,"=""3970""",Passaic City School District,"=""307""",Mahatma Gandhi School Number 25,Ms.,Nicole,Ravenda-Aguilo,School Principal,nravenda-aguilo@passaicschools.org,64 Parker Ave," ",Passaic,NJ,"=""07055""",64 Parker Ave," ",Passaic,NJ,"=""07055""",Ms.,Renna,Edwards,Anti-Bullying Specialist,,,,,"=""973-470-5500""",,1,1,1,1,,,,,,,,,,,,"=""06150""",,,
"=""31""",PASSAIC,"=""3970""",Passaic City School District,"=""090""",Mario Drago School No. 3,Mrs.,Diana,Kattak,School Principal,dkattak@passaicschools.org,155 Van Houten Ave.," ",Passaic,NJ,"=""07055-4502""",155 Van Houten Ave.," ",Passaic,NJ,"=""07055-4502""",Ms.,Brittney,Rodrigues,Anti-Bullying Specialist,,,,,"=""973-470-5503""",1,1,1,1,1,1,1,1,1,1,,,,,,,"=""04840""",,,
"=""31""",PASSAIC,"=""3970""",Passaic City School District,"=""100""","Martin Luther King, Jr. School No. 6",Mr.,Anthony,Maisonet,School Principal,amaisonet@passaicschools.org,85 Hamilton Ave.," ",Passaic,NJ,"=""07055-5215""",85 Hamilton Ave.," ",Passaic,NJ,"=""07055-5215""",Mrs.,Maria,Espinal,Anti-Bullying Specialist,,,,,"=""973-470-5506""",1,1,1,1,1,1,1,1,1,1,,,,,,,"=""04844""",,,
"=""31""",PASSAIC,"=""3970""",Passaic City School District,"=""306""",Muhammad Ali School Number 23,Dr.,Edwin,Garcia,School Principal,edgarcia@passaicschools.org,63 Dayton Ave," ",Passaic,NJ,"=""07055""",63 Dayton Ave," ",Passaic,NJ,"=""07055""",Ms.,Kelly,Terranova,Anti-Bullying Specialist,,,,,"=""973-470-5500""",,,,,,,,,1,1,,,,,,,"=""06149""",,,
"=""31""",PASSAIC,"=""3970""",Passaic City School District,"=""301""",Passaic Academy for Science and Engineering,Ms.,Ningel,Bhuta,School Principal,nbhuta@passaicschools.org,291 Lafayette Avenue," ",Passaic,NJ,"=""07055""",291 Lafayette Avenue," ",Passaic,NJ,"=""07055""",Ms.,Erika,Rios,Anti-Bullying Specialist,,,,,"=""973-470-5504""",,,,,,,,1,1,1,1,1,1,1,,,"=""""",,,
"=""31""",PASSAIC,"=""3970""",Passaic City School District,"=""300""",Passaic Gifted and Talented Academy School No. 20,Mr.,John,Mellody,School Principal,jmellody@passaicschools.org,19 Henry Street," ",Passaic,NJ,"=""07055""",19 Henry Street," ",Passaic,NJ,"=""07055""",Ms.,Naikira,Crandol,Anti-Bullying Specialist,,,,,"=""973-470-5500""",,,,1,1,1,1,1,1,1,,,,,,,"=""""",,,
"=""31""",PASSAIC,"=""3970""",Passaic City School District,"=""050""",Passaic High School No. 12,Ms.,Jennifer,Barker,School Principal,jbarker@passaicschools.org,255 Madison Street," ",Passaic,NJ,"=""07055""",255 Madison Street," ",Passaic,NJ,"=""07055""",Ms.,Denise,Pinon,Anti-Bullying Specialist,,,,,"=""973-470-5600""",,,,,,,,,,,1,1,1,1,,,"=""04836""",,,
"=""31""",PASSAIC,"=""3970""",Passaic City School District,"=""302""",Passaic Preparatory Academy,Ms.,Stacey,Bruce,School Principal,sbruce@passaicschools.org,252 Boulevard," ",Passaic,NJ,"=""07055""",252 Boulevard," ",Passaic,NJ,"=""07055""",Ms.,Jennifer,Mold,Anti-Bullying Specialist,,,,,"=""973-470-5504""",,,,,,,,1,1,1,1,1,1,1,,,"=""""",,,
"=""31""",PASSAIC,"=""3970""",Passaic City School District,"=""110""",Sallie D. Gamble School No. 7,Ms.,Gissel,Cristobal,Director,gcristobal@passaicschools.org,155 Summer St.," ",Passaic,NJ,"=""07055""",155 Summer St.," ",Passaic,NJ,"=""07055""",Ms.,Deneen,Perez,Anti-Bullying Specialist,,,,,"=""973-470-5507""",1,1,,,,,,,,,,,,,,,"=""04846""",,,
"=""31""",PASSAIC,"=""3970""",Passaic City School District,"=""080""",Thomas Jefferson School No. 1,Ms.,Leslie,Sarousi,Interim Principal,lsarousi@passaicschools.org,390 Van Houten Ave.," ",Passaic,NJ,"=""07055""",390 Van Houten Ave.," ",Passaic,NJ,"=""07055""",Dr.,Esaid,Masri,Anti-Bullying Specialist,,,,,"=""973-470-5501""",,1,1,1,1,1,1,1,1,1,,,,,,,"=""04838""",,,
"=""31""",PASSAIC,"=""3970""",Passaic City School District,"=""170""",Vincent Capuana School No. 15,Mr.,Steven,Cruz,School Principal,scruz@passaicschools.org,374 Broadway," ",Passaic,NJ,"=""07055""",374 Broadway," ",Passaic,NJ,"=""07055""",Mr.,Esiad,Masri,Anti-Bullying Specialist,,,,,"=""973-815-8563""",1,1,,,,,,,,,,,,,,,"=""00347""",,,
"=""31""",PASSAIC,"=""3970""",Passaic City School District,"=""140""",William B. Cruise Memorial School No. 11,Mr.,Osvaldo,Matos,School Principal,omatos@passaicschools.org,390 Gregory Ave.," ",Passaic,NJ,"=""07055""",390 Gregory Ave.," ",Passaic,NJ,"=""07055""",Ms.,Harold,Fortunato,Anti-Bullying Specialist,,,,,"=""973-470-5511""",,1,1,1,1,1,1,1,1,1,,,,,,,"=""04854""",,,
"=""31""",PASSAIC,"=""3980""",Passaic County Manchester Regional High School District,"=""010""",Passaic County-Manchester Regional High School,Mr.,Joseph,Ercolani,School Principal,jercolani@mrhs.net,70 CHURCH STREET," ",HALEDON,NJ,"=""07508-1753""",70 CHURCH STREET," ",HALEDON,NJ,"=""07508-1753""",Mr.,Christopher,Criscera,Anti-Bullying Specialist,Mr.,Brandon,Chambers,School Homeless Liaison,"=""973-389-2821""",,,,,,,,,,,1,1,1,1,,,"=""04856""",,,
"=""31""",PASSAIC,"=""3995""",Passaic County Technical-Vocational School District,"=""050""",Passaic County Technical Institute,Mr.,Antonio,Garcia,School Principal,angarcia@pcti.tec.nj.us,45 REINHARDT ROAD," ",WAYNE,NJ,"=""07470-2210""",45 REINHARDT ROAD," ",WAYNE,NJ,"=""07470-2210""",Mr.,Michael,O'Brien,Anti-Bullying Specialist,,,,,"=""973-790-6000""",,,,,,,,,,,1,1,1,1,,,"=""04860""",,,
"=""31""",PASSAIC,"=""3995""",Passaic County Technical-Vocational School District,"=""300""",Passaic County Technical Institute STEM Academy,Mr.,Joaquim,Johnson,School Principal,jjohnson@pcti.tec.nj.us,45 Reinhardt Road," ",Wayne,NJ,"=""07470-2210""",45 Reinhardt Road," ",Wayne,NJ,"=""07470-2210""",Mr.,David,Inigo,Anti-Bullying Specialist,,,,,"=""973-790-6000""",,,,,,,,,,,1,1,1,1,,,"=""04860""",,,
"=""31""",PASSAIC,"=""3990""",Passaic Valley Regional High School District,"=""050""",Passaic Valley Regional High School,Ms.,Krista,Voorhis,School Principal,voorhisk@pvrhs.org,100 EAST MAIN STREET," ",LITTLE FALLS,NJ,"=""07424""",100 EAST MAIN STREET," ",LITTLE FALLS,NJ,"=""07424""",Mr.,David,Settembre,Anti-Bullying Specialist,Ms.,Kelly,O'Brien,School Homeless Liaison,"=""973-890-2500""",,,,,,,,,,,1,1,1,1,,,"=""04858""",,,
"=""31""",PASSAIC,"=""4010""",Paterson Public School District,"=""043""",Alexander Hamilton Academy,Mr.,Cosmo,Braico,School Principal,cbraico@paterson.k12.nj.us,11-27 16TH AVENUE," ",PATERSON,NJ,"=""07501""",11-27 16TH AVENUE," ",PATERSON,NJ,"=""07501""",Mr.,Robert,Schiller,Anti-Bullying Specialist,,,,,"=""973-321-0320""",,1,1,1,1,1,1,1,1,1,,,,,,,"=""00353""",https://www.facebook.com/Paterson.AHA,https://www.instagram.com/alexanderhamiltonacademypps,
"=""31""",PASSAIC,"=""4010""",Paterson Public School District,"=""006""",Alternative High School,Mr.,Amod,Field,School Principal,afield@paterson.k12.nj.us,350 MARKET STREET," ",PATERSON,NJ,"=""07501""",350 MARKET STREET," ",PATERSON,NJ,"=""07501""",Mr.,David,Gurrieri,Anti-Bullying Specialist,,,,,"=""973-321-0110""",,,,,,,,,,,1,1,1,1,,,"=""03111""",,,
"=""31""",PASSAIC,"=""4010""",Paterson Public School District,"=""302""",Anna Iandoli Early Learning Center,Mr.,Stanley,Sumter,School Principal,ssumter@paterson.k12.nj.us,660 14th Avenue," ",Paterson,NJ,"=""07504""",660 14th Avenue," ",Paterson,NJ,"=""07504""",Ms.,Stanley,Sumter,Anti-Bullying Specialist,,,,,"=""973-321-0660""",1,,,,,,,,,,,,,,,,"=""03473""",,,
"=""31""",PASSAIC,"=""4010""",Paterson Public School District,"=""130""",Charles J. Riley/ School 9,Mr.,Domenico,Carriero,School Principal,dcarriero@paterson.k12.nj.us,6 TIMOTHY STREET," ",PATERSON,NJ,"=""07503""",6 TIMOTHY STREET," ",PATERSON,NJ,"=""07503""",Ms.,Wendy,Beedoo,Anti-Bullying Specialist,,,,,"=""973-321-0090""",1,1,1,1,1,1,1,,,,,,,,,,"=""04890""",,,
"=""31""",PASSAIC,"=""4010""",Paterson Public School District,"=""045""",Dale Avenue,Ms.,Rebecca,Cecala,School Principal,rcecala@paterson.k12.nj.us,21 Dale Ave," ",PATERSON,NJ,"=""07501""",21 Dale Ave," ",PATERSON,NJ,"=""07501""",Ms.,Lindsay,Scianna,Anti-Bullying Specialist,,,,,"=""973-321-0410""",1,1,1,1,,,,,,,,,,,,,"=""04872""",,,
"=""31""",PASSAIC,"=""4010""",Paterson Public School District,"=""317""",Dr. Hani Awadallah,Ms.,Bridget,Naviera,School Principal,naveirab@paterson.k12.nj.us,515 MARSHALL STREET," ",PATERSON,NJ,"=""07503""",515 MARSHALL STREET," ",PATERSON,NJ,"=""07503""",Ms.,Gina,Bello,Anti-Bullying Specialist,,,,,"=""973-413-2600""",,,,,,,,1,1,1,,,,,,,"=""06209""",,,
"=""31""",PASSAIC,"=""4010""",Paterson Public School District,"=""312""","Dr. Martin Luther King, Jr. Educational Complex",Ms.,Grace,Giglio,School Principal,ggiglio@paterson.k12.nj.us,851 E  28TH STREET," ",PATERSON,NJ,"=""07513""",851 E  28TH STREET," ",PATERSON,NJ,"=""07513""",Mr.,Walner,Perez,Anti-Bullying Specialist,,,,,"=""973-321-0300""",1,1,1,1,1,1,1,1,1,1,,,,,,,"=""05916""",,,
"=""31""",PASSAIC,"=""4010""",Paterson Public School District,"=""040""",Eastside High School,Dr.,Florita,Cotto,School Principal,fcotto@paterson.k12.nj.us,150 PARK AVENUE," ",PATERSON,NJ,"=""07501""",150 PARK AVENUE," ",PATERSON,NJ,"=""07501""",Ms.,Verraina,Freeman,Anti-Bullying Specialist,,,,,"=""973-321-2354""",,,,,,,,,,,1,1,1,1,,,"=""04866""",,,
"=""31""",PASSAIC,"=""4010""",Paterson Public School District,"=""047""",Edward W. Kilpatrick,Mrs.,Dorothy,Douge,School Principal,ddouge@paterson.k12.nj.us,295-315 ELLISON STREET," ",PATERSON,NJ,"=""07501""",295-315 ELLISON STREET," ",PATERSON,NJ,"=""07501""",Ms.,Alva,Fogle,Anti-Bullying Specialist,,,,,"=""973-321-0330""",1,1,1,1,1,1,1,,,,,,,,,,"=""04872""",,,
"=""31""",PASSAIC,"=""4010""",Paterson Public School District,"=""035""",International High School,Dr.,Catherine,Forfia-Dion,School Principal,cforfia@paterson.k12.nj.us,200 Grand Street," ",PATERSON,NJ,"=""07501""",200 Grand Street," ",PATERSON,NJ,"=""07501""",Ms.,Anyelis,Diaz,Anti-Bullying Specialist,,,,,"=""973-321-2280""",,,,,,,,,,,1,1,1,1,,,"=""00809""",,,
"=""31""",PASSAIC,"=""4010""",Paterson Public School District,"=""307""",John F. Kennedy High School,Dr.,Vanessa,Serrano,School Principal,vserrano@paterson.k12.nj.us,61-127 PREAKNESS AVENUE," ",PATERSON,NJ,"=""07502""",61-127 PREAKNESS AVENUE," ",PATERSON,NJ,"=""07502""",Mr.,Donald,Davis,Anti-Bullying Specialist,,,,,"=""973-321-0500""",,,,,,,,,,,1,1,1,1,,,"=""03171""",,,
"=""31""",PASSAIC,"=""4010""",Paterson Public School District,"=""301""",Joseph A. Taub School,Dr.,Jorge,Ventura,School Principal,jventura@paterson.k12.nj.us,202 UNION AVENUE," ",PATERSON,NJ,"=""07502""",202 UNION AVENUE," ",PATERSON,NJ,"=""07502""",Ms.,Marla,Gaines,Anti-Bullying Specialist,,,,,"=""973-321-0700""",,,,,,,,1,1,1,,,,,,,"=""03263""",,,
"=""31""",PASSAIC,"=""4010""",Paterson Public School District,"=""270""",Maria Magda O'Keefe School,Dr.,Florita,Cotto,School Principal,fcotto@paterson.k12.nj.us,50 NINETEENTH AVENUE," ",PATERSON,NJ,"=""07513""",50 NINETEENTH AVENUE," ",PATERSON,NJ,"=""07513""",Ms.,Mayra,Marin,Anti-Bullying Specialist,,,,,"=""973-321-0160""",1,1,1,1,1,1,1,1,1,1,,,,,,,"=""04916""",,,
"=""31""",PASSAIC,"=""4010""",Paterson Public School District,"=""316""",New Roberto Clemente,Mr.,Sham,Bacchus,School Principal,sbacchus@paterson.k12.nj.us,482-506 MARKET STREET," ",PATERSON,NJ,"=""07501""",482-506 MARKET STREET," ",PATERSON,NJ,"=""07501""",Ms.,Norkin,Feliz-Garcia,Anti-Bullying Specialist,,,,,"=""973-321-0240""",,,,,,,,1,1,1,,,,,,,"=""03003""",,,
"=""31""",PASSAIC,"=""4010""",Paterson Public School District,"=""314""",Newcomers High School,Mr.,Miguel,Sosa,School Principal,msosa@paterson.k12.nj.us,151 Ellison Street," ",Paterson,NJ,"=""07501""",151 Ellison Street," ",Paterson,NJ,"=""07501""",Ms.,Julissa,Batista,Anti-Bullying Specialist,,,,,"=""973-321-0760""",,,,,,,,,,,1,1,1,1,,,"=""06151""",,,
"=""31""",PASSAIC,"=""4010""",Paterson Public School District,"=""325""",Norman S. Weir,Ms.,Samantha,Emery-Aleen,School Principal,semeryallen@paterson.k12.nj.us,152 COLLEGE BOULEVARD," ",PATERSON,NJ,"=""07505-1102""",152 COLLEGE BOULEVARD," ",PATERSON,NJ,"=""07505-1102""",Mr.,Karina,Lema,Anti-Bullying Specialist,,,,,"=""973-321-0750""",,1,1,1,1,1,1,1,1,1,,,,,,,"=""05942""",,,
"=""31""",PASSAIC,"=""4010""",Paterson Public School District,"=""010""",Paterson Adult and Continuing Education,Mr.,Miguel,Sosa,School Principal,msosa@paterson.k12.nj.us,151 ELLISON STREET," ",PATERSON,NJ,"=""07505""",151 ELLISON STREET," ",PATERSON,NJ,"=""07505""",Mr.,Michael,McMahon,Anti-Bullying Specialist,,,,,"=""973-321-0760""",,,,,,,,,,,,,,,,1,"=""""",,,
"=""31""",PASSAIC,"=""4010""",Paterson Public School District,"=""005""",Paterson P-TECH High School,Dr.,Charla,Holder,School Principal,cholder@paterson.k12.nj.us,201 MEMORIAL DRIVE," ",PATERSON,NJ,"=""07505""",201 MEMORIAL DRIVE," ",PATERSON,NJ,"=""07505""",Mr.,Jason,Doerr,Anti-Bullying Specialist,,,,,"=""973-321-2292""",,,,,,,,,,,1,1,1,1,,,"=""03109""",,,
"=""31""",PASSAIC,"=""4010""",Paterson Public School District,"=""004""",Paterson STEAM High School,Dr.,Nellista,Bess,School Principal,nbess@paterson.k12.nj.us,764 11TH AVENUE," ",PATERSON,NJ,"=""07514""",764 11TH AVENUE," ",PATERSON,NJ,"=""07514""",Dr.,Christopher,Awad,Anti-Bullying Specialist,,,,,"=""973-321-0560""",,,,,,,,,,,1,1,1,1,,,"=""03107""",,,
"=""31""",PASSAIC,"=""4010""",Paterson Public School District,"=""080""","Rev. Dr. Frank Napier, Jr. School",Mr.,Derwin,Smith,School Principal,dsmith@paterson.k12.nj.us,55 CLINTON STREET," ",PATERSON,NJ,"=""07522-1729""",55 CLINTON STREET," ",PATERSON,NJ,"=""07522-1729""",Ms.,Eliane,Weinstein,Anti-Bullying Specialist,,,,,"=""973-321-0040""",,,1,1,1,1,1,1,1,1,,,,,,,"=""04880""",,,
"=""31""",PASSAIC,"=""4010""",Paterson Public School District,"=""315""",Roberto Clemente,Dr.,Marc,Medley,School Principal,mmedley@paterson.k12.nj.us,434 ROSA PARKS BLVD," ",PATERSON,NJ,"=""07501""",434 ROSA PARKS BLVD," ",PATERSON,NJ,"=""07501""",Ms.,Majorie,Daly,Anti-Bullying Specialist,,,,,"=""973-321-0340""",,1,1,1,1,1,1,,,,,,,,,,"=""04926""",,,
"=""31""",PASSAIC,"=""4010""",Paterson Public School District,"=""020""",Rosa L. Parks School of Fine and Performing Arts,Ms.,Kaela,Quince-McMillan,School Principal,kquince@paterson.k12.nj.us,413 12TH AVENUE," ",PATERSON,NJ,"=""07514""",413 12TH AVENUE," ",PATERSON,NJ,"=""07514""",Ms.,Tonya,Busch,Anti-Bullying Specialist,,,,,"=""973-321-0520""",,,,,,,,,,,1,1,1,1,,,"=""05998""",,,
"=""31""",PASSAIC,"=""4010""",Paterson Public School District,"=""050""",School 1,Mr.,Michael,DuBose,School Administrator,mdubose@paterson.k12.nj.us,1 EAST 32ND STREET," ",PATERSON,NJ,"=""07514""",1 EAST 32ND STREET," ",PATERSON,NJ,"=""07514""",Mr.,Nicholas,Toscano,Anti-Bullying Specialist,,,,,"=""973-321-0490""",,1,1,1,1,1,1,,,,,,,,,,"=""06099""",,,
"=""31""",PASSAIC,"=""4010""",Paterson Public School District,"=""140""",School 10,Dr.,Tiffany,McBride,Interim Principal,tmcbride@paterson.k12.nj.us,48 MERCER STREET," ",PATERSON,NJ,"=""07524-2429""",48 MERCER STREET," ",PATERSON,NJ,"=""07524-2429""",Ms.,Dana,Castelitto,Anti-Bullying Specialist,,,,,"=""973-321-0100""",,1,1,1,1,1,1,,,,,,,,,,"=""04892""",,,
"=""31""",PASSAIC,"=""4010""",Paterson Public School District,"=""160""",School 12,Dr.,Boblyn,Ranger-Dobbs,School Principal,bdobbs@paterson.k12.nj.us,121 NORTH SECOND STREET," ",PATERSON,NJ,"=""07522""",121 NORTH SECOND STREET," ",PATERSON,NJ,"=""07522""",Ms.,Heather,Barksdale,Anti-Bullying Specialist,,,,,"=""973-321-0120""",,1,1,1,1,1,1,1,1,1,,,,,,,"=""04896""",,,
"=""31""",PASSAIC,"=""4010""",Paterson Public School District,"=""170""",School 13,Ms.,Tanya,Greene,School Principal,tgreene@paterson.k12.nj.us,690 EAST 23RD ST," ",PATERSON,NJ,"=""07504""",690 EAST 23RD ST," ",PATERSON,NJ,"=""07504""",Ms.,Tanya,Greene,Anti-Bullying Specialist,,,,,"=""973-321-0130""",,1,1,1,1,1,1,1,1,1,,,,,,,"=""04898""",,,
"=""31""",PASSAIC,"=""4010""",Paterson Public School District,"=""190""",School 15,Mrs.,Ramona,Garcia,School Principal,ragarcia@paterson.k12.nj.us,98 OAK STREET," ",PATERSON,NJ,"=""07501""",98 OAK STREET," ",PATERSON,NJ,"=""07501""",Ms.,Erica,Mejia,Anti-Bullying Specialist,,,,,"=""973-321-0150""",1,1,1,1,1,1,1,,,,,,,,,,"=""04902""",,,
"=""31""",PASSAIC,"=""4010""",Paterson Public School District,"=""309""",School 16,Ms.,Nancy,Tavarez-Correa,School Principal,ncorreatavarez@paterson.k12.nj.us,11 22ND AVENUE," ",PATERSON,NJ,"=""07513""",11 22ND AVENUE," ",PATERSON,NJ,"=""07513""",Mr.,Robert,Butler,Anti-Bullying Specialist,,,,,"=""973-413-2700""",1,1,1,1,1,1,1,1,1,1,,,,,,,"=""03384""",,,
"=""31""",PASSAIC,"=""4010""",Paterson Public School District,"=""220""",School 18,Ms.,Deyanira,Cartagena,School Principal,dpagan@paterson.k12.nj.us,51 E  18TH STREET," ",PATERSON,NJ,"=""07524""",51 E  18TH STREET," ",PATERSON,NJ,"=""07524""",Ms.,Jade,Visco,Anti-Bullying Specialist,,,,,"=""973-321-0180""",,1,1,1,1,1,1,,,,,,,,,,"=""04908""",,,
"=""31""",PASSAIC,"=""4010""",Paterson Public School District,"=""230""",School 19,Mr.,Dewitt,Evering,School Principal,devering@paterson.k12.nj.us,31 JAMES STREET," ",PATERSON,NJ,"=""07502""",31 JAMES STREET," ",PATERSON,NJ,"=""07502""",Ms.,Voula,Vogt,Anti-Bullying Specialist,,,,,"=""973-321-0190""",,1,1,1,1,1,1,,,,,,,,,,"=""04910""",,,
"=""31""",PASSAIC,"=""4010""",Paterson Public School District,"=""060""",School 2,Ms.,Carlita,Rodriguez,School Principal,crodriguez@paterson.k12.nj.us,22 PASSAIC STREET," ",PATERSON,NJ,"=""07501""",22 PASSAIC STREET," ",PATERSON,NJ,"=""07501""",Ms.,MIchael,Ollo,Anti-Bullying Specialist,,,,,"=""973-321-0020""",,1,1,1,1,1,1,1,1,1,,,,,,,"=""04876""",,,
"=""31""",PASSAIC,"=""4010""",Paterson Public School District,"=""240""",School 20,Mr.,Michael,Hill,School Principal,mhill@paterson.k12.nj.us,500 EAST 37TH STREET," ",PATERSON,NJ,"=""07504-1739""",500 EAST 37TH STREET," ",PATERSON,NJ,"=""07504-1739""",Ms.,N'Kwevah,Artis-Stone,Anti-Bullying Specialist,,,,,"=""973-321-0200""",,1,1,1,1,1,1,1,1,1,,,,,,,"=""04912""",,,
"=""31""",PASSAIC,"=""4010""",Paterson Public School District,"=""250""",School 21,Mr.,Edgard,Nieves,School Principal,enieves@paterson.k12.nj.us,322 10TH AVENUE," ",PATERSON,NJ,"=""07514""",322 10TH AVENUE," ",PATERSON,NJ,"=""07514""",Mr.,Augustin,Castillo,Anti-Bullying Specialist,,,,,"=""973-321-0210""",,,,,,,,1,1,1,,,,,,,"=""04914""",,,
"=""31""",PASSAIC,"=""4010""",Paterson Public School District,"=""280""",School 25,Ms.,Antoinette,Young,School Principal,ayoung@paterson.k12.nj.us,287 TRENTON AVENUE," ",PATERSON,NJ,"=""07503""",287 TRENTON AVENUE," ",PATERSON,NJ,"=""07503""",Ms.,Nina,Powell,Anti-Bullying Specialist,,,,,"=""973-321-0250""",1,1,1,1,1,1,1,1,1,1,,,,,,,"=""04918""",,,
"=""31""",PASSAIC,"=""4010""",Paterson Public School District,"=""290""",School 26,Mr.,Derrick,Hoff,School Principal,dhoff@paterson.k12.nj.us,1 EAST 32ND STREET," ",PATERSON,NJ,"=""07514""",1 EAST 32ND STREET," ",PATERSON,NJ,"=""07514""",Ms.,Christine,Napolitano,Anti-Bullying Specialist,,,,,"=""973-321-0260""",1,1,1,1,1,1,1,,,,,,,,,,"=""04920""",,,
"=""31""",PASSAIC,"=""4010""",Paterson Public School District,"=""300""",School 27,Ms.,Kelli,White,School Principal,kwhite@paterson.k12.nj.us,250 RICHMOND AVE," ",PATERSON,NJ,"=""07502""",250 RICHMOND AVE," ",PATERSON,NJ,"=""07502""",Ms.,Cara,Wilder,Anti-Bullying Specialist,,,,,"=""973-321-0270""",1,1,1,1,1,1,1,,,,,,,,,,"=""04922""",,,
"=""31""",PASSAIC,"=""4010""",Paterson Public School District,"=""310""",School 28,Ms.,Nancy,Castro,School Principal,ncastro@paterson.k12.nj.us,200 PRESIDENTIAL BOULEVARD," ",PATERSON,NJ,"=""07522""",200 PRESIDENTIAL BOULEVARD," ",PATERSON,NJ,"=""07522""",Ms.,Victoria,Larosiliere,Anti-Bullying Specialist,,,,,"=""973-321-0281""",1,1,1,1,1,1,1,1,1,1,,,,,,,"=""04924""",,,
"=""31""",PASSAIC,"=""4010""",Paterson Public School District,"=""090""",School 5,Mr.,Richard,Sanducci,School Principal,rsanducci@paterson.k12.nj.us,430 TOTOWA AVENUE," ",PATERSON,NJ,"=""07502-2135""",430 TOTOWA AVENUE," ",PATERSON,NJ,"=""07502-2135""",Mr.,Veronica,Ricigliano,Anti-Bullying Specialist,,,,,"=""973-321-0050""",,1,1,1,1,1,1,,,,,,,,,,"=""04882""",,,
"=""31""",PASSAIC,"=""4010""",Paterson Public School District,"=""110""",School 7,Ms.,Pamela,Powell,School Principal,ppowell@paterson.k12.nj.us,106 RAMSEY STREET," ",PATERSON,NJ,"=""07501""",106 RAMSEY STREET," ",PATERSON,NJ,"=""07501""",Ms.,Dyann,Simone,Anti-Bullying Specialist,,,,,"=""973-321-0070""",,1,1,1,1,1,1,,,,,,,,,,"=""04886""",,,
"=""31""",PASSAIC,"=""4010""",Paterson Public School District,"=""120""",School 8,Ms.,Gisela,Adorno,School Principal,gadorno@paterson.k12.nj.us,35 CHADWICK STREET," ",PATERSON,NJ,"=""07503""",35 CHADWICK STREET," ",PATERSON,NJ,"=""07503""",Ms.,Marlene,Puente,Anti-Bullying Specialist,,,,,"=""973-321-0080""",,1,1,1,1,1,1,1,1,1,,,,,,,"=""04896""",,,
"=""31""",PASSAIC,"=""4010""",Paterson Public School District,"=""100""",Senator Frank Lautenberg School,Dr.,Sherri,Brackett,School Principal,sbrackett@paterson.k12.nj.us,137 CARROLL STREET," ",PATERSON,NJ,"=""07501""",137 CARROLL STREET," ",PATERSON,NJ,"=""07501""",Mr.,Shaun,Douglas,Anti-Bullying Specialist,,,,,"=""973-321-0060""",,1,1,1,1,1,1,1,1,1,,,,,,,"=""04884""",,,
"=""31""",PASSAIC,"=""4010""",Paterson Public School District,"=""025""",Students Transitioning and Achieving Real Success,Ms.,Nicole,Payne,School Administrator,npayne@paterson.k12.nj.us,764 11th Ave," ",PATERSON,NJ,"=""07504""",764 11th Ave," ",PATERSON,NJ,"=""07504""",Dr.,Christopher,Awad,Anti-Bullying Specialist,,,,,"=""973-321-0500""",,,,,,,,,,,1,1,1,1,,,"=""02929""",,,
"=""31""",PASSAIC,"=""4010""",Paterson Public School District,"=""303""",Young Men's Academy,Mr.,Marc,Medley,School Principal,mmedley@paterson.k12.nj.us,45 Smith Street," ",Paterson,NJ,"=""07505""",45 Smith Street," ",Paterson,NJ,"=""07505""",Mr.,Solomon,Emeghara,Anti-Bullying Specialist,,,,,"=""973-321-2380""",,,,,1,1,1,1,1,1,,,,,,,"=""03369""",,,
"=""31""",PASSAIC,"=""4230""",Pompton Lakes School District,"=""055""",Lakeside School,Dr.,John,Herninko,School Principal,jherninko@plps.org,316 LAKESIDE AVENUE," ",POMPTON LAKES,NJ,"=""07442-1299""",316 LAKESIDE AVENUE," ",POMPTON LAKES,NJ,"=""07442-1299""",Mrs.,Deidre,Radburn,Anti-Bullying Specialist,,,,,"=""973-835-7100""",,,,,,,,1,1,1,,,,,,,"=""04932""",,,
"=""31""",PASSAIC,"=""4230""",Pompton Lakes School District,"=""060""",Lenox School,Mr.,Michael,McCarthy,School Principal,mmccarthy@plps.org,35 LENOX AVENUE," ",POMPTON LAKES,NJ,"=""07442-1729""",35 LENOX AVENUE," ",POMPTON LAKES,NJ,"=""07442-1729""",Mrs.,Kate,Vivino,Anti-Bullying Specialist,,,,,"=""973-835-7100""",,1,1,1,1,1,1,,,,,,,,,,"=""04934""",,,
"=""31""",PASSAIC,"=""4230""",Pompton Lakes School District,"=""070""",Lincoln School,Mr.,Michael,Renne,School Principal,mrenne@plps.org,40 MILL STREET," ",POMPTON LAKES,NJ,"=""07442-1490""",40 MILL STREET," ",POMPTON LAKES,NJ,"=""07442-1490""",Mrs.,Kelly,Boccio,Anti-Bullying Specialist,,,,,"=""973-835-7100""",1,1,1,1,1,1,1,,,,,,,,,,"=""04936""",,,
"=""31""",PASSAIC,"=""4230""",Pompton Lakes School District,"=""050""",Pompton Lakes High School,Dr.,Scott,Wisniewski,School Principal,swisniewski@plps.org,44 LAKESIDE AVENUE," ",POMPTON LAKES,NJ,"=""07442-1793""",44 LAKESIDE AVENUE," ",POMPTON LAKES,NJ,"=""07442-1793""",Mrs.,Katie,Miceli,Anti-Bullying Specialist,,,,,"=""973-835-7100""",,,,,,,,,,,1,1,1,1,,,"=""04930""",,,
"=""31""",PASSAIC,"=""4270""",Prospect Park Public School District,"=""300""",Prospect Park Middle School,Mr.,David,Murphy,School Administrator,dmurphy@prospectparknj.com,13 Wagaraw Bvd," ",Prospect Park,NJ,"=""07508""",13 Wagaraw Bvd," ",Prospect Park,NJ,"=""07508""",Mrs.,Lori,Antista,Anti-Bullying Specialist,,,,,"=""973-790-7909""",,,,,,,,1,1,1,,,,,,,"=""06159""",,,
"=""31""",PASSAIC,"=""4270""",Prospect Park Public School District,"=""010""",Prospect Park School No. 1,Mrs.,Rawya,Kyle,Chief School Administrator,rkyle@prospectparknj.com,94 BROWN AVENUE," ",PROSPECT PARK,NJ,"=""07508-2018""",94 BROWN AVENUE," ",PROSPECT PARK,NJ,"=""07508-2018""",Mr.,Michael,Wnoroski,Anti-Bullying Specialist,Ms.,Tiffany,Hawkins,School Homeless Liaison,"=""973-790-7909""",1,1,1,1,1,1,1,1,1,,,,,,,,"=""04938""",,,
"=""31""",PASSAIC,"=""4400""",Ringwood School District,"=""050""",Eleanor G. Hewitt,Mrs.,Carolyn,Leonard,School Principal,leonardc@njrps.org,266 SLOATSBURG ROAD," ",RINGWOOD,NJ,"=""07456""",266 SLOATSBURG ROAD," ",RINGWOOD,NJ,"=""07456""",Mrs.,Suzanne,Fanuelle,Anti-Bullying Specialist,,,,,"=""973-962-7500""",,,,,,1,1,,,,,,,,,,"=""04942""",,,
"=""31""",PASSAIC,"=""4400""",Ringwood School District,"=""053""",Martin J. Ryerson School,Mrs.,Courtney,Risoli,School Principal,risolic@njrps.org,130 VALLEY ROAD," ",RINGWOOD,NJ,"=""07456""",130 VALLEY ROAD," ",RINGWOOD,NJ,"=""07456""",Mrs.,Jaclyn,Honovich,Anti-Bullying Specialist,,,,,"=""973-962-7500""",,,,,,,,1,1,1,,,,,,,"=""04944""",,,
"=""31""",PASSAIC,"=""4400""",Ringwood School District,"=""055""",Peter Cooper School,Mrs.,Christina,Lam,School Principal,lamc@njrps.org,54 ROGER COURT," ",RINGWOOD,NJ,"=""07456""",54 ROGER COURT," ",RINGWOOD,NJ,"=""07456""",Ms.,Alyssa,Pulci,Anti-Bullying Specialist,,,,,"=""973-962-7500""",,1,1,1,1,,,,,,,,,,,,"=""04946""",,,
"=""31""",PASSAIC,"=""4400""",Ringwood School District,"=""060""",Robert Erskine School,Mr.,Gregg,Festa,School Principal,festag@njrps.org,88 ERSKINE ROAD," ",RINGWOOD,NJ,"=""07456-2150""",88 ERSKINE ROAD," ",RINGWOOD,NJ,"=""07456-2150""",Ms.,Cassandra,Giordano,Anti-Bullying Specialist,,,,,"=""973-962-7500""",,1,1,1,1,,,,,,,,,,,,"=""04948""",,,
"=""31""",PASSAIC,"=""5200""",Totowa Public School District,"=""050""",Memorial School,,Joseph,Compel,School Principal,joseph.compel@totowa.k12.nj.us,294 TOTOWA ROAD," ",TOTOWA,NJ,"=""07512-2661""",294 TOTOWA ROAD," ",TOTOWA,NJ,"=""07512-2661""",,Maggie,Morris,Anti-Bullying Specialist,,,,,"=""973-956-0010""",1,1,1,1,1,,,,,,,,,,,,"=""04952""",,,
"=""31""",PASSAIC,"=""5200""",Totowa Public School District,"=""060""",Washington Park School,,Patricia,Capitelli,Vacant,patricia.capitelli@totowa.k12.nj.us,10 CREWS STREET," ",TOTOWA,NJ,"=""07512-2022""",10 CREWS STREET," ",TOTOWA,NJ,"=""07512-2022""",,Patricia,Capitelli,Anti-Bullying Specialist,,,,,"=""973-956-0010""",,,,,,1,1,1,1,1,,,,,,,"=""04954""",,,
"=""31""",PASSAIC,"=""5440""",Wanaque School District,"=""050""",Haskell Elementary School,Mr.,Brett,Biggins,School Principal,bbiggins@wanaqueps.org,973 RINGWOOD AVENUE," ",HASKELL,NJ,"=""07420-1322""",973 RINGWOOD AVENUE," ",HASKELL,NJ,"=""07420-1322""",Ms.,Allison,Saraceni,Anti-Bullying Specialist,,,,,"=""973-835-8200""",,1,1,1,1,1,1,1,1,1,,,,,,,"=""04958""",,,
"=""31""",PASSAIC,"=""5440""",Wanaque School District,"=""070""",Wanaque Elementary School,Mrs.,Tara,Scognamiglio,School Principal,tscognamiglio@wanaqueps.org,FIRST STREET," ",WANAQUE,NJ,"=""07465""",FIRST STREET," ",WANAQUE,NJ,"=""07465""",Ms.,Tess,Pastor,Anti-Bullying Specialist,,,,,"=""973-835-8200""",1,1,1,1,1,1,1,1,1,1,,,,,,,"=""04960""",,,
"=""31""",PASSAIC,"=""5570""",Wayne Township Public School District,"=""078""",Albert Payson Terhune Elementary,Mr.,JOHN,PINIAT,School Principal,jpiniat@wayneschools.com,40 GEOFFREY WAY," ",WAYNE,NJ,"=""07470-4029""",40 GEOFFREY WAY," ",WAYNE,NJ,"=""07470-4029""",Ms.,CHRISTINE,CORDEIRA,Anti-Bullying Specialist,,,,,"=""973-633-3150""",,1,1,1,1,1,1,,,,,,,,,,"=""04970""",,,
"=""31""",PASSAIC,"=""5570""",Wayne Township Public School District,"=""065""",Anthony Wayne Middle School,Mr.,COURTNEY,DUIN-SAVASTANO,School Principal,cduinsavastano@wayneschools.com,201 GARSIDE AVENUE," ",WAYNE,NJ,"=""07470""",201 GARSIDE AVENUE," ",WAYNE,NJ,"=""07470""",Ms.,DAN,FANUELE,Anti-Bullying Specialist,,,,,"=""973-389-2120""",,,,,,,,1,1,1,,,,,,,"=""00558""",,,
"=""31""",PASSAIC,"=""5570""",Wayne Township Public School District,"=""083""",George Washington Middle School,Mr.,JACK,LEONARD,School Principal,JLEONARD@WAYNESCHOOLS.COM,68 LENOX ROAD," ",WAYNE,NJ,"=""07470-5551""",68 LENOX ROAD," ",WAYNE,NJ,"=""07470-5551""",Ms.,JACQUELINE,MURPHY,Anti-Bullying Specialist,,,,,"=""973-633-3140""",,,,,,,,1,1,1,,,,,,,"=""04972""",,,
"=""31""",PASSAIC,"=""5570""",Wayne Township Public School District,"=""085""",James Fallon Elementary School,Mr.,ALBERTO,RUIZ,School Principal,aruiz@wayneschools.com,51 CLIFFORD DRIVE," ",WAYNE,NJ,"=""07470""",51 CLIFFORD DRIVE," ",WAYNE,NJ,"=""07470""",Ms.,RACHEL,RAJARAM,Anti-Bullying Specialist,,,,,"=""973-633-3125""",,1,1,1,1,1,1,,,,,,,,,,"=""00408""",,,
"=""31""",PASSAIC,"=""5570""",Wayne Township Public School District,"=""087""",John F. Kennedy Elementary School,Ms.,MARY,FERRERI,School Principal,mferreri@wayneschools.com,1310 RATZER ROAD," ",WAYNE,NJ,"=""07470-5652""",1310 RATZER ROAD," ",WAYNE,NJ,"=""07470-5652""",Ms.,MAY,MIZOV,Anti-Bullying Specialist,,,,,"=""973-633-3160""",,1,1,1,1,1,1,,,,,,,,,,"=""04976""",,,
"=""31""",PASSAIC,"=""5570""",Wayne Township Public School District,"=""090""",Lafayette Elementary School,Ms.,MELISSA,AVGERINOS,School Principal,mavgerinos@wayneschools.com,100 LAAUWE AVENUE," ",WAYNE,NJ,"=""07470-2950""",100 LAAUWE AVENUE," ",WAYNE,NJ,"=""07470-2950""",,Billie Lynne,Scura,Anti-Bullying Specialist,,,,,"=""973-633-3165""",,1,1,1,1,1,1,,,,,,,,,,"=""04978""",,,
"=""31""",PASSAIC,"=""5570""",Wayne Township Public School District,"=""110""",Packanack Elementary School,Mr.,KENNETH,DOOLITTLE,School Principal,kdoolittle@wayneschools.com,190 OAKWOOD DRIVE," ",WAYNE,NJ,"=""07470-5652""",190 OAKWOOD DRIVE," ",WAYNE,NJ,"=""07470-5652""",Ms.,LAUREN,RESZKA,Anti-Bullying Specialist,,,,,"=""973-633-3170""",,1,1,1,1,1,1,,,,,,,,,,"=""04982""",,,
"=""31""",PASSAIC,"=""5570""",Wayne Township Public School District,"=""120""",Pines Lake Elementary School,Dr.,LYDIA,COOPER,School Principal,lcooper@wayneschools.com,511 PINES LAKE DRIVE," ",WAYNE,NJ,"=""07470""",511 PINES LAKE DRIVE," ",WAYNE,NJ,"=""07470""",Ms.,PAULINA,KACPRZYK,Anti-Bullying Specialist,,,,,"=""973-633-3175""",,1,1,1,1,1,1,,,,,,,,,,"=""04984""",,,
"=""31""",PASSAIC,"=""5570""",Wayne Township Public School District,"=""300""",Preakness Early Childhood Center,Ms.,PATRICIA,MONACO,School Principal,pmonaco@wayneschools.com,1006 Hamburg Turnpike," ",Wayne,NJ,"=""07470""",1006 Hamburg Turnpike," ",Wayne,NJ,"=""07470""",Mr.,SCOT,BURKHOLDER,Anti-Bullying Specialist,,,,,"=""973-968-7400""",1,1,,,,,,,,,,,,,,,"=""03515""",,,
"=""31""",PASSAIC,"=""5570""",Wayne Township Public School District,"=""135""",Randall Carter Elementary School,Dr.,KIMBERLY,THOMPSON,School Principal,kthompson@wayneschools.com,531 ALPS ROAD," ",WAYNE,NJ,"=""07470-4672""",531 ALPS ROAD," ",WAYNE,NJ,"=""07470-4672""",,FRANCESCA,RUSSO,Anti-Bullying Specialist,,,,,"=""973-633-3145""",,1,1,1,1,1,1,,,,,,,,,,"=""04986""",,,
"=""31""",PASSAIC,"=""5570""",Wayne Township Public School District,"=""140""",Ryerson Elementary School,Ms.,DEBORA,FOTI,School Principal,DFOTI@WAYNESCHOOLS.COM,30 MC CLELLAND AVENUE," ",WAYNE,NJ,"=""07470-7411""",30 MC CLELLAND AVENUE," ",WAYNE,NJ,"=""07470-7411""",Ms.,CRYSTAL,OLSON,Anti-Bullying Specialist,,,,,"=""973-633-3180""",,1,1,1,1,1,1,,,,,,,,,,"=""04988""",,,
"=""31""",PASSAIC,"=""5570""",Wayne Township Public School District,"=""145""",Schuyler Colfax Middle School,Ms.,HEATHER,WEINSTEIN,School Principal,hweinstein@wayneschools.com,1500 HAMBURG TURNPIKE," ",WAYNE,NJ,"=""07470-4024""",1500 HAMBURG TURNPIKE," ",WAYNE,NJ,"=""07470-4024""",Ms.,LAURA,KUHN,Anti-Bullying Specialist,,,,,"=""973-633-3130""",,,,,,,,1,1,1,,,,,,,"=""04990""",,,
"=""31""",PASSAIC,"=""5570""",Wayne Township Public School District,"=""150""",Theunis Dey Elementary School,Dr.,JACOB,CAVINS,School Principal,jcavins@wayneschools.com,55 WEBSTER DRIVE," ",WAYNE,NJ,"=""07470-5353""",55 WEBSTER DRIVE," ",WAYNE,NJ,"=""07470-5353""",Ms.,KRISTEN,VALENCIA,Anti-Bullying Specialist,,,,,"=""973-633-3155""",,1,1,1,1,1,1,,,,,,,,,,"=""04992""",,,
"=""31""",PASSAIC,"=""5570""",Wayne Township Public School District,"=""055""",Wayne Hills High School,Mr.,MICHAEL,REWICK,School Principal,mrewick@wayneschools.com,272 BERDAN AVENUE," ",WAYNE,NJ,"=""07470""",272 BERDAN AVENUE," ",WAYNE,NJ,"=""07470""",Ms.,CHRISTINE,ZAKK,Anti-Bullying Specialist,,,,,"=""973-317-2000""",,,,,,,,,,,1,1,1,1,,,"=""04966""",,,
"=""31""",PASSAIC,"=""5570""",Wayne Township Public School District,"=""050""",Wayne Valley High School,Ms.,JENNIFER,GRIMBILAS,School Principal,jgrimbilas@wayneschools.com,551 VALLEY ROAD," ",WAYNE,NJ,"=""07470""",551 VALLEY ROAD," ",WAYNE,NJ,"=""07470""",Ms.,CATIE,LAVIOLA,Anti-Bullying Specialist,,,,,"=""973-317-2200""",,,,,,,,,,,1,1,1,1,,,"=""04964""",,,
"=""31""",PASSAIC,"=""5650""",West Milford Township Public School District,"=""042""",Apshawa Elementary School,Mr.,Matthew,Strianse,School Principal,matthew.strianse@wmtps.org,140 HIGH CREST DRIVE," ",WEST MILFORD,NJ,"=""07480-3708""",140 HIGH CREST DRIVE," ",WEST MILFORD,NJ,"=""07480-3708""",,TBD,TBD,Anti-Bullying Specialist,,,,,"=""973-697-1703""",,1,1,1,1,1,1,,,,,,,,,,"=""04998""",,,
"=""31""",PASSAIC,"=""5650""",West Milford Township Public School District,"=""055""",Macopin Middle School,Dr.,Gregory,Matlosz,School Principal,greg.matlosz@wmtps.org,70 HIGHLANDER DRIVE," ",WEST MILFORD,NJ,"=""07480-1511""",70 HIGHLANDER DRIVE," ",WEST MILFORD,NJ,"=""07480-1511""",Ms.,Monika,Drucker,Anti-Bullying Specialist,,,,,"=""973-697-1702""",,,,,,,,1,1,1,,,,,,,"=""05002""",,,
"=""31""",PASSAIC,"=""5650""",West Milford Township Public School District,"=""060""",Maple Road Elementary School,Ms.,Jennifer,Miller,School Principal,Jennifer.miller@wmtps.org,36 MAPLE ROAD," ",WEST MILFORD,NJ,"=""07480-2706""",36 MAPLE ROAD," ",WEST MILFORD,NJ,"=""07480-2706""",Ms.,Caitlin,Helder,Anti-Bullying Specialist,,,,,"=""973-697-1704""",1,1,1,1,1,1,1,,,,,,,,,,"=""05004""",,,
"=""31""",PASSAIC,"=""5650""",West Milford Township Public School District,"=""070""",Marshall Hill Elementary School,Mr.,Patrick,O'Donnell,School Principal,patrick.odonnell@wmtps.org,210 MARSHALL HILL ROAD," ",WEST MILFORD,NJ,"=""07480-3512""",210 MARSHALL HILL ROAD," ",WEST MILFORD,NJ,"=""07480-3512""",Ms.,Erin,DiBari,Anti-Bullying Specialist,,,,,"=""973-697-1705""",,1,1,1,1,1,1,,,,,,,,,,"=""05006""",,,
"=""31""",PASSAIC,"=""5650""",West Milford Township Public School District,"=""090""",Upper Greenwood Lake Elementary School,Mr.,Joseph,Alloy,School Principal,joseph.alloy@wmtps.org,41 HENRY ROAD," ",HEWITT,NJ,"=""07421""",41 HENRY ROAD," ",HEWITT,NJ,"=""07421""",Mrs.,Erin,DiBari,Anti-Bullying Specialist,,,,,"=""973-697-1707""",,1,1,1,1,1,1,,,,,,,,,,"=""05010""",,,
"=""31""",PASSAIC,"=""5650""",West Milford Township Public School District,"=""040""",West Milford High School,Mr.,Bill,Kane,School Principal,bill.kane@wmtps.org,67 HIGHLANDER DRIVE," ",WEST MILFORD,NJ,"=""07480-3708""",67 HIGHLANDER DRIVE," ",WEST MILFORD,NJ,"=""07480-3708""",Mr.,Michael,Shave,Anti-Bullying Specialist,,,,,"=""973-697-1701""",,,,,,,,,,,1,1,1,1,,,"=""04998""",,,
"=""31""",PASSAIC,"=""5690""",Woodland Park School District,"=""060""",Beatrice Gilmore School,Ms.,Krystina,Reilly,School Principal,kreilly@wpschools.org,1075 MCBRIDE AVENUE," ",Woodland Park,NJ,"=""07424-2538""",1075 MCBRIDE AVENUE," ",Woodland Park,NJ,"=""07424-2538""",Ms.,Tara,Byrnes,Anti-Bullying Specialist,,,,,"=""973-317-7740""",,,,,1,1,1,,,,,,,,,,"=""05018""",,,
"=""31""",PASSAIC,"=""5690""",Woodland Park School District,"=""065""",Charles Olbon School,Mrs.,Stephen,Scholtz,School Principal,sscholtz@wpschools.org,50 LINCOLN LANE," ",Woodland Park,NJ,"=""07424""",50 LINCOLN LANE," ",Woodland Park,NJ,"=""07424""",Ms.,Kathryn,Williams,Anti-Bullying Specialist,,,,,"=""973-317-7730""",1,1,1,1,,,,,,,,,,,,,"=""05020""",,,
"=""31""",PASSAIC,"=""5690""",Woodland Park School District,"=""070""",Memorial Middle School,Ms.,Jessica,Mastropaolo,School Principal,jmastropaolo@wpschools.org,15 MEMORIAL DRIVE," ",Woodland Park,NJ,"=""07424""",15 MEMORIAL DRIVE," ",Woodland Park,NJ,"=""07424""",Ms.,Donna,Farraye,Anti-Bullying Specialist,,,,,"=""973-317-7750""",,,,,,,,1,1,1,,,,,,,"=""05022""",,,
"=""31""",PASSAIC,"=""5690""",Woodland Park School District,"=""300""",School One,Mrs.,Elis,Francisco,School Principal,efrancisco@wpschools.org,665 McBride Avenue," ",Woodland Park,NJ,"=""07424""",665 McBride Avenue," ",Woodland Park,NJ,"=""07424""",Ms.,Jordan,Harkins,Anti-Bullying Specialist,,,,,"=""973-317-7700""",1,,,,,,,,,,,,,,,,"=""03517""",,,
"=""33""",SALEM,"=""0060""",Alloway Twp School District,"=""020""",Alloway Township School,Mrs.,Amy,Morley,Chief School Administrator,morleya@allowayschool.org,43 CEDAR ST," ",ALLOWAY,NJ,"=""08001""",PO Box 327," ",ALLOWAY,NJ,"=""08001""",Mrs.,Megan,Matarese,Anti-Bullying Specialist,Mrs.,Megan,Matarese,School Homeless Liaison,"=""856-935-1622""",1,1,1,1,1,1,1,1,1,1,,,,,,,"=""05028""",,,
"=""33""",SALEM,"=""1350""",Elsinboro Township School District,"=""050""",Elsinboro Township School,Mrs.,Laural,Kretzer,School Administrator,lkretzer@elsinboroschool.org,631 SALEM  FORT ELFSBORG ROAD," ",SALEM,NJ,"=""08079""",631 SALEM  FORT ELFSBORG ROAD," ",SALEM,NJ,"=""08079""",Mrs.,Julie,Hofacker,Anti-Bullying Specialist,,,,,"=""856-935-3817""",1,1,1,1,1,1,1,1,1,1,,,,,,,"=""05032""",,,
"=""33""",SALEM,"=""2950""",Mannington Township School District,"=""050""",Mannington Township Elementary School,Ms.,Kristin,Williams,Chief School Administrator,kwilliams@manningtonschool.org,495 ROUTE 45," ",SALEM,NJ,"=""08079-9801""",495 ROUTE 45," ",SALEM,NJ,"=""08079-9801""",Ms.,Kristin,Williams,Anti-Bullying Specialist,,,,,"=""856-935-1078""",1,1,1,1,1,1,1,1,1,1,,,,,,,"=""05036""",https://www.facebook.com/ManningtonTownshipSchool,https://www.instagram.com/495mts,
"=""33""",SALEM,"=""3860""",Oldmans Township School District,"=""010""",Oldmans Township School,Mr.,John,Ogbin,Chief School Administrator,jogbin@oldmans.org,10 FREED ROAD," ",PEDRICKTOWN,NJ,"=""08067-9610""",10 FREED ROAD," ",PEDRICKTOWN,NJ,"=""08067-9610""",Ms.,Jennie,Curran,Anti-Bullying Specialist,,,,,"=""856-299-4240""",1,1,1,1,1,1,1,1,1,1,,,,,,,"=""05042""",,,
"=""33""",SALEM,"=""4070""",Penns Grove-Carneys Point Regional School District,"=""090""",Field Street School,Dr.,Mary,Kwiatkowski,School Principal,mkwiatkowski@pgcpschools.org,144 FIELD STREET," ",CARNEYS POINT,NJ,"=""08069-1369""",144 FIELD STREET," ",CARNEYS POINT,NJ,"=""08069-1369""",Ms.,Madison,Jowett,Anti-Bullying Specialist,,,,,"=""856-299-0170""",,,1,1,1,,,,,,,,,,,,"=""05054""",,,
"=""33""",SALEM,"=""4070""",Penns Grove-Carneys Point Regional School District,"=""100""",Lafayette - Pershing,Dr.,Georgette,Meister,School Principal,gmeister@pgcpschools.org,237 SHELL ROAD," ",CARNEYS POINT,NJ,"=""08069-1369""",237 SHELL ROAD," ",CARNEYS POINT,NJ,"=""08069-1369""",Ms.,Charlyn,Martin,Anti-Bullying Specialist,,,,,"=""856-299-3230""",1,1,,,,,,,,,,,,,,,"=""05056""",,,
"=""33""",SALEM,"=""4070""",Penns Grove-Carneys Point Regional School District,"=""080""",Paul W Carleton,Mr.,Cameron,Baynes,School Principal,cbaynes@pgcpschool.org,251 MAPLE AVENUE," ",PENNS GROVE,NJ,"=""08069-1369""",251 MAPLE AVENUE," ",PENNS GROVE,NJ,"=""08069-1369""",Ms.,Amber,Pierce,Anti-Bullying Specialist,,,,,"=""856-299-1706""",,,,,,1,1,,,,,,,,,,"=""05052""",,,
"=""33""",SALEM,"=""4070""",Penns Grove-Carneys Point Regional School District,"=""050""",Penns Grove High School,Mrs.,Lory,O'Brien,School Principal,lobrien@pgcpschools.org,334 HARDING HIGHWAY," ",CARNEYS POINT,NJ,"=""08069-1369""",334 HARDING HIGHWAY," ",CARNEYS POINT,NJ,"=""08069-1369""",Ms.,Cara,DiGravio,Anti-Bullying Specialist,,,,,"=""856-299-6300""",,,,,,,,,,,1,1,1,1,,,"=""05048""",,,
"=""33""",SALEM,"=""4070""",Penns Grove-Carneys Point Regional School District,"=""105""",Penns Grove Middle School,Mr.,Abner,Mendoza,School Principal,amendoza@pgcpschools.org,351 MAPLE AVENUE," ",PENNS GROVE,NJ,"=""08069-1369""",351 MAPLE AVENUE," ",PENNS GROVE,NJ,"=""08069-1369""",Ms.,Denise,Johnson,Anti-Bullying Specialist,,,,,"=""856-299-0576""",,,,,,,,1,1,1,,,,,,,"=""05058""",,,
"=""33""",SALEM,"=""4075""",Pennsville School District,"=""060""",Central Park Elementary School,Mr.,Steve,Hindman,School Principal,shindman@pv-eagles.org,43 OLIVER AVE," ",PENNSVILLE,NJ,"=""08070-1531""",43 OLIVER AVE," ",PENNSVILLE,NJ,"=""08070-1531""",Ms.,Jennifer,Palestini,Anti-Bullying Specialist,,,,,"=""856-540-6200""",,1,1,1,1,,,,,,,,,,,,"=""05068""",,,
"=""33""",SALEM,"=""4075""",Pennsville School District,"=""078""",Penn Beach Elementary,Mr.,Mark,Zoppina,School Principal,mzoppina@pv-eagles.org,96 KANSAS RD," ",PENNSVILLE,NJ,"=""08070""",96 KANSAS RD," ",PENNSVILLE,NJ,"=""08070""",Mrs.,Nicole,Warrington,Anti-Bullying Specialist,,,,,"=""856-540-6200""",1,,,,1,1,1,,,,,,,,,,"=""05072""",,,
"=""33""",SALEM,"=""4075""",Pennsville School District,"=""050""",Pennsville Memorial High School,Mr.,Matthew,McFarland,School Principal,mmcfarland@pv-eagles.org,110 S  BROADWAY," ",PENNSVILLE,NJ,"=""08070-2060""",110 S  BROADWAY," ",PENNSVILLE,NJ,"=""08070-2060""",Mr.,Kevin,Lewis,Anti-Bullying Specialist,,,,,"=""856-540-6200""",,,,,,,,,,,1,1,1,1,,,"=""05064""",,,
"=""33""",SALEM,"=""4075""",Pennsville School District,"=""055""",Pennsville Middle School,Mr.,Adam,Slusher,School Principal,asluher@pv-eagles.org,4 WILLIAM PENN AVENUE," ",PENNSVILLE,NJ,"=""08070-1800""",4 WILLIAM PENN AVENUE," ",PENNSVILLE,NJ,"=""08070-1800""",Mrs.,Ashley,DiBartolo,Anti-Bullying Specialist,,,,,"=""856-540-6200""",,,,,,,,1,1,1,,,,,,,"=""05066""",,,
"=""33""",SALEM,"=""4075""",Pennsville School District,"=""090""",Valley Park Elementary School,Mrs.,Bobbie-Ann,Fordham,School Principal,bfordham@pv-eagles.org,63 Mahoney Road," ",PENNSVILLE,NJ,"=""08070""",63 Mahoney Road," ",PENNSVILLE,NJ,"=""08070""",Mrs.,Adrienne,Davis,Anti-Bullying Specialist,,,,,"=""856-540-6200""",1,1,1,,,,,,,,,,,,,,"=""05064""",,,
"=""33""",SALEM,"=""4150""",Pittsgrove Township School District,"=""040""",Arthur P. Schalick High School,Mrs.,Amanda,Gaunt-Merollo,School Principal,amerollo@pittsgrove.net,718 CENTERTON ROAD," ",PITTSGROVE,NJ,"=""08318-8901""",718 CENTERTON ROAD," ",PITTSGROVE,NJ,"=""08318-8901""",Mrs.,Breanna,Suppi,Anti-Bullying Specialist,,,,,"=""856-358-2054""",,,,,,,,,,,1,1,1,1,,,"=""05080""",,,
"=""33""",SALEM,"=""4150""",Pittsgrove Township School District,"=""080""",Elmer Elementary School,Mr.,Daniel,Bruce,School Principal,dbruce@pittsgrove.net,207 Front Street," ",Elmer,NJ,"=""08318""",207 Front Street," ",Elmer,NJ,"=""08318""",Mrs.,Kerry,Tedesco,Anti-Bullying Specialist,,,,,"=""856-358-6761""",,1,1,,,,,,,,,,,,,,"=""""",,,
"=""33""",SALEM,"=""4150""",Pittsgrove Township School District,"=""050""",Norma Elementary School,Mr.,Nicholas,Carpo,School Principal,ncarpo@pittsgrove.net,873 GERSHAL AVENUE," ",PITTSGROVE,NJ,"=""08318""",873 GERSHAL AVENUE," ",PITTSGROVE,NJ,"=""08318""",Mr.,Nicholas,Carpo,Anti-Bullying Specialist,,,,,"=""856-358-3094""",1,,,,,,,,,,,,,,,,"=""05082""",,,
"=""33""",SALEM,"=""4150""",Pittsgrove Township School District,"=""060""",Olivet Elementary School,Mr.,Tino,Monti,School Principal,tmonti@pittsgrove.net,235 SHEEP PEN ROAD," ",PITTSGROVE,NJ,"=""08318-8901""",235 SHEEP PEN ROAD," ",PITTSGROVE,NJ,"=""08318-8901""",Ms.,Tiffany,Duca,Anti-Bullying Specialist,,,,,"=""856-358-2081""",,,,1,1,1,,,,,,,,,,,"=""05084""",,,
"=""33""",SALEM,"=""4150""",Pittsgrove Township School District,"=""070""",Pittsgrove Township Middle School,Mrs.,Rory,Nordberg,School Principal,rnordberg@pittsgrove.net,1082 ALMOND ROAD," ",PITTSGROVE,NJ,"=""08318""",1082 ALMOND ROAD," ",PITTSGROVE,NJ,"=""08318""",Mr.,Geoffrey,Gates,Anti-Bullying Specialist,,,,,"=""856-358-8529""",,,,,,,1,1,1,1,,,,,,,"=""06056""",,,
"=""33""",SALEM,"=""4280""",Quinton Township School District,"=""050""",Quinton Township School,Mrs.,Gwen,Herman,Chief School Administrator,gherman@quintonschool.info,8 ROBINSON STREET,"PO BOX 365 ",QUINTON,NJ,"=""08072-0365""",8 ROBINSON STREET,"PO BOX 365 ",QUINTON,NJ,"=""08072-0365""",Mrs.,Jackie,Viereck,Anti-Bullying Specialist,,,,,"=""856-935-2379""",1,1,1,1,1,1,1,1,1,1,,,,,,,"=""05086""",,,
"=""33""",SALEM,"=""4630""",Salem City School District,"=""070""",John Fenwick Academy,Ms.,Syeda,Carter,School Principal,carter@salemnj.org,183 SMITH STREET," ",SALEM,NJ,"=""08079-9048""",183 SMITH STREET," ",SALEM,NJ,"=""08079-9048""",Ms.,Shavonne,Wilson,Anti-Bullying Specialist,,,,,"=""856-935-4100""",1,1,1,1,,,,,,,,,,,,,"=""05092""",,,
"=""33""",SALEM,"=""4630""",Salem City School District,"=""050""",Salem High School,Mr.,John,Mulhorn,School Principal,mulhorn@salemnj.org,219 WALNUT ST," ",SALEM,NJ,"=""08079-9048""",219 WALNUT ST," ",SALEM,NJ,"=""08079-9048""",Mr.,Darryl,Roberts,Anti-Bullying Specialist,,,,,"=""856-935-3900""",,,,,,,,,,,1,1,1,1,,,"=""05090""",,,
"=""33""",SALEM,"=""4630""",Salem City School District,"=""090""",Salem Middle School,Ms.,Pascale,Francois- DeVilme,School Principal,DeVilme@salemnj.org,51 NEW MARKET STREET," ",SALEM,NJ,"=""08079-9048""",51 NEW MARKET STREET," ",SALEM,NJ,"=""08079-9048""",Mr.,Mark,Baker,Anti-Bullying Specialist,,,,,"=""856-935-2700""",,,,,1,1,1,1,1,1,,,,,,,"=""05094""",,,
"=""33""",SALEM,"=""4635""",Salem County Special Services School District,"=""300""",Cumberland Campus,Mr.,Brian,Cummings,School Principal,bcummings@scsssd.net,13 Ramah Road," ",Bridgeton,NJ,"=""08302""",13 Ramah Road," ",Bridgeton,NJ,"=""08302""",Mrs.,Gwendolyn,Scott,Anti-Bullying Specialist,,,,,"=""856-459-1061""",1,1,1,1,1,1,1,1,1,1,1,1,1,1,,,"=""06102""",,,
"=""33""",SALEM,"=""4635""",Salem County Special Services School District,"=""050""",Daretown School,Mrs.,Rebecca,Cruz-Guy,School Principal,rcruzguy@scsssd.net,404 DARETOWN ROAD," ",ELMER,NJ,"=""08318""",404 DARETOWN ROAD," ",ELMER,NJ,"=""08318""",Mrs.,Karen,Stallings,Anti-Bullying Specialist,,,,,"=""856-358-2108""",1,1,1,1,1,1,1,1,1,1,1,1,1,1,,,"=""06102""",,,
"=""33""",SALEM,"=""4635""",Salem County Special Services School District,"=""009""",NJ Regional Day - Mannington,Mr.,James,Helder,School Principal,jhelder@scsssd.net,45 Cheney Road," ",WOODSTOWN,NJ,"=""08098-9451""",45 Cheney Road," ",WOODSTOWN,NJ,"=""08098-9451""",Mrs.,Maureen,Lewis,Anti-Bullying Specialist,,,,,"=""856-769-0101""",,1,1,1,1,1,1,1,1,1,1,1,1,1,,,"=""05986""",,,
"=""33""",SALEM,"=""4640""",Salem County Vocational Technical School District,"=""040""",Salem County Career and Technical High School,Mr.,Jason,Helder,School Principal,jhelder@scvts.org,880 Route 45," ",WOODSTOWN,NJ,"=""08098-0350""",880 Route 45," ",WOODSTOWN,NJ,"=""08098-0350""",Ms.,Lacey,DeBellis,Anti-Bullying Specialist,,,,,"=""856-769-0101""",,,,,,,,,,,1,1,1,1,,,"=""05098""",,,
"=""33""",SALEM,"=""2800""",The Lower Alloways Creek School District,"=""050""",Lower Alloways Creek Elementary School,Mr.,Michael,Lucchesi,School Administrator,mlucchesi@lacschool.org,967 MAIN ST CANTON," ",SALEM,NJ,"=""08079""",967 MAIN ST CANTON," ",SALEM,NJ,"=""08079""",Mr.,Michael,Lucchesi,Anti-Bullying Specialist,,,,,"=""856-935-2707""",1,1,1,1,1,1,1,1,1,1,,,,,,,"=""05034""",,,
"=""33""",SALEM,"=""5320""",UPPER PITTSGROVE TWP School District,"=""070""",Upper Pittsgrove School,Ms.,Kristin,Williams,Chief School Administrator,kwilliams@upsmailbox.net,235 PINE TAVERN ROAD," ",MONROEVILLE,NJ,"=""08343-9402""",235 PINE TAVERN ROAD," ",MONROEVILLE,NJ,"=""08343-9402""",Mr.,Philip,McFarland,Anti-Bullying Specialist,,,,,"=""856-358-8163""",1,1,1,1,1,1,1,1,1,1,,,,,,,"=""05110""",https://www.facebook.com/UPSPANTHERS,https://www.instagram.com/upperpittsgroveschool,
"=""33""",SALEM,"=""5910""",Woodstown-Pilesgrove Regional School District,"=""060""",Mary S. Shoemaker School,Mr.,Richard,Carr,School Principal,carr.r@woodstown.org,MARY S  SHOEMAKER SCHOOL,"201 E  MILLBROOKE AVE ",WOODSTOWN,NJ,"=""08098""",MARY S  SHOEMAKER SCHOOL,"201 E  MILLBROOKE AVE ",WOODSTOWN,NJ,"=""08098""",Mrs.,Rhianna,Byrne,Anti-Bullying Specialist,,,,,"=""856-769-0144""",,1,1,1,1,1,,,,,,,,,,,"=""05116""",,,
"=""33""",SALEM,"=""5910""",Woodstown-Pilesgrove Regional School District,"=""300""",William Roper Early Childhood Learning Center,Mrs.,Jennifer,Hildebrand,School Principal,hildebrand.j@woodstown.org,211 East Lake Road," ",Pilesgrove,NJ,"=""08098""",211 East Lake Road," ",Pilesgrove,NJ,"=""08098""",Ms.,Rhianna,Byrne,Anti-Bullying Specialist,,,,,"=""856-769-0144""",1,,,,,,,,,,,,,,,,"=""""",,,
"=""33""",SALEM,"=""5910""",Woodstown-Pilesgrove Regional School District,"=""050""",Woodstown High School,Mr.,Richard,Senor,School Principal,senor.r@woodstown.org,WOODSTOWN HIGH SCHOOL,"140 EAST AVENUE ",WOODSTOWN,NJ,"=""08098-1392""",WOODSTOWN HIGH SCHOOL,"140 EAST AVENUE ",WOODSTOWN,NJ,"=""08098-1392""",Ms.,Eliza,Cadorette-Rawley,Anti-Bullying Specialist,,,,,"=""856-769-0144""",,,,,,,,,,,1,1,1,1,,,"=""05114""",,,
"=""33""",SALEM,"=""5910""",Woodstown-Pilesgrove Regional School District,"=""070""",Woodstown Middle School,Mr.,Jeff,Podolski,School Principal,podolski.j@woodstown.org,WOODSTOWN MIDDLE SCHOOL,"15 LINCOLN AVENUE ",WOODSTOWN,NJ,"=""08098-1391""",WOODSTOWN MIDDLE SCHOOL,"15 LINCOLN AVENUE ",WOODSTOWN,NJ,"=""08098-1391""",Mrs.,Lauren,Zimmerman,Anti-Bullying Specialist,,,,,"=""856-769-0144""",,,,,,,1,1,1,1,,,,,,,"=""05118""",,,
"=""35""",SOMERSET,"=""0240""",Bedminster Township Public School District,"=""020""",Bedminster Township Public School,Mr.,Corby,Swan,School Principal,cswan@bedminsterschool.org,234 Somerville Road," ",Bedminster,NJ,"=""07921""",234 Somerville Road," ",Bedminster,NJ,"=""07921""",Ms.,Krista,Deckhut,Anti-Bullying Specialist,Mrs.,Lauren,Zugale,School Homeless Liaison,"=""908-234-0768""",1,1,1,1,1,1,1,1,1,1,,,,,,,"=""05120""",,,
"=""35""",SOMERSET,"=""0350""",Bernards Township School District,"=""070""",Cedar Hill School,Mrs.,Krissy,Uhler,School Principal,kuhler@bernardsboe.com,100 Peachtree Road," ",Basking Ridge,NJ,"=""07920""",100 Peachtree Road," ",Basking Ridge,NJ,"=""07920""",Mrs.,Molly,Mooney,Anti-Bullying Specialist,,,,,"=""908-204-2633""",,1,1,1,1,1,1,,,,,,,,,,"=""06021""",,,
"=""35""",SOMERSET,"=""0350""",Bernards Township School District,"=""080""",Liberty Corner School,Dr.,James,Oliver,School Principal,joliver@bernardsboe.com,61 Church Street," ",Liberty Corner,NJ,"=""07938""",61 Church Street," ",Liberty Corner,NJ,"=""07938""",Mr.,Eric,Rauschenberger,Anti-Bullying Specialist,,,,,"=""908-204-2550""",,1,1,1,1,1,1,,,,,,,,,,"=""05132""",,,
"=""35""",SOMERSET,"=""0350""",Bernards Township School District,"=""100""",Mount Prospect Elementary School,Dr.,Joanne,Hozeny,School Principal,jhozeny@bernardsboe.com,111 Hansom Road," ",Basking Ridge,NJ,"=""07920""",111 Hansom Road," ",Basking Ridge,NJ,"=""07920""",Ms.,Agnese,Gengaro,Anti-Bullying Specialist,,,,,"=""908-470-1600""",1,1,1,1,1,1,1,,,,,,,,,,"=""00355""",,,
"=""35""",SOMERSET,"=""0350""",Bernards Township School District,"=""060""",Oak Street School,Ms.,Holly,Foley,School Principal,hfoley@bernardsboe.com,70 West Oak Street," ",Basking Ridge,NJ,"=""07920-1735""",70 West Oak Street," ",Basking Ridge,NJ,"=""07920-1735""",Ms.,Mary,Kunzman,Anti-Bullying Specialist,,,,,"=""908-204-2565""",,1,1,1,1,1,1,,,,,,,,,,"=""05128""",,,
"=""35""",SOMERSET,"=""0350""",Bernards Township School District,"=""050""",Ridge High School,Dr.,Russell,Lazovick,School Principal,rlazovick@bernardsboe.com,268 South Finley Avenue," ",Basking Ridge,NJ,"=""07920-9439""",268 South Finley Avenue," ",Basking Ridge,NJ,"=""07920-9439""",Mr.,Chad,Gillikin,Anti-Bullying Specialist,,,,,"=""908-204-2585""",,,,,,,,,,,1,1,1,1,,,"=""05124""",,,
"=""35""",SOMERSET,"=""0350""",Bernards Township School District,"=""055""",William Annin Middle School,Ms.,Karen,Hudock,School Principal,khudock@bernardsboe.com,70 Quincy Road," ",Basking Ridge,NJ,"=""07920-2245""",70 Quincy Road," ",Basking Ridge,NJ,"=""07920-2245""",Ms.,Jamie,Sutton,Anti-Bullying Specialist,,,,,"=""908-204-2610""",,,,,,,,1,1,1,,,,,,,"=""05126""",,,
"=""35""",SOMERSET,"=""0490""",Bound Brook School District,"=""020""",Bound Brook High School,Mr.,Edward,Smith,School Principal,esmith@bbrook.k12.nj.us,111 West Union Avenue," ",Bound Brook,NJ,"=""08805""",111 West Union Avenue," ",Bound Brook,NJ,"=""08805""",Ms.,Esther,Quezada,Anti-Bullying Specialist,,,,,"=""732-652-7950""",,,,,,,,,,,1,1,1,1,,,"=""05144""",https://www.facebook.com/BBHSCrusaders,https://www.instagram.com/BBHSCrusader,
"=""35""",SOMERSET,"=""0490""",Bound Brook School District,"=""302""",Community Middle School,Mr.,Joseph,Santicerma,School Principal,jsanticerma@bbrook.k12.nj.us,120 East Second Street," ",Bound Brook,NJ,"=""08805""",120 East Second Street," ",Bound Brook,NJ,"=""08805""",Mr.,Adam,Raphael,Anti-Bullying Specialist,,,,,"=""732-852-1131""",,,,,,,,,1,1,,,,,,,"=""""",,,
"=""35""",SOMERSET,"=""0490""",Bound Brook School District,"=""036""",LaMonte-Annex Elementary School,Dr.,Hipolita,Hernandez-Sicignano,School Principal,hsicignano@bbrook.k12.nj.us,330 West Second Street," ",Bound Brook,NJ,"=""08805""",330 West Second Street," ",Bound Brook,NJ,"=""08805""",Ms.,Hipolita,Hernandez-Sicignano,Anti-Bullying Specialist,,,,,"=""732-652-7934""",1,1,1,1,,,,,,,,,,,,,"=""00790""",,https://www.instagram.com/lamonte.annex,
"=""35""",SOMERSET,"=""0490""",Bound Brook School District,"=""301""",Lafayette Elementary School,Ms.,Deirdre,Kehayas,School Principal,dkehayas@bbrook.k12.nj.us,60 West High Street," ",Bound Brook,NJ,"=""08805""",60 West High Street," ",Bound Brook,NJ,"=""08805""",Mrs.,Janeen,Kinney,Anti-Bullying Specialist,,,,,"=""732-652-7933""",,,,1,1,,,,,,,,,,,,"=""""",,,
"=""35""",SOMERSET,"=""0490""",Bound Brook School District,"=""303""",Smalley Elementary School,Ms.,April,Morgan,School Principal,amorgan@bbrook.k12.nj.us,163 Cherry Avenue," ",Bound Brook,NJ,"=""08805""",163 Cherry Avenue," ",Bound Brook,NJ,"=""08805""",Mr.,Jeffrey,Jaegel,Anti-Bullying Specialist,,,,,"=""732-652-7940""",,,,,,1,1,1,,,,,,,,,"=""""",,,
"=""35""",SOMERSET,"=""0510""",Branchburg Township School District,"=""020""",Branchburg Central Middle School,Dr.,Beth,Stanton,School Principal,bstanton@branchburg.k12.nj.us,220 Baird Road," ",Branchburg,NJ,"=""08876-3784""",220 Baird Road," ",Branchburg,NJ,"=""08876-3784""",Ms.,Jennifer,Morsella,Anti-Bullying Specialist,,,,,"=""908-526-1415""",,,,,,,,1,1,1,,,,,,,"=""05154""",,,
"=""35""",SOMERSET,"=""0510""",Branchburg Township School District,"=""060""",Stony Brook School,Ms.,Kristen,Kries,School Principal,kkries@branchburg.k12.nj.us,136 Cedar Grove Road," ",Branchburg,NJ,"=""08876""",136 Cedar Grove Road," ",Branchburg,NJ,"=""08876""",Ms.,Caroline,Och,Anti-Bullying Specialist,,,,,"=""908-722-2400""",,,,,,1,1,,,,,,,,,,"=""05158""",,,
"=""35""",SOMERSET,"=""0510""",Branchburg Township School District,"=""090""",Whiton Elementary School,Mrs.,Danielle,Shober,School Principal,dshober@branchburg.k12.nj.us,470 Whiton Road," ",Neshanic Station,NJ,"=""08853""",470 Whiton Road," ",Neshanic Station,NJ,"=""08853""",Ms.,Giulia,LoPiccolo-Stewart,Anti-Bullying Specialist,,,,,"=""908-371-0842""",1,1,1,1,1,,,,,,,,,,,,"=""00199""",,,
"=""35""",SOMERSET,"=""0555""",Bridgewater-Raritan Regional School District,"=""030""",Adamsville Primary School,Dr.,James,Singagliese,School Principal,jsingagliese@brrsd.k12.nj.us,400 Union Avenue," ",Bridgewater,NJ,"=""08807""",400 Union Avenue," ",Bridgewater,NJ,"=""08807""",Ms.,Rebecca,Moeri,Anti-Bullying Specialist,,,,,"=""908-526-6440""",1,1,1,1,1,,,,,,,,,,,,"=""05166""",,,
"=""35""",SOMERSET,"=""0555""",Bridgewater-Raritan Regional School District,"=""040""",Bradley Gardens Primary School,Mrs.,Barbara,Binford,School Principal,bbinford@brrsd.k12.nj.us,148 Pine Street," ",Bridgewater,NJ,"=""08807""",148 Pine Street," ",Bridgewater,NJ,"=""08807""",Ms.,Amie,Thomas,Anti-Bullying Specialist,,,,,"=""908-725-8444""",1,1,1,1,1,,,,,,,,,,,,"=""05168""",,,
"=""35""",SOMERSET,"=""0555""",Bridgewater-Raritan Regional School District,"=""005""",Bridgewater-Raritan High School,Mr.,Daniel,Hemberger,School Principal,dhemberger@brrsd.k12.nj.us,600 Garretson Road,"PO Box 6569 ",Bridgewater,NJ,"=""08807""",600 Garretson Road,"PO Box 6569 ",Bridgewater,NJ,"=""08807""",Mr.,Anthony,Appezzato,Anti-Bullying Specialist,,,,,"=""908-231-8660""",,,,,,,,,,,1,1,1,1,,,"=""00173""",,,
"=""35""",SOMERSET,"=""0555""",Bridgewater-Raritan Regional School District,"=""010""",Bridgewater-Raritan Middle School,Mrs.,Megan,Corliss,School Principal,mcorliss@brrsd.k12.nj.us,128 Merriwood Road,"PO Box 6933 ",Bridgewater,NJ,"=""08807""",128 Merriwood Road,"PO Box 6933 ",Bridgewater,NJ,"=""08807""",Ms.,Alyssa,Carothers,Anti-Bullying Specialist,,,,,"=""908-231-8661""",,,,,,,,1,1,1,,,,,,,"=""05162""",,,
"=""35""",SOMERSET,"=""0555""",Bridgewater-Raritan Regional School District,"=""045""",Crim Primary School,Mrs.,Kelliann,TenKate,School Principal,ktenkate@brrsd.k12.nj.us,1300 Crim Road," ",Bridgewater,NJ,"=""08807""",1300 Crim Road," ",Bridgewater,NJ,"=""08807""",Ms.,Jacquelyn,Spagnolo,Anti-Bullying Specialist,,,,,"=""908-231-1022""",,1,1,1,1,,,,,,,,,,,,"=""05170""",,,
"=""35""",SOMERSET,"=""0555""",Bridgewater-Raritan Regional School District,"=""048""",Eisenhower Intermediate School,Dr.,Laura,Bassett,School Principal,lbassett@brrsd.k12.nj.us,791 Eisenhower Avenue," ",Bridgewater,NJ,"=""08807""",791 Eisenhower Avenue," ",Bridgewater,NJ,"=""08807""",Ms.,Kimberly,Patullo,Anti-Bullying Specialist,,,,,"=""908-231-0230""",,,,,,1,1,,,,,,,,,,"=""05172""",,,
"=""35""",SOMERSET,"=""0555""",Bridgewater-Raritan Regional School District,"=""063""",Hamilton Primary School,Mr.,Timothy,Beaumont,School Principal,tbeaumont@brrsd.k12.nj.us,9 Hamilton Lane," ",Basking Ridge,NJ,"=""07920""",Hamilton Lane,"PO Box 6030 ",Bridgewater,NJ,"=""08807""",Ms.,Debra,Ianniciello,Anti-Bullying Specialist,,,,,"=""908-575-0050""",,1,1,1,1,,,,,,,,,,,,"=""06047""",,,
"=""35""",SOMERSET,"=""0555""",Bridgewater-Raritan Regional School District,"=""065""",Hillside Intermediate School,Dr.,Tali,Axelrod,School Principal,taxelrod@brrsd.k12.nj.us,844 Brown Road," ",Bridgewater,NJ,"=""08807-1239""",844 Brown Road," ",Bridgewater,NJ,"=""08807-1239""",Ms.,Lindsey,Singagliese,Anti-Bullying Specialist,,,,,"=""908-231-1905""",,,,,,1,1,,,,,,,,,,"=""05178""",,,
"=""35""",SOMERSET,"=""0555""",Bridgewater-Raritan Regional School District,"=""067""",John F. Kennedy Primary School,Mr.,Aldo,Russo,School Principal,arusso@brrsd.k12.nj.us,255 Woodmere Street," ",Raritan,NJ,"=""08869""",255 Woodmere Street," ",Raritan,NJ,"=""08869""",Ms.,Stephanie,Campisi,Anti-Bullying Specialist,,,,,"=""908-231-1179""",,1,1,1,1,,,,,,,,,,,,"=""05180""",,,
"=""35""",SOMERSET,"=""0555""",Bridgewater-Raritan Regional School District,"=""085""",Milltown Primary School,Mr.,Matthew,Lembo,School Principal,mlembo@brrsd.k12.nj.us,611 Milltown Road," ",Bridgewater,NJ,"=""08807""",611 Milltown Road," ",Bridgewater,NJ,"=""08807""",Ms.,Alexis,Harris,Anti-Bullying Specialist,,,,,"=""908-927-9510""",1,1,1,1,1,,,,,,,,,,,,"=""06126""",,,
"=""35""",SOMERSET,"=""0555""",Bridgewater-Raritan Regional School District,"=""105""",Van Holten Primary School,Mr.,George,Rauh,School Principal,grauh@brrsd.k12.nj.us,360 Van Holten Road," ",Bridgewater,NJ,"=""08807""",360 Van Holten Road," ",Bridgewater,NJ,"=""08807""",Ms.,Staci,Aguanno,Anti-Bullying Specialist,,,,,"=""908-231-1220""",1,1,1,1,1,,,,,,,,,,,,"=""05186""",,,
"=""35""",SOMERSET,"=""1610""",Franklin Township Public School District,"=""300""",Claremont Elementary School,Mr.,Miguel,Rivera,School Principal,miguelrivera@franklinboe.org,175 Claremont Road," ",Franklin Park,NJ,"=""08823""",175 Claremont Road," ",Franklin Park,NJ,"=""08823""",Ms.,Leslie Marie,Chong,Anti-Bullying Specialist,,,,,"=""732-873-0100""",1,1,1,1,1,1,1,,,,,,,,,,"=""""",,,
"=""35""",SOMERSET,"=""1610""",Franklin Township Public School District,"=""055""",Conerly Road School,Mr.,David,Heras,School Principal,dheras@franklinboe.org,35 Conerly Road," ",Somerset,NJ,"=""08873-2301""",35 Conerly Road," ",Somerset,NJ,"=""08873-2301""",Ms.,Amanda,Wance,Anti-Bullying Specialist,,,,,"=""732-249-9362""",1,1,1,1,1,1,1,,,,,,,,,,"=""05196""",,,
"=""35""",SOMERSET,"=""1610""",Franklin Township Public School District,"=""070""",Elizabeth Avenue School,Mr.,Gregory,Romero,School Principal,gromero@franklinboe.org,363 Elizabeth Avenue," ",Somerset,NJ,"=""08873-1105""",363 Elizabeth Avenue," ",Somerset,NJ,"=""08873-1105""",Ms.,Abigail,Stanton Schmidt,Anti-Bullying Specialist,,,,,"=""732-356-0113""",1,1,1,1,1,1,1,,,,,,,,,,"=""05198""",,,
"=""35""",SOMERSET,"=""1610""",Franklin Township Public School District,"=""050""",Franklin High School,Mrs.,Genesi,Miles,School Principal,gmiles@franklinboe.org,500 Elizabeth Avenue," ",Somerset,NJ,"=""08873-3001""",500 Elizabeth Avenue," ",Somerset,NJ,"=""08873-3001""",Ms.,Diondra,Simmons,Anti-Bullying Specialist,,,,,"=""732-302-4200""",,,,,,,,,,,1,1,1,1,,,"=""05194""",,,
"=""35""",SOMERSET,"=""1610""",Franklin Township Public School District,"=""160""",Franklin Middle School at Hamilton Street Campus,Ms.,Nubeja,Allen,School Principal,n-allen@franklinboe.org,415 Francis Street," ",Somerset,NJ,"=""08873-2827""",415 Francis Street," ",Somerset,NJ,"=""08873-2827""",Mr.,Trey,Mitchell,Anti-Bullying Specialist,,,,,"=""732-249-6410""",,,,,,,,1,1,1,,,,,,,"=""05212""",,,
"=""35""",SOMERSET,"=""1610""",Franklin Township Public School District,"=""150""",Franklin Middle School at Sampson G. Smith Campus,Mrs.,Rebekah,Solomon,School Principal,rysolomon@franklinboe.org,1649 Amwell Road," ",Somerset,NJ,"=""08873""",1649 Amwell Road," ",Somerset,NJ,"=""08873""",Ms.,Jennifer,Pasqua,Anti-Bullying Specialist,,,,,"=""732-873-2800""",,,,,,,,1,1,1,,,,,,,"=""00563""",,,
"=""35""",SOMERSET,"=""1610""",Franklin Township Public School District,"=""080""",Franklin Park School,Ms.,Angela,Pape,School Principal,apape@franklinboe.org,30 Eden Street," ",Franklin Park,NJ,"=""08823-1250""",30 Eden Street," ",Franklin Park,NJ,"=""08823-1250""",Ms.,Angela,Mosley,Anti-Bullying Specialist,,,,,"=""732-297-5666""",1,1,1,1,1,1,1,,,,,,,,,,"=""05200""",,,
"=""35""",SOMERSET,"=""1610""",Franklin Township Public School District,"=""100""",Hillcrest School,Ms.,Lorri,Vaccaro,School Principal,lvaccaro@franklinboe.org,500 Franklin Blvd," ",Somerset,NJ,"=""08873-3030""",500 Franklin Blvd," ",Somerset,NJ,"=""08873-3030""",Ms.,Christine,Jones,Anti-Bullying Specialist,,,,,"=""732-246-0170""",1,1,1,1,1,1,1,,,,,,,,,,"=""05202""",,,
"=""35""",SOMERSET,"=""1610""",Franklin Township Public School District,"=""115""",MacAfee Road School,Ms.,Karen,Adams,School Principal,kadams@franklinboe.org,53 Macafee Road," ",Somerset,NJ,"=""08873-2949""",53 Macafee Road," ",Somerset,NJ,"=""08873-2949""",Mr.,Ronald,Haskins,Anti-Bullying Specialist,,,,,"=""732-249-9097""",1,1,1,1,1,1,1,,,,,,,,,,"=""05206""",,,
"=""35""",SOMERSET,"=""1610""",Franklin Township Public School District,"=""140""",Pine Grove Manor School,Mr.,Edgar,Vazquez Molina,School Principal,evazquezmolina@franklinboe.org,130 Highland Avenue," ",Somerset,NJ,"=""08873-2063""",130 Highland Avenue," ",Somerset,NJ,"=""08873-2063""",Ms.,Gina,Jerez,Anti-Bullying Specialist,,,,,"=""732-246-2424""",1,1,1,1,1,1,1,,,,,,,,,,"=""05210""",,,
"=""35""",SOMERSET,"=""1810""",Green Brook Township Public School District,"=""030""",Green Brook Middle School,Mrs.,Alicia,Subervi,School Principal,asubervi@gbtps.org,132 Jefferson Avenue," ",Green Brook,NJ,"=""08812-2608""",132 Jefferson Avenue," ",Green Brook,NJ,"=""08812-2608""",Mrs.,Shaune,Casazza,Anti-Bullying Specialist,,,,,"=""732-968-1051""",,,,,,,1,1,1,1,,,,,,,"=""05216""",,,
"=""35""",SOMERSET,"=""1810""",Green Brook Township Public School District,"=""050""",Irene E. Feldkirchner Elementary School,Mrs.,Crista,Fenton,School Principal,cfenton@gbtps.org,105 Andrew Street," ",Green Brook,NJ,"=""08812-2505""",105 Andrew Street," ",Green Brook,NJ,"=""08812-2505""",Mrs.,Jamie,Devergillo,Anti-Bullying Specialist,,,,,"=""732-968-1052""",1,1,1,1,1,1,,,,,,,,,,,"=""05218""",,,
"=""35""",SOMERSET,"=""2170""",Hillsborough Township Public School District,"=""033""",Amsterdam Elementary School,Mrs.,Michele,Fisher,School Principal,mfisher@htps.us,301 Amsterdam Drive," ",Hillsborough,NJ,"=""08844""",301 Amsterdam Drive," ",Hillsborough,NJ,"=""08844""",Ms.,Swati,Vakani,Anti-Bullying Specialist,,,,,"=""908-431-6600""",1,1,1,1,1,1,,,,,,,,,,,"=""06068""",,,
"=""35""",SOMERSET,"=""2170""",Hillsborough Township Public School District,"=""034""",Auten Road Intermediate School,Dr.,Christopher,Carey,School Principal,ccarey@htps.us,281 Auten Road," ",Hillsborough,NJ,"=""08844""",281 Auten Road," ",Hillsborough,NJ,"=""08844""",Ms.,Nora,Brinkofski,Anti-Bullying Specialist,,,,,"=""908-431-6600""",,,,,,,1,1,,,,,,,,,"=""00357""",,,
"=""35""",SOMERSET,"=""2170""",Hillsborough Township Public School District,"=""030""",Hillsborough High School,Mr.,Jeff,DiLollo,School Principal,jdilollo@htps.us,466 Raider Boulevard," ",Hillsborough,NJ,"=""08844""",466 Raider Boulevard," ",Hillsborough,NJ,"=""08844""",Ms.,Cierra,Eckhardt,Anti-Bullying Specialist,,,,,"=""908-431-6600""",,,,,,,,,,,1,1,1,1,,,"=""05222""",,,
"=""35""",SOMERSET,"=""2170""",Hillsborough Township Public School District,"=""040""",Hillsborough Township Elementary School,Mrs.,Susan,Eckstein,School Principal,seckstein@htps.us,435 Route 206," ",Hillsborough,NJ,"=""08844""",435 Route 206," ",Hillsborough,NJ,"=""08844""",Ms.,Jennifer,Baccarini,Anti-Bullying Specialist,,,,,"=""908-431-6600""",,1,1,1,1,1,,,,,,,,,,,"=""05226""",,,
"=""35""",SOMERSET,"=""2170""",Hillsborough Township Public School District,"=""035""",Hillsborough Township Middle School,Dr.,Joseph,Trybulski,School Principal,jtrybulski@htps.us,260 Triangle Road," ",Hillsborough,NJ,"=""08844""",260 Triangle Road," ",Hillsborough,NJ,"=""08844""",Mrs.,Lisa,Grylls-White,Anti-Bullying Specialist,,,,,"=""908-431-6600""",,,,,,,,,1,1,,,,,,,"=""05224""",,,
"=""35""",SOMERSET,"=""2170""",Hillsborough Township Public School District,"=""060""",Sunnymead Elementary School,Dr.,Tammy,Jenkins,School Principal,tjenkins@htps.us,55 Sunnymead Road," ",Hillsborough,NJ,"=""08844""",55 Sunnymead Road," ",Hillsborough,NJ,"=""08844""",Ms.,Lydia,Costello,Anti-Bullying Specialist,,,,,"=""908-431-6600""",,1,1,1,1,1,,,,,,,,,,,"=""05228""",,,
"=""35""",SOMERSET,"=""2170""",Hillsborough Township Public School District,"=""070""",Triangle Elementary School,Mr.,Anthony,Aliperti,School Principal,aaliperti@htps.us,156 South  Triangle Road," ",Hillsborough,NJ,"=""08844""",156 South  Triangle Road," ",Hillsborough,NJ,"=""08844""",Ms.,Arielle,Kish,Anti-Bullying Specialist,,,,,"=""908-431-6600""",1,1,1,1,1,1,,,,,,,,,,,"=""05230""",,,
"=""35""",SOMERSET,"=""2170""",Hillsborough Township Public School District,"=""080""",Woodfern Elementary School,Dr.,Steven,Kerrigan,School Principal,skerrigan@htps.us,425 Woodfern Road," ",Hillsborough,NJ,"=""08844""",425 Woodfern Road," ",Hillsborough,NJ,"=""08844""",Ms.,Allison,Gelsomino,Anti-Bullying Specialist,,,,,"=""908-431-6600""",1,1,1,1,1,1,,,,,,,,,,,"=""05232""",,,
"=""35""",SOMERSET,"=""2170""",Hillsborough Township Public School District,"=""085""",Woods Road Elementary School,Mr.,Thomas (TR),Rathjen,School Principal,trathjen@htps.us,120 South Woods Road," ",Hillsborough,NJ,"=""08844""",120 South Woods Road," ",Hillsborough,NJ,"=""08844""",Ms.,Marissa,Tamuzza,Anti-Bullying Specialist,,,,,"=""908-431-6600""",1,1,1,1,1,1,,,,,,,,,,,"=""05234""",,,
"=""35""",SOMERSET,"=""3000""",Manville School District,"=""065""",Alexander Batcho Intermediate School,Mr.,Michael,Magliacano,School Principal,mmagliacano@manvillesd.org,100 North 13th Avenue," ",Manville,NJ,"=""08835""",100 North 13th Avenue," ",Manville,NJ,"=""08835""",Mrs.,Christine,Bachorik,Anti-Bullying Specialist,,,,,"=""908-231-8521""",,,,,,,1,1,1,1,,,,,,,"=""05240""",,,
"=""35""",SOMERSET,"=""3000""",Manville School District,"=""050""",Manville High School,Mr.,Adam,Wright,School Principal,awright@manvillesd.org,1100 Brooks Boulevard," ",Manville,NJ,"=""08835""",1100 Brooks Boulevard," ",Manville,NJ,"=""08835""",Ms.,Anjelica,Hoffman,Anti-Bullying Specialist,,,,,"=""908-231-6806""",,,,,,,,,,,1,1,1,1,,,"=""05238""",,,
"=""35""",SOMERSET,"=""3000""",Manville School District,"=""080""",Roosevelt School,Ms.,Alicia,Rissmiller,School Principal,arissmiller@manvillesd.org,410 Brooks Boulevard," ",Manville,NJ,"=""08835""",410 Brooks Boulevard," ",Manville,NJ,"=""08835""",Ms.,Theresa,Gonzalez,Anti-Bullying Specialist,,,,,"=""908-231-6809""",,,,,1,1,,,,,,,,,,,"=""00175""",,,
"=""35""",SOMERSET,"=""3000""",Manville School District,"=""090""",Weston Elementary School,Mrs.,Dorothy,Eason,School Principal,deason@manvillesd.org,600 Newark Avenue," ",Manville,NJ,"=""08835""",600 Newark Avenue," ",Manville,NJ,"=""08835""",Ms.,Dana,Correnti,Anti-Bullying Specialist,,,,,"=""908-231-8548""",1,1,1,1,,,,,,,,,,,,,"=""05244""",,,
"=""35""",SOMERSET,"=""3320""",Montgomery Township School District,"=""030""",Montgomery High School,Mrs.,Heather,Pino-Beattie,School Principal,hpino@mtsd.us,1016 Route 601," ",Skillman,NJ,"=""08558-1799""",1016 Route 601," ",Skillman,NJ,"=""08558-1799""",Mr.,Keith,Glock,Anti-Bullying Specialist,,,,,"=""609-466-7602""",,,,,,,,,,,1,1,1,1,,,"=""05250""",,,
"=""35""",SOMERSET,"=""3320""",Montgomery Township School District,"=""045""",Montgomery Lower Middle School,Mrs.,Lisa,Romano,School Principal,lromano@mtsd.us,373 Burnt Hill Road," ",Skillman,NJ,"=""08558""",373 Burnt Hill Road," ",Skillman,NJ,"=""08558""",Mr.,Brian,Cooper,Anti-Bullying Specialist,,,,,"=""609-466-7604""",,,,,,,1,1,,,,,,,,,"=""06130""",,,
"=""35""",SOMERSET,"=""3320""",Montgomery Township School District,"=""070""",Montgomery Upper Middle School,Mr.,Mark,Accardi,School Principal,maccardi@mtsd.us,375 Burnt Hill Road," ",Skillman,NJ,"=""08558-9401""",375 Burnt Hill Road," ",Skillman,NJ,"=""08558-9401""",Ms.,Christine,Grossmann,Anti-Bullying Specialist,,,,,"=""609-466-7603""",,,,,,,,,1,1,,,,,,,"=""06031""",,,
"=""35""",SOMERSET,"=""3320""",Montgomery Township School District,"=""080""",Orchard Hill Elementary School,Mr.,Daniel,Van Hise,School Principal,dvanhise@mtsd.us,244 Orchard Road," ",Skillman,NJ,"=""08558""",244 Orchard Road," ",Skillman,NJ,"=""08558""",Mrs.,Melissa,Patane,Anti-Bullying Specialist,,,,,"=""609-466-7605""",1,1,1,1,,,,,,,,,,,,,"=""05254""",,,
"=""35""",SOMERSET,"=""3320""",Montgomery Township School District,"=""105""",Village Elementary School,Ms.,Susan,Lacy,School Principal,slacy@mtsd.us,100 Main Boulevard," ",Skillman,NJ,"=""08558""",100 Main Boulevard," ",Skillman,NJ,"=""08558""",Mrs.,Jolene,Schantz,Anti-Bullying Specialist,,,,,"=""609-466-7606""",,,,,1,1,,,,,,,,,,,"=""00398""",,,
"=""35""",SOMERSET,"=""3670""",North Plainfield School District,"=""060""",East End School,Mr.,John,Lucas,School Principal,john_lucas@nplainfield.org,170 Oneida Avenue," ",North Plainfield,NJ,"=""07060-4421""",170 Oneida Avenue," ",North Plainfield,NJ,"=""07060-4421""",Ms.,Nicole,Divenuta,Anti-Bullying Specialist,,,,,"=""908-769-6070""",1,1,1,1,1,1,,,,,,,,,,,"=""05260""",,,
"=""35""",SOMERSET,"=""3670""",North Plainfield School District,"=""050""",North Plainfield High School,Mr.,Joseph,Krouse,School Principal,joseph_krouse@nplainfield.org,34 Wilson Avenue," ",North Plainfield,NJ,"=""07060-4075""",34 Wilson Avenue," ",North Plainfield,NJ,"=""07060-4075""",Ms.,Joelle,Bruno,Anti-Bullying Specialist,,,,,"=""908-769-6000""",,,,,,,,,,,1,1,1,1,,,"=""05258""",,,
"=""35""",SOMERSET,"=""3670""",North Plainfield School District,"=""300""",North Plainfield Middle School,Mr.,Robert,Lake,School Principal,robert_lake@nplainfield.org,34 Wilson Avenue," ",North Plainfield,NJ,"=""07060-4075""",34 Wilson Avenue," ",North Plainfield,NJ,"=""07060-4075""",Ms.,Lindsey,Mulry,Anti-Bullying Specialist,,,,,"=""908-769-6040""",,,,,,,,,1,1,,,,,,,"=""""",,,
"=""35""",SOMERSET,"=""3670""",North Plainfield School District,"=""080""",Somerset School,Ms.,Priscila,Weber,School Principal,priscila_weber@nplainfield.org,303 Somerset Street," ",North Plainfield,NJ,"=""07060""",303 Somerset Street," ",North Plainfield,NJ,"=""07060""",Ms.,Madeline,Gill,Anti-Bullying Specialist,,,,,"=""908-769-6080""",,,,,,,1,1,,,,,,,,,"=""05262""",,,
"=""35""",SOMERSET,"=""3670""",North Plainfield School District,"=""090""",Stony Brook School,Ms.,Olivia,Thomas,School Principal,liv_thomas@nplainfield.org,269 Grove Street," ",North Plainfield,NJ,"=""07060-4005""",269 Grove Street," ",North Plainfield,NJ,"=""07060-4005""",Ms.,Nancy,Reyes,Anti-Bullying Specialist,,,,,"=""908-769-6063""",1,1,1,1,1,1,,,,,,,,,,,"=""05264""",,,
"=""35""",SOMERSET,"=""3670""",North Plainfield School District,"=""110""",West End School,Ms.,Desiree,Robin,School Principal,desiree_robin@nplainfield.org,447 Greenbrook Road," ",North Plainfield,NJ,"=""07060-1738""",447 Greenbrook Road," ",North Plainfield,NJ,"=""07060-1738""",Ms.,Chelsea,Wolf,Anti-Bullying Specialist,,,,,"=""908-769-6083""",1,1,1,1,1,1,,,,,,,,,,,"=""05268""",,,
"=""35""",SOMERSET,"=""4805""",Somerset County Educational Services Commission School Distr,"=""060""",Somerset Elementary Academy,Mr.,Randy,Flaum,School Principal,rflaum@somersetcountyesc.org,7 Finderne Ave," ",Bridgewater,NJ,"=""08807""",991 Route 22 West,"Ste 301 ",Bridgewater,NJ,"=""08807""",Dr.,Allison,Moore,Anti-Bullying Specialist,,,,,"=""908-707-0070""",,1,1,1,1,1,1,1,1,1,,,,,,,"=""00070""",,,
"=""35""",SOMERSET,"=""4805""",Somerset County Educational Services Commission School Distr,"=""050""",Somerset Secondary Academy,Mr.,Randy,Flaum,School Principal,rflaum@somersetcountyesc.org,7 Finderne Ave," ",Bridgewater,NJ,"=""08807""",991 Route 22 West,"Ste 301 ",Bridgewater,NJ,"=""08807""",Dr.,Allison,Moore,Anti-Bullying Specialist,,,,,"=""908-707-0070""",,,,,,,,,,,1,1,1,1,,,"=""05918""",,,
"=""35""",SOMERSET,"=""4805""",Somerset County Educational Services Commission School Distr,"=""300""",The Career Center of the SCESC,Dr.,Allison,Moore,School Principal,amoore@somersetcountyesc.org,7 Finderne Avenue," ",Bridgewater,NJ,"=""08807""",991 Route 22 West,"Ste 301 ",Bridgewater,NJ,"=""08807""",Dr.,Allison,Moore,Anti-Bullying Specialist,,,,,"=""908-707-0070""",,,,,,,,1,1,1,1,1,1,1,,,"=""""",,,
"=""35""",SOMERSET,"=""4810""",Somerset County Vocational and Technical School District,"=""070""",Somerset County Vocational Technical High School,Mr.,Michael,Meyer,School Principal,mmeyer@scvts.net,14 Vogt Drive," ",Bridgewater,NJ,"=""08807-0350""",P.O. Box 6350," ",Bridgewater,NJ,"=""08807-0350""",Ms.,Maria,Santiago,Anti-Bullying Specialist,,,,,"=""908-526-8900""",,,,,,,,,,,1,1,1,1,,,"=""05278""",,,
"=""35""",SOMERSET,"=""4815""",Somerset Hills Regional School District,"=""020""",Bernards High School,Dr.,Scott,Neigel,School Principal,sneigel@shsd.org,25 Olcott Avenue," ",Bernardsville,NJ,"=""07924""",25 Olcott Avenue," ",Bernardsville,NJ,"=""07924""",Ms.,Jaime,Walker,Anti-Bullying Specialist,,,,,"=""908-630-3000""",,,,,,,,,,,1,1,1,1,,,"=""00176""",,,
"=""35""",SOMERSET,"=""4815""",Somerset Hills Regional School District,"=""040""",Bernardsville Middle School,Ms.,Lisa,Garofalo,School Principal,lgarofalo@shsd.org,141 Seney Drive," ",Bernardsville,NJ,"=""07924""",141 Seney Drive," ",Bernardsville,NJ,"=""07924""",Ms.,Michelle,Adkins,Anti-Bullying Specialist,,,,,"=""908-204-1916""",,,,,,,1,1,1,1,,,,,,,"=""00178""",,,
"=""35""",SOMERSET,"=""4815""",Somerset Hills Regional School District,"=""030""",Marion T. Bedwell Elementary School,Mr.,Scott,Wolfe,School Principal,swolfe@shsd.org,141 Seney Drive," ",Bernardsville,NJ,"=""07924""",141 Seney Drive," ",Bernardsville,NJ,"=""07924""",Ms.,Megan,Dooley,Anti-Bullying Specialist,,,,,"=""908-204-1920""",1,1,1,1,1,1,,,,,,,,,,,"=""00177""",,,
"=""35""",SOMERSET,"=""4820""",Somerville Public School District,"=""050""",Somerville High School,Mr.,Gerard,Foley,School Principal,gfoley@somervilleschools.org,222 Davenport Street," ",Somerville,NJ,"=""08876-1515""",222 Davenport Street," ",Somerville,NJ,"=""08876-1515""",Mrs.,Ashley,Joshi,Anti-Bullying Specialist,,,,,"=""908-218-4108""",,,,,,,,,,,1,1,1,1,,,"=""05284""",https://www.facebook.com/somervilleschools,https://www.instagram.com/somervillenjschools,
"=""35""",SOMERSET,"=""4820""",Somerville Public School District,"=""055""",Somerville Middle School,Mr.,Scott,Hade,School Principal,shade@somervilleschools.org,51 West Cliff Street," ",Somerville,NJ,"=""08876-1903""",51 West Cliff Street," ",Somerville,NJ,"=""08876-1903""",Ms.,Helena,Sroczynski,Anti-Bullying Specialist,,,,,"=""908-218-4107""",,,,,,,,1,1,1,,,,,,,"=""05288""",https://www.facebook.com/somervilleschools,https://www.instagram.com/somervillenjschools,
"=""35""",SOMERSET,"=""4820""",Somerville Public School District,"=""090""",Van Derveer Elementary School,Ms.,Lindsay,Frevert,School Principal,lfrevert@somervilleschools.org,51 Union Avenue," ",Somerville,NJ,"=""08876""",51 Union Avenue," ",Somerville,NJ,"=""08876""",Ms.,Paige,Agnello,Anti-Bullying Specialist,,,,,"=""908-218-4105""",1,1,1,1,1,1,1,,,,,,,,,,"=""05296""",https://www.facebook.com/somervilleschools,https://www.instagram.com/somervillenjschools,
"=""35""",SOMERSET,"=""4850""",South Bound Brook Public School District,"=""060""",Robert Morris School,Dr.,Lorise,Goeke,School Principal,goeke@southboundbrookk8.org,122 Elizabeth Street," ",South Bound Brook,NJ,"=""08880""",122 Elizabeth Street," ",South Bound Brook,NJ,"=""08880""",Mrs.,Madeline,Santiago,Anti-Bullying Specialist,,,,,"=""732-356-3018""",1,1,1,1,1,1,1,1,1,1,,,,,,,"=""00465""",,,
"=""35""",SOMERSET,"=""5470""",Warren Township School District,"=""040""",Angelo L. Tomaso School,Ms.,Christine,Smith,School Principal,csmith@warrentboe.org,46 Washington Valley Road," ",Warren,NJ,"=""07059""",46 Washington Valley Road," ",Warren,NJ,"=""07059""",Mrs.,Kelly,Blessing-Maire,Anti-Bullying Specialist,,,,,"=""908-753-5300""",,1,1,1,1,1,1,,,,,,,,,,"=""06106""",,,
"=""35""",SOMERSET,"=""5470""",Warren Township School District,"=""030""",Central School,Mrs.,Casey,Cupelli,School Principal,ccupelli@warrentboe.org,109 Mount Bethel Road," ",Warren,NJ,"=""07059""",109 Mount Bethel Road," ",Warren,NJ,"=""07059""",Ms.,Alyssa,Pech,Anti-Bullying Specialist,,,,,"=""908-753-5300""",,1,1,1,1,1,1,,,,,,,,,,"=""05306""",,,
"=""35""",SOMERSET,"=""5470""",Warren Township School District,"=""035""",Mt. Horeb School,Mr.,Scott,Cook,School Principal,scook@warrentboe.org,80 Mount Horeb Road," ",Warren,NJ,"=""07059-5531""",80 Mount Horeb Road," ",Warren,NJ,"=""07059-5531""",Dr.,Kelly,Stankiewicz,Anti-Bullying Specialist,,,,,"=""908-753-5300""",1,1,1,1,1,1,1,,,,,,,,,,"=""05310""",,,
"=""35""",SOMERSET,"=""5470""",Warren Township School District,"=""033""",Warren Middle School,Mr.,George,Villar,School Principal,gvillar@warrentboe.org,100 Old Stirling Road," ",Warren,NJ,"=""07060-5819""",100 Old Stirling Road," ",Warren,NJ,"=""07060-5819""",Ms.,Jaclyn,Cohen,Anti-Bullying Specialist,,,,,"=""908-753-5300""",,,,,,,,1,1,1,,,,,,,"=""05308""",,,
"=""35""",SOMERSET,"=""5470""",Warren Township School District,"=""050""",Woodland School,Mr.,Jeff,Heaney,School Principal,jheaney@warrentboe.org,114 Stirling Road," ",Warren,NJ,"=""07059""",114 Stirling Road," ",Warren,NJ,"=""07059""",Ms.,Alexandra,McWilliams,Anti-Bullying Specialist,,,,,"=""908-753-5300""",,1,1,1,1,1,1,,,,,,,,,,"=""00244""",,,
"=""35""",SOMERSET,"=""5540""",Watchung Borough School District,"=""040""",Bayberry School,Mrs.,Denise,Fichner,School Principal,dfichner@watchungschools.us,113 Bayberry Lane," ",Watchung,NJ,"=""07069""",113 Bayberry Lane," ",Watchung,NJ,"=""07069""",Mrs.,Kara,Fleming,Anti-Bullying Specialist,,,,,"=""908-755-8184""",1,1,1,1,1,1,,,,,,,,,,,"=""05316""",,,
"=""35""",SOMERSET,"=""5540""",Watchung Borough School District,"=""050""",Valley View School,Ms.,Karin,Kidd,School Principal,kkidd@watchungschools.us,50 Valley View Road," ",Watchung,NJ,"=""07069""",50 Valley View Road," ",Watchung,NJ,"=""07069""",Mrs.,Lauryn,MacLeod,Anti-Bullying Specialist,,,,,"=""908-755-4422""",,,,,,,1,1,1,1,,,,,,,"=""05318""",,,
"=""35""",SOMERSET,"=""5550""",Watchung Hills Regional High School District,"=""050""",Watchung Hills Regional High School,Dr.,William,Librera,School Principal,wlibrera@whrhs.org,108 Stirling Rd.," ",Warren,NJ,"=""07059-5772""",108 Stirling Rd.," ",Warren,NJ,"=""07059-5772""",Mr.,Jason,Sabino,Anti-Bullying Specialist,,,,,"=""908-647-4800""",,,,,,,,,,,1,1,1,1,,,"=""05320""",,,
"=""37""",SUSSEX,"=""0090""",Andover Regional School District,"=""010""",Florence M. Burd,Ms.,Nicole,Dilkes,School Principal,ndilkes@andoverregional.org,219 NEWTON SPARTA ROAD,"(ANDOVER TOWNSHIP) ",NEWTON,NJ,"=""07860""",219 NEWTON SPARTA ROAD,"(ANDOVER TOWNSHIP) ",NEWTON,NJ,"=""07860""",Ms.,Siobhan,Eilbacher,Anti-Bullying Specialist,,,,,"=""973-315-5257""",1,1,1,1,1,1,,,,,,,,,,,"=""05324""",,,
"=""37""",SUSSEX,"=""0090""",Andover Regional School District,"=""040""",Long Pond School,Mr.,Bryan,Fleming,School Principal,bfleming@andoverregional.org,707 LIMECREST RD,"(ANDOVER TOWNSHIP) ",NEWTON,NJ,"=""07860""",707 LIMECREST RD,"(ANDOVER TOWNSHIP) ",NEWTON,NJ,"=""07860""",Ms.,Bradley,Heinke,Anti-Bullying Specialist,,,,,"=""973-315-5256""",,,,,,,1,1,1,1,,,,,,,"=""05326""",,,
"=""37""",SUSSEX,"=""0640""",Byram Township School District,"=""030""",Byram Intermediate School,Mr.,Timothy,McCorkle,School Principal,mccorkle.timothy@byramschools.org,12 MANSFIELD DRIVE," ",STANHOPE,NJ,"=""07874""",12 MANSFIELD DRIVE," ",STANHOPE,NJ,"=""07874""",Mrs.,Jill,Wolak,Anti-Bullying Specialist,,,,,"=""973-347-1047""",,,,,,,1,1,1,1,,,,,,,"=""05334""",,,
"=""37""",SUSSEX,"=""0640""",Byram Township School District,"=""010""",Byram Lakes Elementary School,Dr.,Peter,Morris,School Principal,Morris.Peter@byramschools.org,11 MANSFIELD DRIVE," ",STANHOPE,NJ,"=""07874""",11 MANSFIELD DRIVE," ",STANHOPE,NJ,"=""07874""",Ms.,Katie,Winkleman,Anti-Bullying Specialist,,,,,"=""973-347-1047""",1,1,1,1,1,1,,,,,,,,,,,"=""00728""",,,
"=""37""",SUSSEX,"=""1560""",Frankford Township Consolidated School District,"=""050""",Frankford Township School,Mr.,David,Sylvester,School Principal,sylvesterd@frankfordschool.org,4 PINES ROAD," ",BRANCHVILLE,NJ,"=""07826""",2 PINES ROAD," ",BRANCHVILLE,NJ,"=""07826""",Mrs.,Jessica,Pistone,Anti-Bullying Specialist,,,,,"=""973-948-3727""",1,1,1,1,1,1,1,1,1,1,,,,,,,"=""05336""",,,
"=""37""",SUSSEX,"=""1570""",Franklin Borough School District,"=""060""",Franklin Borough School,Dr.,Lisa,Vallacchi,School Principal,lvallacchi@fboe.org,50 WASHINGTON AVENUE," ",FRANKLIN,NJ,"=""07416""",50 WASHINGTON AVENUE," ",FRANKLIN,NJ,"=""07416""",Mr.,Stephen,Untisz,Anti-Bullying Specialist,,,,,"=""973-827-9775""",1,1,1,1,1,1,1,1,1,1,,,,,,,"=""05342""",,,
"=""37""",SUSSEX,"=""1630""",Fredon Township School District,"=""050""",Fredon Township School,Dr.,Kelly,Hart,Chief School Administrator,khart@fredon.org,459 ROUTE 94," ",NEWTON,NJ,"=""07860""",459 ROUTE 94," ",NEWTON,NJ,"=""07860""",Mrs.,Kristel,Caffrey,Anti-Bullying Specialist,,,,,"=""973-383-4151""",1,1,1,1,1,1,1,1,,,,,,,,,"=""05344""",,,
"=""37""",SUSSEX,"=""1800""",Green Township School District,"=""060""",Green Hills School,Mr.,Jon Paul,Bollette,School Principal,jbollette@greenhills.org,69 MACKERLY ROAD," ",GREENDELL,NJ,"=""07839""",P.O. Box 14," ",GREENDELL,NJ,"=""07839""",Ms.,Marybeth,Stiles,Anti-Bullying Specialist,,,,,"=""973-300-3800""",1,1,1,1,1,1,1,1,1,1,,,,,,,"=""05350""",,,
"=""37""",SUSSEX,"=""1930""",Hamburg School District,"=""060""",Hamburg School,Dr.,Kimberly,Sigman,School Administrator,ksigman@hamburgschool.com,30 LINWOOD AVENUE," ",HAMBURG,NJ,"=""07419""",30 LINWOOD AVENUE," ",HAMBURG,NJ,"=""07419""",Ms.,Melissa,Garris,Anti-Bullying Specialist,Mr.,Robert,Baumgartner,School Homeless Liaison,"=""973-827-7570""",1,1,1,1,1,1,1,1,1,1,,,,,,,"=""05352""",,,
"=""37""",SUSSEX,"=""1980""",Hampton Township School District,"=""050""",Marian E. McKeown Elementary School,Dr.,Janet,Goodwin,School Principal,goodwin@mckeown.org,ONE SCHOOL ROAD," ",NEWTON,NJ,"=""07860""",ONE SCHOOL ROAD," ",NEWTON,NJ,"=""07860""",Mrs.,Gina,Bradley,Anti-Bullying Specialist,Dr.,Janet,Goodwin,School Homeless Liaison,"=""973-383-5300""",1,1,1,1,1,1,1,1,,,,,,,,,"=""05354""",,,
"=""37""",SUSSEX,"=""2030""",Hardyston Township School District,"=""050""",Hardyston Township Elementary School,Mrs.,Jennifer,Cimaglia,School Principal,jcimaglia@htps.org,50 ROUTE 23," ",FRANKLIN,NJ,"=""07416""",50 ROUTE 23," ",FRANKLIN,NJ,"=""07416""",Mrs.,Larissa,Potosnak,Anti-Bullying Specialist,Mrs.,Jarlyn,Veras,School Homeless Liaison,"=""973-823-7000""",1,1,1,1,1,1,,,,,,,,,,,"=""05356""",,,
"=""37""",SUSSEX,"=""2030""",Hardyston Township School District,"=""030""",Hardyston Township Middle School,Ms.,Megan,O'Mara,School Administrator,momara@htps.org,183 WHEATSWORTH ROAD," ",HAMBURG,NJ,"=""07419""",183 WHEATSWORTH ROAD," ",HAMBURG,NJ,"=""07419""",Mrs.,Alizah,Demczak,Anti-Bullying Specialist,,,,,"=""973-823-7000""",,,,,,,1,1,1,1,,,,,,,"=""00729""",,,
"=""37""",SUSSEX,"=""2165""",High Point Regional High School District,"=""030""",High Point Regional High School District,Mr.,Jonathan,Tallamy,School Principal,JTallamy@hpregional.org,299 PIDGEON HILL ROAD," ",SUSSEX,NJ,"=""07461-2733""",299 PIDGEON HILL ROAD," ",SUSSEX,NJ,"=""07461-2733""",Mr.,James,Rice,Anti-Bullying Specialist,,,,,"=""973-875-3101""",,,,,,,,,,,1,1,1,1,,,"=""05358""",,,
"=""37""",SUSSEX,"=""2240""",Hopatcong Borough School District,"=""035""",Durban Avenue Elementary School,Mrs.,Katherine,McFadden,School Principal,kmcfadden@hopatcongschools.org,616 Durban Avenue," ",Hopatcong,NJ,"=""07843""",PO Box 1029," ",Hopatcong,NJ,"=""07843""",Mrs.,Lisa,Osbun,Anti-Bullying Specialist,,,,,"=""973-398-8807""",1,1,1,,,,,,,,,,,,,,"=""05366""",,,
"=""37""",SUSSEX,"=""2240""",Hopatcong Borough School District,"=""030""",Hopatcong High School,Mrs.,Stephanie,Martinez,School Principal,smartinez@hopatcongschools.org,2A Windsor Ave," ",Hopatcong,NJ,"=""07843""",PO Box 1029," ",Hopatcong,NJ,"=""07843""",Mrs.,Danielle,Manisa,Anti-Bullying Specialist,,,,,"=""973-398-8803""",,,,,,,,,,1,1,1,1,1,,,"=""05362""",,,
"=""37""",SUSSEX,"=""2240""",Hopatcong Borough School District,"=""040""",Hopatcong Middle School,Mr.,Lewis,Benfatti,School Principal,lbenfatti@hopatcongschools.org,1 David Road," ",Hopatcong,NJ,"=""07843""",PO Box 1029," ",Hopatcong,NJ,"=""07843""",Mrs.,Melissa,Kennedy,Anti-Bullying Specialist,,,,,"=""973-398-8804""",,,,,,1,1,1,1,,,,,,,,"=""05905""",,,
"=""37""",SUSSEX,"=""2240""",Hopatcong Borough School District,"=""070""",Tulsa Trail Elementary School,Mr.,Brian,Byrne,School Principal,bbyrne@hopatcongschools.org,2 Tulsa Trail," ",Hopatcong,NJ,"=""07843""",PO Box 1029," ",Hopatcong,NJ,"=""07843""",Mrs.,Lisa,Osbun,Anti-Bullying Specialist,,,,,"=""973-398-8806""",,,,1,1,,,,,,,,,,,,"=""05370""",,,
"=""37""",SUSSEX,"=""2465""",Kittatinny Regional School District,"=""050""",Kittatinny Regional High School,Mr.,Brian,Bosworth,School Principal,bboswort@krhs.net,77 HALSEY ROAD," ",NEWTON,NJ,"=""07860""",77 HALSEY ROAD," ",NEWTON,NJ,"=""07860""",Mrs.,Sharon,Falchetta,Anti-Bullying Specialist,Mrs.,Amy,Dippel,School Homeless Liaison,"=""973-383-1800""",,,,,,,,,1,1,1,1,1,1,,,"=""05372""",,,
"=""37""",SUSSEX,"=""2490""",Lafayette Township School District,"=""050""",Lafayette Township School,Mr.,Michael,Gall,Chief School Administrator,mgall@ltes.org,178 BEAVER RUN ROAD," ",LAFAYETTE,NJ,"=""07848""",178 BEAVER RUN ROAD," ",LAFAYETTE,NJ,"=""07848""",Mr.,Gerard,Fazzio,Anti-Bullying Specialist,,,,,"=""973-875-3344""",1,1,1,1,1,1,1,1,1,1,,,,,,,"=""05374""",,,
"=""37""",SUSSEX,"=""2615""",Lenape Valley Regional High School District,"=""050""",Lenape Valley Regional High School,Mr.,Douglas,Reynolds,School Principal,dreynolds@lvhs.org,28 SPARTA ROAD,"PO BOX 578 ",STANHOPE,NJ,"=""07874""",28 SPARTA ROAD,"PO BOX 578 ",STANHOPE,NJ,"=""07874""",Mrs.,Lauren,Rossi,Anti-Bullying Specialist,,,,,"=""973-347-7600""",,,,,,,,,,,1,1,1,1,,,"=""05378""",https://www.facebook.com/LenapePatriots,https://www.instagram.com/lvrpatriotsofficialpage,https://x.com/lvrpatriots
"=""37""",SUSSEX,"=""3300""",Montague Township School District,"=""050""",Montague Township School,Mr.,James,Andriac,Chief School Administrator,jandriac@montagueschool.org,475 ROUTE 206," ",MONTAGUE,NJ,"=""07827""",475 ROUTE 206," ",MONTAGUE,NJ,"=""07827""",Mr.,James,Andriac,Anti-Bullying Specialist,Ms.,Samantha,Frost,School Homeless Liaison,"=""973-293-7131""",1,1,1,1,1,1,1,1,1,1,,,,,,,"=""05380""",,,
"=""37""",SUSSEX,"=""3590""",Newton Public School District,"=""060""",Halsted Middle School,Dr.,Samantha,Castro,School Principal,scastro@newtonnj.org,59 HALSTED STREET," ",NEWTON,NJ,"=""07860""",59 HALSTED STREET," ",NEWTON,NJ,"=""07860""",Mr.,Chris,Boyle,Anti-Bullying Specialist,,,,,"=""973-383-7440""",,,,,,,1,1,1,1,,,,,,,"=""05386""",,,
"=""37""",SUSSEX,"=""3590""",Newton Public School District,"=""070""",Merriam Avenue School,Mr.,Kevin,Stanton,School Principal,kstanton@newtonnj.org,81 MERRIAM AVENUE," ",NEWTON,NJ,"=""07860""",81 MERRIAM AVENUE," ",NEWTON,NJ,"=""07860""",Ms.,Meghan,Bracchioforte,Anti-Bullying Specialist,,,,,"=""973-383-7202""",1,1,1,1,1,1,,,,,,,,,,,"=""05388""",,,
"=""37""",SUSSEX,"=""3590""",Newton Public School District,"=""050""",Newton High School,Mr.,Jon,Deeb,School Principal,jdeeb@newtonnj.org,44 RYERSON AVENUE," ",NEWTON,NJ,"=""07860""",44 RYERSON AVENUE," ",NEWTON,NJ,"=""07860""",Ms.,Lisa,Bechtel,Anti-Bullying Specialist,,,,,"=""973-383-7573""",,,,,,,,,,,1,1,1,1,,,"=""05384""",,,
"=""37""",SUSSEX,"=""3840""",Ogdensburg Borough School District,"=""050""",Ogdensburg Borough School,Mr.,David,Astor,Chief School Administrator,dastor@obboe.org,100 MAIN STREET," ",OGDENSBURG,NJ,"=""07439""",100 MAIN STREET," ",OGDENSBURG,NJ,"=""07439""",Ms.,Leanne,Paolazzi,Anti-Bullying Specialist,,,,,"=""973-827-7126""",1,1,1,1,1,1,1,1,1,1,,,,,,,"=""05390""",,,
"=""37""",SUSSEX,"=""4650""",Sandyston-Walpack Consolidated School District,"=""050""",Sandyston Walpack Consolidated School,Ms.,Brooke,Phillips,School Principal,bphillips@sandystonwalpack.org,100 ROUTE 560,"PO BOX 128 ",LAYTON,NJ,"=""07851""",100 ROUTE 560,"PO BOX 128 ",LAYTON,NJ,"=""07851""",Mr.,Joseph,Nicolaro,Anti-Bullying Specialist,,,,,"=""973-948-4450""",1,1,1,1,1,1,1,1,,,,,,,,,"=""05392""",,,
"=""37""",SUSSEX,"=""4960""",Sparta Township Public School District,"=""070""",Alpine Elementary School,Ms.,KATIE,MADSEN,School Principal,katie.madsen@sparta.org,151 ANDOVER ROAD," ",SPARTA,NJ,"=""07871""",151 ANDOVER ROAD," ",SPARTA,NJ,"=""07871""",Ms.,Ellie,Campbell,Anti-Bullying Specialist,,,,,"=""973-729-3107""",1,1,1,1,,,,,,,,,,,,,"=""05402""",,,
"=""37""",SUSSEX,"=""4960""",Sparta Township Public School District,"=""060""",Helen Morgan School,Mr.,DOUGLAS,LAYMAN,School Principal,DOUGLAS.LAYMAN@SPARTA.ORG,100 STANHOPE ROAD," ",SPARTA,NJ,"=""07871""",100 STANHOPE ROAD," ",SPARTA,NJ,"=""07871""",Mrs.,TONI-ANN,LABAR,Anti-Bullying Specialist,,,,,"=""973-729-5770""",1,,,,,1,1,,,,,,,,,,"=""05400""",,,
"=""37""",SUSSEX,"=""4960""",Sparta Township Public School District,"=""300""",Mohawak Avenue School,Mr.,Peter,Miller,School Principal,peter.miller@sparta.org,18 Mohawk Avenue," ",SPARTA,NJ,"=""07871""",18 Mohawk Avenue," ",SPARTA,NJ,"=""07871""",Ms.,Heather,Yanoff,Anti-Bullying Specialist,,,,,"=""973-729-3107""",,,,,1,,,,,,,,,,,,"=""05402""",,,
"=""37""",SUSSEX,"=""4960""",Sparta Township Public School District,"=""050""",Sparta High School,Mr.,Edward,Lazzara,School Principal,edward.lazzara@sparta.org,70 WEST MOUNTAIN ROAD," ",SPARTA,NJ,"=""07871""",70 WEST MOUNTAIN ROAD," ",SPARTA,NJ,"=""07871""",Ms.,Victoria,Szabo,Anti-Bullying Specialist,,,,,"=""973-729-6191""",,,,,,,,,,,1,1,1,1,,,"=""05396""",,,
"=""37""",SUSSEX,"=""4960""",Sparta Township Public School District,"=""057""",Sparta Middle School,Mr.,FRANK,CIABURRI,School Principal,FRANK.CIABURRI@SPARTA.ORG,350 MAIN STREET," ",SPARTA,NJ,"=""07871""",350 MAIN STREET," ",SPARTA,NJ,"=""07871""",Ms.,BLAIR,SCRUDATO,Anti-Bullying Specialist,,,,,"=""973-729-3151""",,,,,,,,1,1,1,,,,,,,"=""00360""",,,
"=""37""",SUSSEX,"=""5030""",Stanhope School District,"=""050""",Valley Road School,Mrs.,Alicia,Finklea-DiCataldo,School Principal,afinklea-dicataldo@stanhopeschools.org,24 VALLEY ROAD," ",STANHOPE,NJ,"=""07874""",24 VALLEY ROAD," ",STANHOPE,NJ,"=""07874""",Mrs.,Alicia,Finklea-DiCataldo,Anti-Bullying Specialist,,,,,"=""973-347-0008""",1,1,1,1,1,1,1,1,1,1,,,,,,,"=""05404""",,,
"=""37""",SUSSEX,"=""5040""",Stillwater Township School District,"=""050""",Stillwater Township School,Mrs.,Marissa,Cramer,School Principal,marissa.cramer@stillwaterschool.net,904 STILLWATER ROAD,"PO BOX 12 ",STILLWATER,NJ,"=""07875""",PO BOX 12," ",STILLWATER,NJ,"=""07875""",Mrs.,Marissa,Cramer,Anti-Bullying Specialist,,,,,"=""973-383-6171""",1,1,1,1,1,1,1,1,,,,,,,,,"=""05406""",,,
"=""37""",SUSSEX,"=""5105""",Sussex County Educational Services Commission,"=""050""",Northern Hills Academy,Ms.,Kim,Gallagher,School Principal,kgallagher@sussexesc.org,10 GAIL COURT," ",SPARTA,NJ,"=""07871""",10 GAIL COURT," ",SPARTA,NJ,"=""07871""",Ms.,Andrea,Romano,Anti-Bullying Specialist,,,,,"=""973-579-6980""",,,1,1,1,1,1,1,1,1,1,1,1,1,,,"=""05960""",,,
"=""37""",SUSSEX,"=""5110""",Sussex County Technical School District,"=""010""",Sussex County Technical School,Ms.,Monica,Rowland,Interim Principal,monica.rowland@sussex.tec.nj.us,105 North Church Road," ",Sparta,NJ,"=""07871""",105 North Church Road," ",Sparta,NJ,"=""07871""",Ms.,Ada,Guarcello,Anti-Bullying Specialist,Ms.,Debra,Keiper,School Homeless Liaison,"=""973-383-6700""",,,,,,,,,,,1,1,1,1,,,"=""05416""",,,
"=""37""",SUSSEX,"=""5100""",Sussex-Wantage Regional School District,"=""020""",Clifton E. Lawrence,Mrs.,Kaleigh,Themelakis,School Principal,kthemelakis@swregional.org,31 RYAN ROAD," ",WANTAGE,NJ,"=""07461""",31 RYAN ROAD," ",WANTAGE,NJ,"=""07461""",Ms.,Rachel,Ferris,Anti-Bullying Specialist,,,,,"=""973-875-8820""",1,1,1,1,,,,,,,,,,,,,"=""05945""",,,
"=""37""",SUSSEX,"=""5100""",Sussex-Wantage Regional School District,"=""060""",Sussex Middle School,Mr.,Shane,Schwarz,School Principal,sschwarz@swregional.org,10 LOOMIS AVENUE," ",SUSSEX,NJ,"=""07461""",10 LOOMIS AVENUE," ",SUSSEX,NJ,"=""07461""",Ms.,Michelle,Iannuzzi,Anti-Bullying Specialist,,,,,"=""973-875-4138""",,,,,,,,1,1,1,,,,,,,"=""05410""",,,
"=""37""",SUSSEX,"=""5100""",Sussex-Wantage Regional School District,"=""070""",Wantage Elementary School,Mr.,Christopher,Gregory,School Principal,cgregory@swregional.org,815 ROUTE 23," ",WANTAGE,NJ,"=""07461""",815 ROUTE 23," ",WANTAGE,NJ,"=""07461""",Ms.,Nicole,McConnell,Anti-Bullying Specialist,,,,,"=""973-875-4589""",1,,,,1,1,1,,,,,,,,,,"=""05412""",,,
"=""37""",SUSSEX,"=""5360""",Vernon Township School District,"=""023""",Cedar Mountain Primary School,Mrs.,Kristin,Gudenkauf,School Principal,kgudenkauf@vtsd.com,17 SAMMIS ROAD,"PO BOX 420 ",VERNON,NJ,"=""07462-0420""",17 SAMMIS ROAD,"PO BOX 420 ",VERNON,NJ,"=""07462-0420""",Mrs.,Ingrid,Green,Anti-Bullying Specialist,,,,,"=""973-764-2890""",,1,1,,,,,,,,,,,,,,"=""06009""",https://www.facebook.com/CedarMountainPrimarySchool,https://www.instagram.com/cedarmtnschool,
"=""37""",SUSSEX,"=""5360""",Vernon Township School District,"=""025""",Glen Meadow Middle School,Dr.,Jacquelyn,Van Orden,School Principal,jvanorden@vtsd.com,7 SAMMIS ROAD,"PO BOX 516 ",VERNON,NJ,"=""07462-0516""",7 SAMMIS ROAD,"PO BOX 516 ",VERNON,NJ,"=""07462-0516""",Mrs.,Gina,Ferraro,Anti-Bullying Specialist,,,,,"=""973-764-8981""",,,,,,,,1,1,1,,,,,,,"=""05948""",https://www.facebook.com/glenmeadowmiddleschool,https://www.instagram.com/glen_meadow_middle_school,
"=""37""",SUSSEX,"=""5360""",Vernon Township School District,"=""030""",Lounsberry Hollow School,Mr.,Marc,Citro,School Principal,mcitro@vtsd.com,30 SAMMIS ROAD,"PO BOX 219 ",VERNON,NJ,"=""07462-0219""",30 SAMMIS ROAD,"PO BOX 219 ",VERNON,NJ,"=""07462-0219""",Mrs.,Donna,Picciuto,Anti-Bullying Specialist,,,,,"=""973-764-8745""",,,,,,1,1,,,,,,,,,,"=""05424""",https://www.facebook.com/lhhappenings,https://www.instagram.com/lhhappenings,
"=""37""",SUSSEX,"=""5360""",Vernon Township School District,"=""040""",Rolling Hills Primary School,Dr.,Pauline,Anderson,School Principal,panderson@vtsd.com,60 SAMMIS ROAD,"PO BOX 769 ",VERNON,NJ,"=""07462-0769""",60 SAMMIS ROAD,"PO BOX 769 ",VERNON,NJ,"=""07462-0769""",Mrs.,Alexa,Reinbold,Anti-Bullying Specialist,,,,,"=""973-764-2784""",,,,1,1,,,,,,,,,,,,"=""05426""",https://www.facebook.com/RollingHillsPrimarySchool,https://www.instagram.com/rh_happenings,
"=""37""",SUSSEX,"=""5360""",Vernon Township School District,"=""020""",Vernon Township High School,Mrs.,Lindsay,LeDuc-Young,School Principal,lleduc@vtsd.com,1832 ROUTE 565,"PO BOX 800 ",VERNON,NJ,"=""07462-0800""",1832 ROUTE 565,"PO BOX 800 ",VERNON,NJ,"=""07462-0800""",Mr.,Adam,Coleman,Anti-Bullying Specialist,,,,,"=""973-764-2960""",,,,,,,,,,,1,1,1,1,,,"=""05422""",,,
"=""37""",SUSSEX,"=""5360""",Vernon Township School District,"=""050""",Walnut Ridge School,Mrs.,Suzanne,MacDougall,School Principal,smacdougall@vtsd.com,625 ROUTE 517,"PO BOX 190 ",VERNON,NJ,"=""07462-0190""",625 ROUTE 517,"PO BOX 190 ",VERNON,NJ,"=""07462-0190""",Mrs.,Suzanne,MacDougall,Anti-Bullying Specialist,,,,,"=""973-764-2801""",1,,,,,,,,,,,,,,,,"=""05428""",https://www.facebook.com/walnutridgeschool,https://www.instagram.com/wr_happenings,
"=""37""",SUSSEX,"=""5435""",Wallkill Valley Regional High School,"=""060""",Wallkill Valley Regional High School,Mr.,David,Carr,Chief School Administrator,dcarr@wallkillvrhs.org,10 GRUMM ROAD," ",HARDYSTON TOWNSHIP,NJ,"=""07419""",10 GRUMM ROAD," ",HARDYSTON TOWNSHIP,NJ,"=""07419""",Mr.,Adam,Vazquez,Anti-Bullying Specialist,,,,,"=""973-827-4100""",,,,,,,,,,,1,1,1,1,,,"=""05949""",,,
"=""39""",UNION,"=""0310""",Berkeley Heights School District,"=""030""",Columbia Middle School,Ms.,Laura,Muller,School Principal,lmuller@bhpsnj.org,345 PLAINFIELD AVE," ",BERKELEY HTS,NJ,"=""07922-1436""",345 PLAINFIELD AVE," ",BERKELEY HTS,NJ,"=""07922-1436""",Ms.,Megan,Gallagan,Anti-Bullying Specialist,,,,,"=""908-464-1600""",,,,,,,,1,1,1,,,,,,,"=""05436""",,,
"=""39""",UNION,"=""0310""",Berkeley Heights School District,"=""005""",Governor Livingston High School,Ms.,Margaret (Meg),Berry,School Principal,megberry@bhpsnj.org,175 WATCHUNG BOULEVARD," ",BERKELEY HEIGHTS,NJ,"=""07922""",175 WATCHUNG BOULEVARD," ",BERKELEY HEIGHTS,NJ,"=""07922""",Ms.,Melissa,Mohr,Anti-Bullying Specialist,,,,,"=""908-464-3100""",,,,,,,,,,,1,1,1,1,,,"=""00201""",,,
"=""39""",UNION,"=""0310""",Berkeley Heights School District,"=""035""",Mary Kay McMillin Early Childhood Center,Mr.,James,Finley,School Principal,jfinley@bhpsnj.org,651 MOUNTAIN AVENUE," ",BERKELEY HEIGHTS,NJ,"=""07922""",651 MOUNTAIN AVENUE," ",BERKELEY HEIGHTS,NJ,"=""07922""",Dr.,Susan,Tennant,Anti-Bullying Specialist,,,,,"=""908-464-5583""",1,1,1,1,,,,,,,,,,,,,"=""00203""",,,
"=""39""",UNION,"=""0310""",Berkeley Heights School District,"=""040""",Mountain Park School,Mr.,Jonathan,Morisseau,School Principal,jmorisseau@bhpsnj.org,55 FAIRFAX DR," ",BERKELEY HTS,NJ,"=""07922-1832""",55 FAIRFAX DR," ",BERKELEY HTS,NJ,"=""07922-1832""",Ms.,Elizabeth,Doerrbecker,Anti-Bullying Specialist,,,,,"=""908-464-1713""",,,,,1,1,1,,,,,,,,,,"=""05440""",,,
"=""39""",UNION,"=""0310""",Berkeley Heights School District,"=""020""",Thomas P. Hughes School,Mr.,Chris,Derflinger,School Principal,cderflinger@bhpsnj.org,446 SNYDER AVE," ",BERKELEY HTS,NJ,"=""07922-2017""",446 SNYDER AVE," ",BERKELEY HTS,NJ,"=""07922-2017""",Ms.,Elizabeth,Bartlett,Anti-Bullying Specialist,,,,,"=""908-464-1717""",,,,,1,1,1,,,,,,,,,,"=""05434""",,,
"=""39""",UNION,"=""0310""",Berkeley Heights School District,"=""050""",William Woodruff School,Mrs.,Brenda,Marley,School Principal,bmarley@bhpsnj.org,BRIARWOOD DR WEST," ",BERKELEY HTS,NJ,"=""07922""",BRIARWOOD DR WEST," ",BERKELEY HTS,NJ,"=""07922""",Mrs.,Deborah,Velelis,Anti-Bullying Specialist,,,,,"=""908-464-1723""",,1,1,1,,,,,,,,,,,,,"=""05442""",,,
"=""39""",UNION,"=""0850""",Clark Township Public School District,"=""005""",Arthur L. Johnson High School,Ms.,Tara,Oliveira,School Principal,toliveira@clarkschools.org,365 WESTFIELD AVENUE," ",CLARK,NJ,"=""07066""",365 WESTFIELD AVENUE," ",CLARK,NJ,"=""07066""",Mr.,Steven,Kaelblein,Anti-Bullying Specialist,,,,,"=""732-382-0910""",,,,,,,,,,,1,1,1,1,,,"=""00205""",,https://www.instagram.com/aljhighschool,
"=""39""",UNION,"=""0850""",Clark Township Public School District,"=""035""",Carl H. Kumpf School,Ms.,Amanda,Clarke,School Principal,aclarke@clarkschools.org,59 MILDRED TERRACE," ",CLARK,NJ,"=""07066""",59 MILDRED TERRACE," ",CLARK,NJ,"=""07066""",Mr.,Joseph,Sortino,Anti-Bullying Specialist,,,,,"=""732-381-0400""",,,,,,,,1,1,1,,,,,,,"=""05452""",https://www.facebook.com/kumpf,,
"=""39""",UNION,"=""0850""",Clark Township Public School District,"=""301""",Clark Preschool,Ms.,Shirley,Bergin,School Principal,sbergin@clarkschool.sorg,365 Westfield Ave," ",Clark,NJ,"=""07066""",365 Westfield Ave," ",Clark,NJ,"=""07066""",Ms.,Joy,Donaldson,Anti-Bullying Specialist,,,,,"=""732-382-0910""",1,,,,,,,,,,,,,,,,"=""""",,,
"=""39""",UNION,"=""0850""",Clark Township Public School District,"=""300""",Clark Preschool Annex,Mrs.,Shirley,Bergin,School Principal,sbergin@clarkschools.org,430 Westfield Ave," ",Clark,NJ,"=""07066""",430 Westfield Ave," ",Clark,NJ,"=""07066""",Ms.,Joy,Donaldson,Anti-Bullying Specialist,,,,,"=""732-382-0910""",1,,,,,,,,,,,,,,,,"=""03295""",,,
"=""39""",UNION,"=""0850""",Clark Township Public School District,"=""030""",Frank K. Hehnly,Mrs.,Shirley,Bergin,School Principal,sbergin@clarkschools.org,590 RARITAN ROAD," ",CLARK,NJ,"=""07066""",590 RARITAN ROAD," ",CLARK,NJ,"=""07066""",Ms.,Tianna,Palumbo,Anti-Bullying Specialist,,,,,"=""732-381-8100""",,1,1,1,1,1,1,,,,,,,,,,"=""05450""",,,
"=""39""",UNION,"=""0850""",Clark Township Public School District,"=""040""",Valley Road School,Ms.,Mallory,Applebaum,School Principal,mapplebaum@clarkschools.org,150 VALLEY ROAD," ",CLARK,NJ,"=""07066""",150 VALLEY ROAD," ",CLARK,NJ,"=""07066""",Mrs.,Sarah,Badillo,Anti-Bullying Specialist,,,,,"=""732-388-7900""",,1,1,1,1,1,1,,,,,,,,,,"=""05454""",,,
"=""39""",UNION,"=""0980""",Cranford Public School District,"=""040""",Bloomingdale Avenue School,Mr.,Ron,Litz,School Principal,litz@cranfordschools.org,200 BLOOMINGDALE AVENUE," ",CRANFORD,NJ,"=""07016""",200 BLOOMINGDALE AVENUE," ",CRANFORD,NJ,"=""07016""",Ms.,Lauren,Biggiani,Anti-Bullying Specialist,,,,,"=""908-709-6969""",,1,1,1,,,,,,,,,,,,,"=""00206""",,,
"=""39""",UNION,"=""0980""",Cranford Public School District,"=""050""",Brookside Place School,Ms.,Kristen,D'Anna,School Principal,danna@cranfordschools.org,700 BROOKSIDE PLACE," ",CRANFORD,NJ,"=""07016""",700 BROOKSIDE PLACE," ",CRANFORD,NJ,"=""07016""",Ms.,Lauren,Biggiani,Anti-Bullying Specialist,,,,,"=""908-709-6244""",,1,1,1,1,1,1,,,,,,,,,,"=""05466""",,,
"=""39""",UNION,"=""0980""",Cranford Public School District,"=""030""",Cranford High School,Dr.,Gina,Donlevie,School Principal,donlevie@cranfordschools.org,201 WEST END PLACE," ",CRANFORD,NJ,"=""07016""",201 WEST END PLACE," ",CRANFORD,NJ,"=""07016""",Ms.,Toni,Anthony,Anti-Bullying Specialist,,,,,"=""908-709-6272""",,,,,,,,,,,1,1,1,1,,,"=""05458""",,,
"=""39""",UNION,"=""0980""",Cranford Public School District,"=""033""",Hillside Avenue School,Ms.,Nicole,Vaccaro,School Principal,vaccaro.nicole@cranfordschools.org,125 HILLSIDE AVENUE," ",CRANFORD,NJ,"=""07016""",125 HILLSIDE AVENUE," ",CRANFORD,NJ,"=""07016""",Ms.,Stella,Siciliano,Anti-Bullying Specialist,,,,,"=""908-709-6229""",,1,1,1,1,1,1,1,1,1,,,,,,,"=""05460""",,,
"=""39""",UNION,"=""0980""",Cranford Public School District,"=""080""",Livingston Avenue School,Ms.,Cari,Lopez,School Principal,lopez.cari@cranfordschools.org,75 LIVINGSTON AVENUE," ",CRANFORD,NJ,"=""07016""",75 LIVINGSTON AVENUE," ",CRANFORD,NJ,"=""07016""",Ms.,Grace,Rivetti,Anti-Bullying Specialist,,,,,"=""908-709-6248""",,,,,1,1,1,,,,,,,,,,"=""05470""",,,
"=""39""",UNION,"=""0980""",Cranford Public School District,"=""037""",Orange Avenue School,Mrs.,Lourdes,Murphy,School Principal,murphy@cranfordschools.org,901 ORANGE AVENUE," ",CRANFORD,NJ,"=""07016-2099""",901 ORANGE AVENUE," ",CRANFORD,NJ,"=""07016-2099""",Ms.,Joelle,Classen,Anti-Bullying Specialist,,,,,"=""908-709-6257""",,,,,1,1,1,1,1,1,,,,,,,"=""05462""",,,
"=""39""",UNION,"=""0980""",Cranford Public School District,"=""110""",Walnut Avenue School,Ms.,Celine,McNally,School Principal,McNally@cranfordschools.org,370 WALNUT AVENUE," ",CRANFORD,NJ,"=""07016""",370 WALNUT AVENUE," ",CRANFORD,NJ,"=""07016""",Ms.,Grace,Rivetti,Anti-Bullying Specialist,,,,,"=""908-709-6253""",1,1,1,1,,,,,,,,,,,,,"=""05474""",,,
"=""39""",UNION,"=""1320""",Elizabeth Public Schools,"=""170""",Abraham Lincoln School No. 14,Ms.,Diane,Matos-Reis,School Principal,matosdi@epsnj.org,50 Grove Street," ",ELIZABETH,NJ,"=""07202-2327""",50 Grove Street," ",ELIZABETH,NJ,"=""07202-2327""",Ms.,Tanya,Santucci,Anti-Bullying Specialist,,,,,"=""908-436-5828""",,1,1,1,1,1,1,1,1,1,,,,,,,"=""05508""",,,
"=""39""",UNION,"=""1320""",Elizabeth Public Schools,"=""402""",Admiral William F. Halsey Jr. Health & Public Safety Academy,Ms.,Veronica,Vega,School Principal,vegave@epsnj.org,641 South Street," ",Elizabeth,NJ,"=""07202""",641 South Street," ",Elizabeth,NJ,"=""07202""",Ms.,Desann,Brown,Anti-Bullying Specialist,,,,,"=""908-436-6600""",,,,,,,,,,,1,1,1,1,,,"=""03039""",,,
"=""39""",UNION,"=""1320""",Elizabeth Public Schools,"=""405""",Alexander Hamilton Preparatory Academy,Mr.,George,Mikros,School Principal,mikrosge@epsnj.org,310 Cherry St," ",Elizabeth,NJ,"=""07208""",310 Cherry St," ",Elizabeth,NJ,"=""07208""",Mrs.,Wendy,Maravi,Anti-Bullying Specialist,,,,,"=""908-436-6100""",,,,,,,,,,,1,1,1,1,,,"=""03043""",,,
"=""39""",UNION,"=""1320""",Elizabeth Public Schools,"=""160""",Benjamin Franklin School No. 13,Mrs.,Alina,Stewart,School Principal,stewaral@epsnj.org,248 RIPLEY PL," ",ELIZABETH,NJ,"=""07206-2122""",248 RIPLEY PL," ",ELIZABETH,NJ,"=""07206-2122""",Mr.,Daniel,Kaingu,Anti-Bullying Specialist,,,,,"=""908-436-5700""",,1,1,1,1,1,1,1,1,1,,,,,,,"=""05506""",,,
"=""39""",UNION,"=""1320""",Elizabeth Public Schools,"=""305""",Chessie Dentley Roberts Academy School No. 30,Ms.,Arlene Frances,Campbell,School Principal,CampbeAr@epsnj.org,730 PENNSYLVANIA AVE," ",ELIZABETH,NJ,"=""07208""",730 PENNSYLVANIA AVE," ",ELIZABETH,NJ,"=""07208""",Ms.,Laura,Bellevue,Anti-Bullying Specialist,,,,,"=""908-436-6950""",1,1,1,1,1,1,1,1,1,1,,,,,,,"=""00825""",,,
"=""39""",UNION,"=""1320""",Elizabeth Public Schools,"=""180""",Christopher Columbus School No. 15,Dr.,Gina,Donahue,School Principal,donahuegi@epsnj.org,511 THIRD AVE," ",ELIZABETH,NJ,"=""07202-3907""",511 THIRD AVE," ",ELIZABETH,NJ,"=""07202-3907""",Ms.,Shayra,Bustamante,Anti-Bullying Specialist,,,,,"=""908-436-5730""",,1,1,1,1,1,1,1,1,1,,,,,,,"=""05510""",,,
"=""39""",UNION,"=""1320""",Elizabeth Public Schools,"=""355""",Donald Stewart Early Childhood Center No 51,Ms.,Jocelyn,Rodriguez,School Principal,rodrigjoc@epsnj.org,544 PENNSYLVANIA AVENUE," ",ELIZABETH,NJ,"=""07207""",544 PENNSYLVANIA AVENUE," ",ELIZABETH,NJ,"=""07207""",Mrs.,Margarita,Torres,Anti-Bullying Specialist,,,,,"=""908-436-6410""",1,,,,,,,,,,,,,,,,"=""06131""",,,
"=""39""",UNION,"=""1320""",Elizabeth Public Schools,"=""295""",Dr. Albert Einstein Academy School No. 29,Mrs.,Maria,Labrador,School Principal,labradorma@epsnj.org,919 NORTH BROAD STREET," ",ELIZABETH,NJ,"=""07208""",919 NORTH BROAD STREET," ",ELIZABETH,NJ,"=""07208""",Mrs.,Kerry,O'Connor,Anti-Bullying Specialist,,,,,"=""908-436-6900""",1,1,1,1,1,1,1,1,1,1,,,,,,,"=""00806""",,,
"=""39""",UNION,"=""1320""",Elizabeth Public Schools,"=""310""",Dr. Antonia Pantoja School No. 27,Mrs.,Veronica,Alvero,School Principal,alverove@epsnj.org,505 -517 MORRIS AVENUE," ",ELIZABETH,NJ,"=""07208""",505 -517 MORRIS AVENUE," ",ELIZABETH,NJ,"=""07208""",Ms.,Ana,Reis-Alvarez,Anti-Bullying Specialist,,,,,"=""908-436-3900""",1,1,1,1,1,1,1,1,1,1,,,,,,,"=""02997""",,,
"=""39""",UNION,"=""1320""",Elizabeth Public Schools,"=""360""",Dr. Martin Luther King Jr. Early Childhood Center No 52,Mrs.,Gladys,Castellanos,School Principal,CastelGl@epsnj.org,130 TRUMBULL STREET," ",ELIZABETH,NJ,"=""07206""",130 TRUMBULL STREET," ",ELIZABETH,NJ,"=""07206""",Ms.,Jennifer,Fandino,Anti-Bullying Specialist,,,,,"=""908-436-6450""",1,,,,,,,,,,,,,,,,"=""00567""",,,
"=""39""",UNION,"=""1320""",Elizabeth Public Schools,"=""290""",Dr. Orlando Edreira Academy School No. 26,Mr.,Howard,Teitelbaum,School Principal,teitelho@epsnj.org,1014 South Elmora Avenue," ",ELIZABETH,NJ,"=""07202""",1014 South Elmora Avenue," ",ELIZABETH,NJ,"=""07202""",Ms.,Lourdes,Soto,Anti-Bullying Specialist,,,,,"=""908-436-5970""",1,1,1,1,1,1,1,1,1,1,,,,,,,"=""00245""",,,
"=""39""",UNION,"=""1320""",Elizabeth Public Schools,"=""025""",Elizabeth High School - Frank J Cicarell Academy,Mr.,Michael,Cummings,School Principal,cumminmi@epsnj.org,40 Morrell Street," ",ELIZABETH,NJ,"=""07202""",40 Morrell Street," ",ELIZABETH,NJ,"=""07202""",Ms.,Christine,Rappa,Anti-Bullying Specialist,,,,,"=""908-436-5870""",,,,,,,,,,,1,1,1,1,,,"=""05478""",,,
"=""39""",UNION,"=""1320""",Elizabeth Public Schools,"=""150""",Elmora School No. 12,Mrs.,Melissa,Kulick,School Principal,kulickme@epsnj.org,638 MAGIE AVE," ",ELIZABETH,NJ,"=""07208-1505""",638 MAGIE AVE," ",ELIZABETH,NJ,"=""07208-1505""",Ms.,Yomaira,Carrero-Iglesia,Anti-Bullying Specialist,,,,,"=""908-436-5650""",,1,1,1,1,1,1,1,1,1,,,,,,,"=""05504""",,,
"=""39""",UNION,"=""1320""",Elizabeth Public Schools,"=""350""",Frances C. Smith Early Childhood Center No 50,Ms.,Linda,Trebino,School Principal,trebinoli@epsnj.org,1000 SOUTH ELMORA AVE," ",ELIZABETH,NJ,"=""07202""",1000 SOUTH ELMORA AVE," ",ELIZABETH,NJ,"=""07202""",Mrs.,Daniela,Tropeano,Anti-Bullying Specialist,,,,,"=""908-436-6380""",1,,,,,,,,,,,,,,,,"=""00467""",,,
"=""39""",UNION,"=""1320""",Elizabeth Public Schools,"=""090""",George Washington Academy School No. 1,Mr.,Shawn,Black,School Principal,blacksh@epsnj.org,250 BROADWAY," ",ELIZABETH,NJ,"=""07206-1857""",250 BROADWAY," ",ELIZABETH,NJ,"=""07206-1857""",Ms.,Jameelah,Ward,Anti-Bullying Specialist,,,,,"=""908-436-5555""",1,1,1,1,1,1,1,1,1,1,,,,,,,"=""05492""",,,
"=""39""",UNION,"=""1320""",Elizabeth Public Schools,"=""303""",J. Christian Bollwage Finance Academy,Mr.,James,Mondesir,School Principal,mondesirja@epsnj.org,447 Richmond Street," ",Elizabeth,NJ,"=""07202""",447 Richmond Street," ",Elizabeth,NJ,"=""07202""",Ms.,Carmen,Sierra,Anti-Bullying Specialist,,,,,"=""908-436-6500""",,,,,,,,,,,1,1,1,1,,,"=""""",,,
"=""39""",UNION,"=""1320""",Elizabeth Public Schools,"=""302""",Jerome Dunn Academy No 9,Ms.,Cristina,Viegas,School Principal,viegascr@epsnj.org,125 Third Street," ",Elizabeth,NJ,"=""07206""",125 Third Street," ",Elizabeth,NJ,"=""07206""",Ms.,Sofia,Verma,Anti-Bullying Specialist,,,,,"=""908-436-5580""",,1,1,1,1,1,1,1,1,1,,,,,,,"=""""",,,
"=""39""",UNION,"=""1320""",Elizabeth Public Schools,"=""401""",John E. Dwyer Technology Academy,Mrs.,Sulisnet,Jimenez,School Principal,jimenesu@epsnj.org,123 Pearl St," ",Elizabeth,NJ,"=""07202""",123 Pearl St," ",Elizabeth,NJ,"=""07202""",Ms.,Judith,Valdez,Anti-Bullying Specialist,,,,,"=""908-436-6565""",,,,,,,,,,,1,1,1,1,,,"=""03071""",,,
"=""39""",UNION,"=""1320""",Elizabeth Public Schools,"=""230""",John Marshal School No. 20,Mrs.,Nichol,Comas,School Principal,comasni@epsnj.org,521 MAGNOLIA AVE," ",ELIZABETH,NJ,"=""07206-1406""",521 MAGNOLIA AVE," ",ELIZABETH,NJ,"=""07206-1406""",Ms.,Sara,Brown,Anti-Bullying Specialist,,,,,"=""908-436-5800""",,1,1,1,1,1,1,1,1,1,,,,,,,"=""05520""",,,
"=""39""",UNION,"=""1320""",Elizabeth Public Schools,"=""035""",Joseph Battin School No 4,Ms.,Jerika,Fernandez,School Principal,fernandezjer@epsnj.org,501 Union Avenue," ",ELIZABETH,NJ,"=""07208""",501 Union Avenue," ",ELIZABETH,NJ,"=""07208""",Ms.,Andreia,Giuca,Anti-Bullying Specialist,,,,,"=""908-436-6300""",1,1,1,1,1,1,1,1,1,1,,,,,,,"=""05482""",,,
"=""39""",UNION,"=""1320""",Elizabeth Public Schools,"=""315""",Juan Pablo Duarte - Jose Julian Marti School No 28,Mrs.,Evelyn,Rodriguez-Salcedo,School Principal,rodrigev@epsnj.org,25 FIRST STREET," ",ELIZABETH,NJ,"=""07206""",25 FIRST STREET," ",ELIZABETH,NJ,"=""07206""",Ms.,Christine,Flaherty,Anti-Bullying Specialist,,,,,"=""908-436-3950""",1,1,1,1,1,1,1,1,1,1,,,,,,,"=""02983""",,,
"=""39""",UNION,"=""1320""",Elizabeth Public Schools,"=""304""","K. Johnson, D. Vaughan, and M. Jackson STEM Academy",Mr.,Theodore,Panagopoulos,School Principal,panagoth@epsnj.org,237 South Broad Street," ",Elizabeth,NJ,"=""07202""",237 South Broad Street," ",Elizabeth,NJ,"=""07202""",Ms.,Daniela,Grinienko,Anti-Bullying Specialist,,,,,"=""908-436-5023""",,,,,,,,,,,1,1,1,1,,,"=""03519""",,,
"=""39""",UNION,"=""1320""",Elizabeth Public Schools,"=""300""",Mabel G. Holmes School No. 5,Mr.,Colomb,Petit,School Principal,petitco@epsnj.org,650 Bayway Avenue," ",ELIZABETH,NJ,"=""07202""",650 Bayway Avenue," ",ELIZABETH,NJ,"=""07202""",Ms.,Yessenia,Torres,Anti-Bullying Specialist,,,,,"=""908-436-6270""",1,1,1,1,1,1,1,1,1,1,,,,,,,"=""00071""",,,
"=""39""",UNION,"=""1320""",Elizabeth Public Schools,"=""190""",Madison Monroe School No. 16,Ms.,Maria,Gaeta,School Principal,gaetama@epsnj.org,1091 NORTH AVE," ",ELIZABETH,NJ,"=""07201-1612""",1091 NORTH AVE," ",ELIZABETH,NJ,"=""07201-1612""",Mr.,Melvin,Luciano,Anti-Bullying Specialist,,,,,"=""908-436-5770""",1,1,1,1,1,1,1,1,1,1,,,,,,,"=""05512""",,,
"=""39""",UNION,"=""1320""",Elizabeth Public Schools,"=""260""",Nicholas Murray Butler Academy School No. 23,Ms.,Berthenia,Harmon,School Principal,harmonbe@epsnj.org,631-657 Westminster Avenue," ",ELIZABETH,NJ,"=""07208-2126""",631-657 Westminster Avenue," ",ELIZABETH,NJ,"=""07208-2126""",Ms.,Kenyetta,Jackson,Anti-Bullying Specialist,,,,,"=""908-436-5900""",,1,1,1,1,1,1,1,1,1,,,,,,,"=""05526""",,,
"=""39""",UNION,"=""1320""",Elizabeth Public Schools,"=""110""",Nicholas S. Lacorte-Peterstown School No. 3,Ms.,Jennifer,Campel,School Principal,campelje@epsnj.org,700 SECOND AVE," ",ELIZABETH,NJ,"=""07202-3823""",700 SECOND AVE," ",ELIZABETH,NJ,"=""07202-3823""",Ms.,Dinorah,Mejia,Anti-Bullying Specialist,,,,,"=""908-436-6230""",,1,1,1,1,1,1,1,1,1,,,,,,,"=""05962""",,,
"=""39""",UNION,"=""1320""",Elizabeth Public Schools,"=""210""",Robert Morris School No. 18,Mr.,Oscar,Crespo,School Principal,crespoos@epsnj.org,860 CROSS AVE," ",ELIZABETH,NJ,"=""07208-3547""",860 CROSS AVE," ",ELIZABETH,NJ,"=""07208-3547""",Mr.,Antonio,Sapio,Anti-Bullying Specialist,,,,,"=""908-436-6000""",,1,1,1,1,1,1,1,1,1,,,,,,,"=""05516""",,,
"=""39""",UNION,"=""1320""",Elizabeth Public Schools,"=""280""",Sonia Sotomayor School No 25,Mrs.,Christina,Francisco,School Principal,silveich@epsnj.org,525 FIRST AVENUE," ",ELIZABETH,NJ,"=""07206""",525 FIRST AVENUE," ",ELIZABETH,NJ,"=""07206""",Ms.,Colleen,Reynolds,Anti-Bullying Specialist,,,,,"=""908-436-5930""",,1,1,1,1,1,1,1,1,1,,,,,,,"=""00207""",,,
"=""39""",UNION,"=""1320""",Elizabeth Public Schools,"=""030""",Terence C. Reilly School No 7,Mrs.,Jenny,Reguinho,School Principal,reguinhoje@epsnj.org,436 First Avenue," ",ELIZABETH,NJ,"=""07206""",436 First Avenue," ",ELIZABETH,NJ,"=""07206""",Ms.,Meghan,Courtney,Anti-Bullying Specialist,,,,,"=""908-436-6030""",1,,,1,1,1,1,1,1,1,,,,,,,"=""00013""",,,
"=""39""",UNION,"=""1320""",Elizabeth Public Schools,"=""404""",Thomas A. Edison Career and Technical Academy,Mr.,Danny,Ortiz,School Principal,ortizda@epsnj.org,625 Summer St," ",Elizabeth,NJ,"=""07202""",625 Summer St," ",Elizabeth,NJ,"=""07202""",Mr.,Ishmael,Medley,Anti-Bullying Specialist,,,,,"=""908-436-6800""",,,,,,,,,,,1,1,1,1,,,"=""03045""",,,
"=""39""",UNION,"=""1320""",Elizabeth Public Schools,"=""403""",Thomas Jefferson Arts Academy,Dr.,Mona,Wanis,School Principal,wanismo@epsnj.org,27 Martin Luther King Jr Plaza," ",Elizabeth,NJ,"=""07201""",27 Martin Luther King Jr Plaza," ",Elizabeth,NJ,"=""07201""",Mr.,Edson,Martinez,Anti-Bullying Specialist,,,,,"=""908-436-6767""",,,,,,,,,,,1,1,1,1,,,"=""03049""",,,
"=""39""",UNION,"=""1320""",Elizabeth Public Schools,"=""120""",Toussaint L'Ouverture-Marquis de Lafayette School No. 6,Mr.,James,Mondesir,School Principal,mondesirja@epsnj.org,1071 JULIA ST," ",ELIZABETH,NJ,"=""07201-1554""",1071 JULIA ST," ",ELIZABETH,NJ,"=""07201-1554""",Ms.,Natasha,Jean-Baptiste,Anti-Bullying Specialist,,,,,"=""908-436-5600""",1,1,1,1,1,1,1,1,1,1,,,,,,,"=""05498""",,,
"=""39""",UNION,"=""1320""",Elizabeth Public Schools,"=""240""",Victor Mravlag School No. 21,Dr.,Michael,Wansaw,School Principal,wansawmi@epsnj.org,132 Shelley Avenue," ",ELIZABETH,NJ,"=""07208""",132 Shelley Avenue," ",ELIZABETH,NJ,"=""07208""",Ms.,Jennifer,Hernandez,Anti-Bullying Specialist,,,,,"=""908-436-5850""",1,1,1,1,1,1,1,1,1,1,,,,,,,"=""05522""",,,
"=""39""",UNION,"=""1320""",Elizabeth Public Schools,"=""250""",William F. Halloran School No.22,Ms.,Lauerin,Gareis,School Principal,gareisla@epsnj.org,612 Pulaski Street," ",ELIZABETH,NJ,"=""07202""",612 Pulaski Street," ",ELIZABETH,NJ,"=""07202""",Ms.,Kailey,Monteiro,Anti-Bullying Specialist,,,,,"=""908-436-4860""",1,,,1,1,1,1,1,1,1,,,,,,,"=""05524""",,,
"=""39""",UNION,"=""1320""",Elizabeth Public Schools,"=""100""",Winfield Scott School No. 2,Mrs.,Shante,Rorie,School Principal,roriesh@epsnj.org,125 MADISON AVE," ",ELIZABETH,NJ,"=""07201-2420""",125 MADISON AVE," ",ELIZABETH,NJ,"=""07201-2420""",Mr.,Brieem,Towns,Anti-Bullying Specialist,,,,,"=""908-436-6150""",1,1,1,1,1,1,1,1,1,1,,,,,,,"=""05494""",,,
"=""39""",UNION,"=""1320""",Elizabeth Public Schools,"=""220""",Woodrow Wilson School No. 19,Mrs.,Christine,Casserly,School Principal,casserch@epsnj.org,529 EDGAR RD," ",ELIZABETH,NJ,"=""07202-3301""",529 EDGAR RD," ",ELIZABETH,NJ,"=""07202-3301""",Ms.,Nagwa,Elsamra,Anti-Bullying Specialist,,,,,"=""908-436-6200""",1,1,1,1,1,1,1,1,1,1,,,,,,,"=""05518""",,,
"=""39""",UNION,"=""1320""",Elizabeth Public Schools,"=""301""",iPrep Academy School No 8,Mr.,Lawrence,Roodenburg,School Principal,roodenla@epsnj.org,221-227 Court Street," ",Elizabeth,NJ,"=""07206""",221-227 Court Street," ",Elizabeth,NJ,"=""07206""",Ms.,Denise,Uniacke,Anti-Bullying Specialist,,,,,"=""908-275-6900""",,1,1,1,1,1,1,1,1,1,,,,,,,"=""""",,,
"=""39""",UNION,"=""1710""",Garwood Boro,"=""050""",Lincoln,Dr.,Jeffrey,Russo,School Principal,jrusso@garwoodschools.org,400 SECOND AVENUE," ",GARWOOD,NJ,"=""07027""",400 SECOND AVENUE," ",GARWOOD,NJ,"=""07027""",Dr.,Jeffrey,Russo,Anti-Bullying Specialist,,,,,"=""908-789-0331""",1,1,1,1,1,1,1,1,1,1,,,,,,,"=""05532""",,,
"=""39""",UNION,"=""2190""",Hillside Public School District,"=""090""",Abram P. Morris Early Childhood Center,Ms.,Jessica,Rios,School Principal,jrios@hillsidek12.org,143 COE AVE," ",HILLSIDE,NJ,"=""07205-2830""",143 COE AVE," ",HILLSIDE,NJ,"=""07205-2830""",Mrs.,Cristina,Sabates,Anti-Bullying Specialist,,,,,"=""908-352-7664""",1,1,1,,,,,,,,,,,,,,"=""05548""",,,
"=""39""",UNION,"=""2190""",Hillside Public School District,"=""060""",Deanna G. Taylor Academy,Mr.,Rahim,Graham,School Principal,rgraham@hillsidek12.org,614 TILLMAN ST," ",HILLSIDE,NJ,"=""07205-1721""",614 TILLMAN ST," ",HILLSIDE,NJ,"=""07205-1721""",Mrs.,Serena,Brennan,Anti-Bullying Specialist,,,,,"=""908-352-7664""",,,,1,1,1,1,1,,,,,,,,,"=""05542""",,,
"=""39""",UNION,"=""2190""",Hillside Public School District,"=""050""",Hillside High School,Mr.,Obinna,Emenaka,School Principal,oemenaka@hillsidek12.org,1085 LIBERTY AVE," ",HILLSIDE,NJ,"=""07205-2526""",1085 LIBERTY AVE," ",HILLSIDE,NJ,"=""07205-2526""",Ms.,Melba,Mullins,Anti-Bullying Specialist,,,,,"=""908-352-7664""",,,,,,,,,,,1,1,1,1,,,"=""05540""",,,
"=""39""",UNION,"=""2190""",Hillside Public School District,"=""300""",Hillside Innovation Academy,Dr.,Nicole,Silva,School Principal,nsilva@hillsidek12.org,195 Virginia St-1100 Woodruff Ave," ",Hillside,NJ,"=""07205""",195 Virginia St-1100 Woodruff Ave," ",Hillside,NJ,"=""07205""",Ms.,RaJanee,Fuller,Anti-Bullying Specialist,,,,,"=""908-352-7664""",,,,,,,,,1,1,,,,,,,"=""06152""",,,
"=""39""",UNION,"=""2190""",Hillside Public School District,"=""080""",Hurden Looker Elementary School,Ms.,Daniella,Alvarez,School Principal,dalvarez@hillsidek12.org,1261 LIBERTY AVE," ",HILLSIDE,NJ,"=""07205-2032""",1261 LIBERTY AVE," ",HILLSIDE,NJ,"=""07205-2032""",Ms.,Jennifer,Pinho,Anti-Bullying Specialist,,,,,"=""908-352-7664""",,,,1,1,1,1,1,,,,,,,,,"=""05544""",,,
"=""39""",UNION,"=""2190""",Hillside Public School District,"=""110""",Ola Edwards Community School,Mrs.,Kimley,Davis,School Principal,kidavis@hillsidek12.org,1530 LESLIE ST," ",HILLSIDE,NJ,"=""07205-1206""",1530 LESLIE ST," ",HILLSIDE,NJ,"=""07205-1206""",Ms.,Jennifer,Czerwienski,Anti-Bullying Specialist,,,,,"=""908-352-7664""",,,,1,1,1,1,1,,,,,,,,,"=""05550""",,,
"=""39""",UNION,"=""2190""",Hillside Public School District,"=""085""",Walter O. Krumbiegel Middle School,Dr.,Roy,Wilson,School Principal,rwilson@hillsidek12.org,145 HILLSIDE AVE," ",HILLSIDE,NJ,"=""07205-1858""",145 HILLSIDE AVE," ",HILLSIDE,NJ,"=""07205-1858""",Ms.,Mollie,Gash,Anti-Bullying Specialist,,,,,"=""908-352-7664""",,,,,,,,,1,1,,,,,,,"=""05546""",,,
"=""39""",UNION,"=""2420""",Kenilworth School District,"=""010""",David Brearley High School,Mr.,Vincent,Cuccaro,School Principal,vincent_cuccaro@kenilworthschools.com,401 Monroe Avenue," ",Kenilworth,NJ,"=""07033""",401 Monroe Avenue," ",Kenilworth,NJ,"=""07033""",Mr.,Scott,Miller,Anti-Bullying Specialist,,,,,"=""908-931-9696""",,,,,,,,,,,1,1,1,1,,,"=""00209""",,,
"=""39""",UNION,"=""2420""",Kenilworth School District,"=""300""",David Brearley Middle School,Ms.,Madelyn,Pavelchak,School Principal,madelyn_pavelchak@kenilworthschools.com,401 Monroe Avenue,"DB Middle School ",Kenilworth,NJ,"=""07033""",401 Monroe Avenue,"DB Middle School ",Kenilworth,NJ,"=""07033""",Ms.,Megan,Harrison,Anti-Bullying Specialist,,,,,"=""908-931-9696""",,,,,,,,1,1,1,,,,,,,"=""""",,,
"=""39""",UNION,"=""2420""",Kenilworth School District,"=""050""",Warren G. Harding Elementary School,Mr.,Ronald,Bubnowski,School Principal,ronald_bubnowski@kenilworthschools.com,426 Boulevard," ",Kenilworth,NJ,"=""07033-1529""",426 Boulevard," ",Kenilworth,NJ,"=""07033-1529""",Mrs.,Amie,Griffiths,Anti-Bullying Specialist,,,,,"=""908-276-5936""",1,1,1,1,1,1,1,,,,,,,,,,"=""05552""",,,
"=""39""",UNION,"=""2660""",Linden Public School District,"=""070""",Joseph E. Soehl Middle School,Ms.,Gwendolyn,Long,School Principal,glong@lindenps.org,300 East Henry St.," ",Linden,NJ,"=""07036-5320""",300 East Henry St.," ",Linden,NJ,"=""07036-5320""",Ms.,Jessica,DeFelice,Anti-Bullying Specialist,,,,,"=""908-486-0550""",,,,,,,,1,1,1,,,,,,,"=""05560""",,,
"=""39""",UNION,"=""2660""",Linden Public School District,"=""050""",Linden High School,Mr.,Charles,Koonce,School Principal,ckoonce@lindenps.org,121 West St. Georges Ave.," ",Linden,NJ,"=""07036-3960""",121 West St. Georges Ave.," ",Linden,NJ,"=""07036-3960""",Mrs.,Shamona,Patterson,Anti-Bullying Specialist,,,,,"=""908-486-5432""",,,,,,,,,,,1,1,1,1,,,"=""05556""",,,
"=""39""",UNION,"=""2660""",Linden Public School District,"=""060""",Myles J. McManus MIddle School,Mr.,William,Mastriano,School Principal,wmastriano@lindenps.org,300 Edgewood Road," ",Linden,NJ,"=""07036-5320""",300 Edgewood Road," ",Linden,NJ,"=""07036-5320""",Ms.,Mickela,Bland,Anti-Bullying Specialist,,,,,"=""908-486-7751""",,,,,,,,1,1,1,,,,,,,"=""05558""",,,
"=""39""",UNION,"=""2660""",Linden Public School District,"=""080""",Number 1,Mr.,David,Walker,School Principal,Dwalker@lindenps.org,728 North Wood Ave.," ",Linden,NJ,"=""07036-4064""",728 North Wood Ave.," ",Linden,NJ,"=""07036-4064""",Mr.,John,Mahoney,Anti-Bullying Specialist,,,,,"=""908-486-2668""",1,1,1,1,1,1,1,,,,,,,,,,"=""05562""",,,
"=""39""",UNION,"=""2660""",Linden Public School District,"=""170""",Number 10,Mr.,Wayne,Happel,School Principal,whappel@lindenps.org,2801 Highland Avenue," ",Linden,NJ,"=""07036""",2801 Highland Avenue," ",Linden,NJ,"=""07036""",Mrs.,Jennifer,Clark,Anti-Bullying Specialist,,,,,"=""908-486-2043""",1,1,1,1,1,1,1,,,,,,,,,,"=""05582""",,,
"=""39""",UNION,"=""2660""",Linden Public School District,"=""090""",Number 2,Mr.,Peter,Fingerlin,School Principal,pfingerlin@lindenps.org,1700 SOUTH WOOD AVENUE," ",LINDEN,NJ,"=""07036""",1700 SOUTH WOOD AVENUE," ",LINDEN,NJ,"=""07036""",Ms.,Lisa,White,Anti-Bullying Specialist,,,,,"=""908-862-3287""",1,1,1,1,1,1,1,,,,,,,,,,"=""05564""",,,
"=""39""",UNION,"=""2660""",Linden Public School District,"=""115""",Number 4,Ms.,Suzanne,Olivero,School Principal,solivero@lindenps.org,1602 Dill Avenue," ",Linden,NJ,"=""07036""",1602 Dill Avenue," ",Linden,NJ,"=""07036""",Ms.,Tanaea,Johnson,Anti-Bullying Specialist,,,,,"=""908-486-3286""",1,1,1,1,1,1,1,,,,,,,,,,"=""05570""",,,
"=""39""",UNION,"=""2660""",Linden Public School District,"=""120""",Number 5,Mrs.,Rachelle,Crawley,School Principal,rcrawley@lindenps.org,1014 Bower Street," ",Linden,NJ,"=""07036""",1014 Bower Street," ",Linden,NJ,"=""07036""",Mrs.,Michelle,Dsurney,Anti-Bullying Specialist,,,,,"=""908-486-2666""",1,1,1,1,1,1,1,,,,,,,,,,"=""05572""",,,
"=""39""",UNION,"=""2660""",Linden Public School District,"=""130""",Number 6,Mr.,Michael,Walters,School Principal,mwalters@lindenps.org,19 East Morris Ave.," ",Linden,NJ,"=""07036""",19 East Morris Ave.," ",Linden,NJ,"=""07036""",Mrs.,Jami,Bodden,Anti-Bullying Specialist,,,,,"=""908-862-3003""",1,1,1,1,1,1,1,,,,,,,,,,"=""05572""",,,
"=""39""",UNION,"=""2660""",Linden Public School District,"=""150""",Number 8,Mrs.,Michelle,Rodriguez,School Principal,mrodriguez@lindenps.org,500 West Blancke St.," ",Linden,NJ,"=""07036-5058""",500 West Blancke St.," ",Linden,NJ,"=""07036-5058""",Ms.,Anne-Marie,Spricigo,Anti-Bullying Specialist,,,,,"=""908-862-4397""",1,1,1,1,1,1,1,,,,,,,,,,"=""05578""",,,
"=""39""",UNION,"=""2660""",Linden Public School District,"=""160""",Number 9,Mrs.,Angela,Principato,School Principal,aprincipato@lindenps.org,1401 Deerfield Terrace," ",Linden,NJ,"=""07036""",1401 Deerfield Terrace," ",Linden,NJ,"=""07036""",Mrs.,Marissa,Ruchalski,Anti-Bullying Specialist,,,,,"=""908-486-5164""",1,1,1,1,1,1,1,,,,,,,,,,"=""05580""",,,
"=""39""",UNION,"=""3395""",Morris-Union Jointure Commission School District,"=""050""",Developmental Learning Center New Providence,Dr.,Jennifer,Ferraioli,School Principal,jferraioli@mujc.org,330 CENTRAL AVENUE," ",NEW PROVIDENCE,NJ,"=""07974""",330 CENTRAL AVENUE," ",NEW PROVIDENCE,NJ,"=""07974""",Ms.,Kim,Spurlock,Anti-Bullying Specialist,,,,,"=""908-508-1345""",1,1,1,1,1,1,1,1,1,1,,,,,,,"=""06063""",,,
"=""39""",UNION,"=""3395""",Morris-Union Jointure Commission School District,"=""080""",Developmental Learning Center Warren,Ms.,Andrea,Marmolejos,School Principal,amarmolejos@mujc.org,217 MOUNTAIN VIEW ROAD," ",WARREN,NJ,"=""07059""",217 MOUNTAIN VIEW ROAD," ",WARREN,NJ,"=""07059""",Mr.,Daniel,Sanacore,Anti-Bullying Specialist,,,,,"=""908-762-5600""",,,1,1,1,1,1,1,1,1,1,1,1,1,,,"=""00817""",,,
"=""39""",UNION,"=""3470""",Mountainside School District,"=""060""",Beechwood School,Mrs.,Jessica,Vierschilling,School Principal,jvierschilling@mountainsideschools.org,1497 WOODACRES DR," ",MOUNTAINSIDE,NJ,"=""07092""",1497 WOODACRES DR," ",MOUNTAINSIDE,NJ,"=""07092""",Ms.,Ramona,Kuznedelov,Anti-Bullying Specialist,,,,,"=""908-301-9104""",1,1,1,1,,,,,,,,,,,,,"=""00527""",,,
"=""39""",UNION,"=""3470""",Mountainside School District,"=""030""",Deerfield Elementary School,Mrs.,Suzanne,Jenks,School Principal,sjenks@mountainsideschools.org,302 CENTRAL AVENUE," ",MOUNTAINSIDE,NJ,"=""07092""",302 CENTRAL AVENUE," ",MOUNTAINSIDE,NJ,"=""07092""",Ms.,Annabella,Ross,Anti-Bullying Specialist,,,,,"=""908-232-8828""",,,,,1,1,1,1,1,1,,,,,,,"=""05588""",,,
"=""39""",UNION,"=""3560""",New Providence School District,"=""055""",Allen W. Roberts School,Mr.,John,Richter,School Principal,jrichter@npsdnj.org,80 JONES DR," ",NEW PROVIDENCE,NJ,"=""07974-1121""",80 JONES DR," ",NEW PROVIDENCE,NJ,"=""07974-1121""",Ms.,Lyndsay,Wittenberg,Anti-Bullying Specialist,,,,,"=""908-464-4707""",1,1,1,1,1,1,1,1,,,,,,,,,"=""05594""",,,
"=""39""",UNION,"=""3560""",New Providence School District,"=""050""",New Providence High School,Mr.,Brian,Henry,School Principal,bhenry@npsdnj.org,35 PIONEER DR," ",NEW PROVIDENCE,NJ,"=""07974-1515""",35 PIONEER DR," ",NEW PROVIDENCE,NJ,"=""07974-1515""",Mrs.,Tania,Kelly,Anti-Bullying Specialist,,,,,"=""908-464-4700""",,,,,,,,,,,1,1,1,1,,,"=""05592""",,,
"=""39""",UNION,"=""3560""",New Providence School District,"=""080""",New Providence Middle School,Mr.,Michael,Criscitello,School Principal,mcriscitello@npsdnj.org,35 PIONEER DRIVE," ",NEW PROVIDENCE,NJ,"=""07974""",35 PIONEER DRIVE," ",NEW PROVIDENCE,NJ,"=""07974""",Mr.,David,Chango,Anti-Bullying Specialist,,,,,"=""908-464-9161""",,,,,,,,,1,1,,,,,,,"=""06097""",,,
"=""39""",UNION,"=""3560""",New Providence School District,"=""090""",Salt Brook School,Mrs.,Natasha,Feliciano-Allen,School Principal,nfelicianoallen@npsdnj.org,40 MAPLE ST," ",NEW PROVIDENCE,NJ,"=""07974-2403""",40 MAPLE ST," ",NEW PROVIDENCE,NJ,"=""07974-2403""",Mrs.,Stephanie,Kwiatkowski,Anti-Bullying Specialist,,,,,"=""908-464-7100""",,1,1,1,1,1,1,1,,,,,,,,,"=""05600""",,,
"=""39""",UNION,"=""4160""",Plainfield Public School District,"=""100""",Cedarbrook Elementary School,Ms.,Tenisha,Fort,School Principal,tlfort@plainfield.k12.nj.us,1049 CENTRAL AVE," ",PLAINFIELD,NJ,"=""07060-2801""",1049 CENTRAL AVE," ",PLAINFIELD,NJ,"=""07060-2801""",Ms.,Yanira,Guardado,Anti-Bullying Specialist,,,,,"=""908-731-4280""",,1,1,1,1,1,1,1,1,1,,,,,,,"=""05612""",,,
"=""39""",UNION,"=""4160""",Plainfield Public School District,"=""170""",Charles H. Stillman Elementary School,Ms.,Brenda,Noble,School Principal,bnoble@plainfield.k12.nj.us,201 W FOURTH ST," ",PLAINFIELD,NJ,"=""07062-4235""",201 W FOURTH ST," ",PLAINFIELD,NJ,"=""07062-4235""",Ms.,Sandra,Landaverde,Anti-Bullying Specialist,,,,,"=""908-731-4240""",,1,1,1,1,1,1,,,,,,,,,,"=""05626""",,,
"=""39""",UNION,"=""4160""",Plainfield Public School District,"=""190""",Charles and Anna Booker Elementary School,Mr.,Juan Pablo,Jimenez,School Principal,jjimenez@plainfield.k12.nj.us,730 CENTRAL STREET," ",PLAINFIELD,NJ,"=""07062""",730 CENTRAL STREET," ",PLAINFIELD,NJ,"=""07062""",Ms.,Denise,Shipman,Anti-Bullying Specialist,,,,,"=""908-731-4290""",1,1,1,1,1,1,1,,,,,,,,,,"=""05630""",,,
"=""39""",UNION,"=""4160""",Plainfield Public School District,"=""110""",Clinton Elementary School,Ms.,Aurora,Hill,School Principal,ajhill@plainfield.k12.nj.us,WEST 4TH ST  AND CLINTON AVE," ",PLAINFIELD,NJ,"=""07063""",WEST 4TH ST  AND CLINTON AVE," ",PLAINFIELD,NJ,"=""07063""",Ms.,Roberta,Powell,Anti-Bullying Specialist,,,,,"=""908-731-4220""",1,1,1,1,1,1,1,,,,,,,,,,"=""05614""",,,
"=""39""",UNION,"=""4160""",Plainfield Public School District,"=""080""",Dewitt D. Barlow Elementary School,Mr.,Wilson,Aponte,School Principal,waponte@plainfield.k12.nj.us,E  FRONT ST & FARRAGUT RD," ",PLAINFIELD,NJ,"=""07060""",E  FRONT ST & FARRAGUT RD," ",PLAINFIELD,NJ,"=""07060""",Ms.,Kimberly,Moore-Jones,Anti-Bullying Specialist,,,,,"=""908-731-4300""",,1,1,1,1,1,1,,,,,,,,,,"=""05610""",,,
"=""39""",UNION,"=""4160""",Plainfield Public School District,"=""130""",Emerson Community School,Mr.,Dion,Roach,School Principal,droach@plainfield.k12.nj.us,305 EMERSON AVE," ",PLAINFIELD,NJ,"=""07062-1701""",305 EMERSON AVE," ",PLAINFIELD,NJ,"=""07062-1701""",Ms.,Rita,Woods,Anti-Bullying Specialist,,,,,"=""908-731-4205""",,1,1,1,1,1,1,,,,,,,,,,"=""05618""",,,
"=""39""",UNION,"=""4160""",Plainfield Public School District,"=""140""",Evergreen Elementary School,Dr.,Marianne,Tankard,School Principal,marianne.tankard@plainfield.k12.nj.us,1033 EVERGREEN AVE," ",PLAINFIELD,NJ,"=""07060-2613""",1033 EVERGREEN AVE," ",PLAINFIELD,NJ,"=""07060-2613""",Ms.,Roxanne,Valentin,Anti-Bullying Specialist,,,,,"=""908-731-4260""",,1,1,1,1,1,1,,,,,,,,,,"=""05620""",,,
"=""39""",UNION,"=""4160""",Plainfield Public School District,"=""120""",Frederic W. Cook Elementary School,Dr.,Caryn,Cooper,School Principal,ccooper1@plainfield.k12.nj.us,739 LELAND AVE," ",PLAINFIELD,NJ,"=""07062-2140""",739 LELAND AVE," ",PLAINFIELD,NJ,"=""07062-2140""",Ms.,Kia,Alexander,Anti-Bullying Specialist,,,,,"=""908-731-4215""",,1,1,1,1,1,1,1,1,,,,,,,,"=""05616""",,,
"=""39""",UNION,"=""4160""",Plainfield Public School District,"=""060""",Hubbard Middle School,Dr.,Olivia,Rodriguez,School Principal,orodriguez@plainfield.k12.nj.us,661 W EIGHTH ST," ",PLAINFIELD,NJ,"=""07060-2233""",661 W EIGHTH ST," ",PLAINFIELD,NJ,"=""07060-2233""",Ms.,Sarinet,Thorne,Anti-Bullying Specialist,,,,,"=""908-731-4320""",,,,,,,,1,1,1,,,,,,,"=""05606""",,,
"=""39""",UNION,"=""4160""",Plainfield Public School District,"=""150""",Jefferson Elementary School,Ms.,Telaya,Parham,School Principal,tparham@plainfield.k12.nj.us,1700 W. FRONT ST," ",PLAINFIELD,NJ,"=""07063""",1700 W. FRONT ST," ",PLAINFIELD,NJ,"=""07063""",Ms.,Yovaira,Garcia,Anti-Bullying Specialist,,,,,"=""908-731-4250""",1,1,1,1,1,1,1,,,,,,,,,,"=""05622""",,,
"=""39""",UNION,"=""4160""",Plainfield Public School District,"=""070""",Maxson Middle School,Mr.,Joseph,Day,School Principal,jday@plainfield.k12.nj.us,920 E SEVENTH ST," ",PLAINFIELD,NJ,"=""07062-1854""",920 E SEVENTH ST," ",PLAINFIELD,NJ,"=""07062-1854""",Mrs.,Zara,DeJesus,Anti-Bullying Specialist,,,,,"=""908-731-4310""",,,,,,,,1,1,1,,,,,,,"=""05608""",,,
"=""39""",UNION,"=""4160""",Plainfield Public School District,"=""051""",Pinnacle Academy High School,Ms.,Gwynetta,Joe,School Administrator,gjoe@plainfield.k12.nj.us,209 Berckman St," ",PLAINFIELD,NJ,"=""07062""",209 Berckman St," ",PLAINFIELD,NJ,"=""07062""",Ms.,Lucky,Morris,Anti-Bullying Specialist,,,,,"=""908-731-4270""",,,,,,,,,,,1,1,1,1,,,"=""03005""",,,
"=""39""",UNION,"=""4160""",Plainfield Public School District,"=""052""",Plainfield Academy  For The Arts & Advanced Studies,Dr.,Deitria,Smith-Snead,School Principal,dvsmith-snead@plainfield.k12.nj.us,1700 West Front St," ",PLAINFIELD,NJ,"=""07063""",1700 West Front St," ",PLAINFIELD,NJ,"=""07063""",Mr.,Eric,Orlando,Anti-Bullying Specialist,,,,,"=""908-731-4421""",,,,,,,,1,1,1,1,1,1,1,,,"=""03041""",,,
"=""39""",UNION,"=""4160""",Plainfield Public School District,"=""300""",Plainfield Early Learning Center,Ms.,Sevan,Abedin,School Principal,sabedin@plainfield.k12.nj.us,510 Grant Ave," ",Plainfield,NJ,"=""07063""",510 Grant Ave," ",Plainfield,NJ,"=""07063""",Ms.,Denise,Shipman,Anti-Bullying Specialist,,,,,"=""908-731-4200""",1,,,,,,,,,,,,,,,,"=""""",,,
"=""39""",UNION,"=""4160""",Plainfield Public School District,"=""050""",Plainfield High School,Dr.,Johan Manuel,Rojas,School Principal,johan.rojas@plainfield.k12.nj.us,950 PARK AVENUE," ",PLAINFIELD,NJ,"=""07060-3002""",950 PARK AVENUE," ",PLAINFIELD,NJ,"=""07060-3002""",Mr.,Morris,Lucky,Anti-Bullying Specialist,,,,,"=""908-731-4390""",,,,,,,,,,,1,1,1,1,,,"=""05604""",,,
"=""39""",UNION,"=""4160""",Plainfield Public School District,"=""180""",Washington Community School,Mrs.,Natasha,Dejesus,School Principal,ndejesus@plainfield.k12.nj.us,427 DARROW AVE," ",PLAINFIELD,NJ,"=""07060-2012""",427 DARROW AVE," ",PLAINFIELD,NJ,"=""07060-2012""",Ms.,Tiffany,Summersett,Anti-Bullying Specialist,,,,,"=""908-731-4230""",1,1,1,1,1,1,1,,,,,,,,,,"=""05628""",,,
"=""39""",UNION,"=""4290""",Rahway Public School District,"=""080""",Franklin Elementary School,Dr.,Patrick,Holness,School Principal,pholness@rahway.net,1809 ST GEORGES AVE," ",RAHWAY,NJ,"=""07065-2003""",1809 ST GEORGES AVE," ",RAHWAY,NJ,"=""07065-2003""",Mrs.,Adriana,Mosca,Anti-Bullying Specialist,,,,,"=""732-396-1050""",1,1,1,1,1,1,1,1,,,,,,,,,"=""05640""",,,
"=""39""",UNION,"=""4290""",Rahway Public School District,"=""090""",Grover Cleveland Elementary School,Mrs.,Lee Andrea,Garvin,School Principal,lgarvin@rahway.net,486 E MILTON AVE," ",RAHWAY,NJ,"=""07065-5202""",486 E MILTON AVE," ",RAHWAY,NJ,"=""07065-5202""",Ms.,Alisha,Lee-Ellis,Anti-Bullying Specialist,,,,,"=""732-396-1040""",1,1,1,1,1,1,1,1,,,,,,,,,"=""05642""",,,
"=""39""",UNION,"=""4290""",Rahway Public School District,"=""110""",Madison Elementary School,Mrs.,Doris,Jones,School Principal,djones@rahway.net,944 Madison Avenue," ",RAHWAY,NJ,"=""07065""",944 Madison Avenue," ",RAHWAY,NJ,"=""07065""",Mrs.,Doris,Jones,Anti-Bullying Specialist,,,,,"=""732-396-1070""",1,1,1,1,1,1,1,1,,,,,,,,,"=""05644""",,,
"=""39""",UNION,"=""4290""",Rahway Public School District,"=""060""",Rahway 7th & 8th Grade Academy,Ms.,Isabel,Colon,School Principal,icolon@rahway.net,1157 KLINE PLACE," ",RAHWAY,NJ,"=""07065""",1157 KLINE PLACE," ",RAHWAY,NJ,"=""07065""",Mr.,Brian,Redding,Anti-Bullying Specialist,,,,,"=""732-396-1025""",1,,,,,,,,1,1,,,,,,,"=""05636""",,,
"=""39""",UNION,"=""4290""",Rahway Public School District,"=""050""",Rahway High School,Mrs.,Michelle,Panichi,School Principal,mpanichi@rahway.net,1012 MADISON AVE," ",RAHWAY,NJ,"=""07065-2003""",1012 MADISON AVE," ",RAHWAY,NJ,"=""07065-2003""",Dr.,Michael,Celoski,Anti-Bullying Specialist,,,,,"=""732-396-1090""",,,,,,,,,,,1,1,1,1,,,"=""05634""",,,
"=""39""",UNION,"=""4290""",Rahway Public School District,"=""120""",Roosevelt Elementary School,Dr.,Leslie,Septor,School Principal,lseptor@rahway.net,811 ST GEORGE AVE," ",RAHWAY,NJ,"=""07065-2626""",811 ST GEORGE AVE," ",RAHWAY,NJ,"=""07065-2626""",Mrs.,Maria,Hennessy,Anti-Bullying Specialist,,,,,"=""732-396-1060""",1,1,1,1,1,1,1,1,,,,,,,,,"=""05646""",,,
"=""39""",UNION,"=""4550""",Roselle Park Public School District,"=""060""","Ernest J. Finizio, Jr. - Aldene School",Mr.,Luciano,Riggi,School Principal,lriggi@rpsd.org,339 West Webster Avenue," ",ROSELLE PARK,NJ,"=""07204-1617""",339 West Webster Avenue," ",ROSELLE PARK,NJ,"=""07204-1617""",Ms.,Celine,Setton,Anti-Bullying Specialist,,,,,"=""908-245-1521""",1,1,1,1,1,1,1,,,,,,,,,,"=""05664""",,,
"=""39""",UNION,"=""4550""",Roselle Park Public School District,"=""080""",Robert Gordon Elementary School,Mrs.,Christine,Dougherty,School Principal,cdougherty@rpsd.org,59 WEST GRANT AVENUE," ",ROSELLE PARK,NJ,"=""07204""",59 WEST GRANT AVENUE," ",ROSELLE PARK,NJ,"=""07204""",Ms.,Dena,Meawad,Anti-Bullying Specialist,,,,,"=""908-245-2285""",1,1,1,1,1,1,1,,,,,,,,,,"=""05668""",,,
"=""39""",UNION,"=""4550""",Roselle Park Public School District,"=""050""",Roselle Park High School,Mrs.,Sarah,Costa,School Principal,scosta@rpsd.org,185 W WEBSTER AVE," ",ROSELLE PARK,NJ,"=""07204-1617""",185 W WEBSTER AVE," ",ROSELLE PARK,NJ,"=""07204-1617""",Ms.,Andrea,Kozodoy,Anti-Bullying Specialist,,,,,"=""908-241-4550""",,,,,,,,,,,1,1,1,1,,,"=""05664""",,,
"=""39""",UNION,"=""4550""",Roselle Park Public School District,"=""085""",Roselle Park Middle School,Ms.,Michelle,Queiruga,School Principal,mqueiruga@rpsd.org,57 W GRANT AVE," ",ROSELLE PARK,NJ,"=""07204-2217""",57 W GRANT AVE," ",ROSELLE PARK,NJ,"=""07204-2217""",Mrs.,Chelsea,Murphy,Anti-Bullying Specialist,,,,,"=""908-245-1634""",,,,,,,,1,1,1,,,,,,,"=""05670""",,,
"=""39""",UNION,"=""4550""",Roselle Park Public School District,"=""300""",Roselle Park Preschool,Mr.,Anthony,Caldiero,School Director,acaldiero@rpsd.org,258 West Webster Avenue," ",Roselle Park,NJ,"=""07204""",258 West Webster Avenue," ",Roselle Park,NJ,"=""07204""",Ms.,Celine,Setton,Anti-Bullying Specialist,,,,,"=""908-445-3120""",1,,,,,,,,,,,,,,,,"=""""",,,
"=""39""",UNION,"=""4550""",Roselle Park Public School District,"=""090""",Sherman Elementary School,Mr.,John,Flecca,School Principal,jflecca@rpsd.org,375 E GRANT AVE," ",ROSELLE PARK,NJ,"=""07204""",375 E GRANT AVE," ",ROSELLE PARK,NJ,"=""07204""",Mrs.,Jamie,Halperin,Anti-Bullying Specialist,,,,,"=""908-245-1886""",1,1,1,1,1,1,1,,,,,,,,,,"=""05672""",,,
"=""39""",UNION,"=""4540""",Roselle Public School District,"=""010""",Abraham Clark High School,Mr.,Andreea,Harry,School Principal,aharry@roselleschools.org,122 EAST 6TH AVE," ",ROSELLE,NJ,"=""07203-2026""",122 EAST 6TH AVE," ",ROSELLE,NJ,"=""07203-2026""",Ms.,Victoria,Parham-Kiser,Anti-Bullying Specialist,,,,,"=""908-298-2000""",,,,,,,,,,,1,1,1,1,,,"=""05650""",,,
"=""39""",UNION,"=""4540""",Roselle Public School District,"=""030""",Dr. Charles C. Polk School,Ms.,Melissa,Allison,School Principal,mallison@roselleschools.org,1100 WARREN ST," ",ROSELLE,NJ,"=""07203-2736""",1100 WARREN ST," ",ROSELLE,NJ,"=""07203-2736""",Ms.,Daisy,Billingsley,Anti-Bullying Specialist,,,,,"=""908-298-7061""",1,,1,1,1,1,,,,,,,,,,,"=""05654""",,,
"=""39""",UNION,"=""4540""",Roselle Public School District,"=""120""",First Light Preschool Academy,Ms.,PATRICE,COLEMAN,School Principal,PCOLEMAN@ROSELLESCHOOLS.ORG,111 WEST 5TH AVENUE," ",Roselle,NJ,"=""07203""",111 WEST 5TH AVENUE," ",Roselle,NJ,"=""07203""",Mr.,STEPHEN,MILLER,Anti-Bullying Specialist,Mrs.,Luz,Aquilar,School Homeless Liaison,"=""908-298-2040""",1,,,,,,,,,,,,,,,,"=""""",,,
"=""39""",UNION,"=""4540""",Roselle Public School District,"=""060""",Grace Wilday Junior High School,Mr.,Allen,Ashby,School Principal,aashby@roselleschools.org,400 BROOKLAWN AVE," ",ROSELLE,NJ,"=""07203""",400 BROOKLAWN AVE," ",ROSELLE,NJ,"=""07203""",Ms.,Jacqueline,Kraft,Anti-Bullying Specialist,,,,,"=""908-298-2066""",,,,,,,,,1,1,,,,,,,"=""05660""",,,
"=""39""",UNION,"=""4540""",Roselle Public School District,"=""020""",Harrison Elementary School,Dr.,Melissa,Nevarez,School Principal,mnevarez@roselleschools.org,310 HARRISON AVE," ",ROSELLE,NJ,"=""07203""",310 HARRISON AVE," ",ROSELLE,NJ,"=""07203""",Ms.,Jill,Van Hook,Anti-Bullying Specialist,,,,,"=""908-298-2052""",1,,1,1,1,1,,,,,,,,,,,"=""05652""",,,
"=""39""",UNION,"=""4540""",Roselle Public School District,"=""300""",Kindergarten Success Academy,Ms.,Lauren,Gonzalez,School Principal,lgonzalez@roselleschools.org,150 EAST 3RD AVENUE," ",ROSELLE,NJ,"=""07203""",150 EAST 3RD AVENUE," ",ROSELLE,NJ,"=""07203""",Ms.,Chantae,Benson,Anti-Bullying Specialist,,,,,"=""908-298-2040""",,1,,,,,,,,,,,,,,,"=""""",,,
"=""39""",UNION,"=""4540""",Roselle Public School District,"=""040""",Leonard V Moore Middle School,Mr.,Tomeeko,Hunt,School Principal,thunt@ROSELLESCHOOLS.ORG,720 LOCUST ST," ",ROSELLE,NJ,"=""07203-1919""",720 LOCUST ST," ",ROSELLE,NJ,"=""07203-1919""",Ms.,Tiffany,Maglaque,Anti-Bullying Specialist,,,,,"=""908-298-2047""",,,,,,,1,1,,,,,,,,,"=""05656""",,,
"=""39""",UNION,"=""4540""",Roselle Public School District,"=""050""",Washington Elementary School,Ms.,Victoria,Lih,School Principal,vlih@roselleschools.org,501 WASHINGTON AVENUE," ",ROSELLE,NJ,"=""07203-2329""",501 WASHINGTON AVENUE," ",ROSELLE,NJ,"=""07203-2329""",Mr.,Jason,Robbins,Anti-Bullying Specialist,,,,,"=""908-298-2072""",1,,1,1,1,1,,,,,,,,,,,"=""05658""",,,
"=""39""",UNION,"=""4670""",Scotch Plains-Fanwood School District,"=""090""",Evergreen Elementary School,Ms.,Erin,Mullman,School Principal,emullman@spfk12.org,2280 EVERGREEN AVENUE," ",SCOTCH PLAINS,NJ,"=""07076""",2280 EVERGREEN AVENUE," ",SCOTCH PLAINS,NJ,"=""07076""",Ms.,April,Chestang,Anti-Bullying Specialist,,,,,"=""908-889-5331""",,1,1,1,1,1,,,,,,,,,,,"=""05688""",,https://www.instagram.com/spf_proud,
"=""39""",UNION,"=""4670""",Scotch Plains-Fanwood School District,"=""080""",Howard B. Brunner Elementary School,Dr.,Scott,Bortnick,School Principal,sbortnick@spfk12.org,721 WESTFIELD ROAD," ",SCOTCH PLAINS,NJ,"=""07076""",721 WESTFIELD ROAD," ",SCOTCH PLAINS,NJ,"=""07076""",Ms.,Hafitha,Saadeh,Anti-Bullying Specialist,,,,,"=""908-889-2148""",,1,1,1,1,1,1,,,,,,,,,,"=""05684""",,https://www.instagram.com/spf_proud,
"=""39""",UNION,"=""4670""",Scotch Plains-Fanwood School District,"=""085""",J. Ackerman Coles Elementary School,Ms.,Sandra,Fehte,School Principal,sfehte@spfk12.org,16 KEVIN ROAD," ",SCOTCH PLAINS,NJ,"=""07076""",16 KEVIN ROAD," ",SCOTCH PLAINS,NJ,"=""07076""",Ms.,Chaandanie,Ramnarace,Anti-Bullying Specialist,,,,,"=""908-757-7555""",,1,1,1,1,1,,,,,,,,,,,"=""05686""",,https://www.instagram.com/spf_proud,
"=""39""",UNION,"=""4670""",Scotch Plains-Fanwood School District,"=""300""",La Grande Elementary School,Ms.,Megan,McNally,School Principal,mmcnally@spfk12.org,330 South Avenue," ",Fanwood,NJ,"=""07023""",330 South Ave," ",Fanwood,NJ,"=""07023""",Ms.,Kristine,Iarussi,Anti-Bullying Specialist,,,,,"=""908-889-0100""",1,,,,,,,,,,,,,,,,"=""""",,,
"=""39""",UNION,"=""4670""",Scotch Plains-Fanwood School District,"=""060""",Malcolm E Nettingham Middle School,Dr.,Jocelyn,Dumaresq,School Principal,jdumaresq@spfk12.org,580 PARK AVENUE," ",SCOTCH PLAINS,NJ,"=""07076""",580 PARK AVENUE," ",SCOTCH PLAINS,NJ,"=""07076""",Mr.,Jason,Cross,Anti-Bullying Specialist,,,,,"=""908-322-4445""",,,,,,,1,1,1,1,,,,,,,"=""05678""",https://www.facebook.com/SPFProud,https://www.instagram.com/spf_proud,
"=""39""",UNION,"=""4670""",Scotch Plains-Fanwood School District,"=""070""",School One Elementary,Dr.,Justin,Fiory,School Principal,jfiory@spfk12.org,563 WILLOW AVENUE," ",SCOTCH PLAINS,NJ,"=""07076""",563 WILLOW AVENUE," ",SCOTCH PLAINS,NJ,"=""07076""",Ms.,Lori,Lidosky,Anti-Bullying Specialist,,,,,"=""908-322-7731""",,1,1,1,1,1,,,,,,,,,,,"=""05682""",,https://www.instagram.com/spf_proud,
"=""39""",UNION,"=""4670""",Scotch Plains-Fanwood School District,"=""050""",Scotch Plains-Fanwood High School,Dr.,Warren,Hynes,School Principal,whynes@spfk12.org,667 WESTFIELD ROAD," ",SCOTCH PLAINS,NJ,"=""07076""",667 WESTFIELD ROAD," ",SCOTCH PLAINS,NJ,"=""07076""",Ms.,Kristine,Iarussi,Anti-Bullying Specialist,,,,,"=""908-889-8600""",,,,,,,,,,,1,1,1,1,,,"=""05676""",,https://www.instagram.com/spf_proud,
"=""39""",UNION,"=""4670""",Scotch Plains-Fanwood School District,"=""065""",Terrill Middle School,Dr.,Kevin,Holloway,School Principal,kholloway@spfk12.org,1301 TERRILL ROAD," ",SCOTCH PLAINS,NJ,"=""07076""",1301 TERRILL ROAD," ",SCOTCH PLAINS,NJ,"=""07076""",Ms.,Amanda,Wolf,Anti-Bullying Specialist,,,,,"=""908-322-5215""",,,,,,,1,1,1,1,,,,,,,"=""05680""",https://www.facebook.com/TerrillMiddleSchool,https://www.instagram.com/spf_proud,
"=""39""",UNION,"=""4670""",Scotch Plains-Fanwood School District,"=""105""",William J. McGinn Elementary School,Dr.,Sasha,Slocum,School Principal,sslocum@spfk12.org,1100 ROOSEVELT AVENUE," ",SCOTCH PLAINS,NJ,"=""07076""",1100 ROOSEVELT AVENUE," ",SCOTCH PLAINS,NJ,"=""07076""",Ms.,Joanna,Errico,Anti-Bullying Specialist,,,,,"=""908-233-7950""",,1,1,1,1,1,,,,,,,,,,,"=""05692""",,https://www.instagram.com/spf_proud,
"=""39""",UNION,"=""5000""",Springfield Public School District,"=""050""",Edward V. Walton Primary School,Dr.,Jonathan,Firetto,School Principal,jfiretto@springfieldschools.commplias@springfieldschools.com,601 Mountain Ave.," ",Springfield,NJ,"=""07081""",601 Mountain Ave.," ",Springfield,NJ,"=""07081""",Mrs.,Renee,Marcinczuk,Anti-Bullying Specialist,,,,,"=""973-376-1304""",1,1,1,1,1,1,,,,,,,,,,,"=""06036""",,,
"=""39""",UNION,"=""5000""",Springfield Public School District,"=""060""",Florence M. Gaudineer Middle School,Mr.,Ronald,Slate,School Principal,rslate@springfieldschools.com,75 South Springfield Ave.," ",Springfield,NJ,"=""07081-1312""",75 South Springfield Ave.," ",Springfield,NJ,"=""07081-1312""",Mrs.,Maria,Sista,Anti-Bullying Specialist,,,,,"=""973-376-1025""",,,,,,,1,1,1,,,,,,,,"=""05700""",,,
"=""39""",UNION,"=""5000""",Springfield Public School District,"=""070""",James Caldwell Elementary School,Mr.,David,Rennie,School Principal,drennie@springfieldschools.com,36 Caldwell Place," ",Springfield,NJ,"=""07081""",36 Caldwell Place," ",Springfield,NJ,"=""07081""",Ms.,Adrianna,Oliveira,Anti-Bullying Specialist,,,,,"=""973-376-1025""",1,1,1,1,1,1,,,,,,,,,,,"=""05702""",,,
"=""39""",UNION,"=""5000""",Springfield Public School District,"=""010""",Jonathan Dayton High School,Dr.,Norman,Francis,School Principal,nfrancis@springfieldschools.com,139 Mountain Ave.,"PO BOX 210 ",Springfield,NJ,"=""07081""",139 Mountain Ave.,"PO BOX 210 ",Springfield,NJ,"=""07081""",Mrs.,Stephanie,Renelle,Anti-Bullying Specialist,,,,,"=""973-376-1025""",,,,,,,,,,1,1,1,1,1,,,"=""00213""",https://www.facebook.com/SpringfieldPublicSchools,https://www.instagram.com/Springfield_Schools_nj,
"=""39""",UNION,"=""5000""",Springfield Public School District,"=""090""",Thelma L. Sandmeier Elementary School,Mr.,Tim,Kielty,School Principal,tkielty@springfieldschools.com,666 South Springfield Ave.," ",Springfield,NJ,"=""07081-3011""",666 South Springfield Ave.," ",Springfield,NJ,"=""07081-3011""",Mrs.,Marie,Purcell,Anti-Bullying Specialist,,,,,"=""973-376-1025""",1,1,1,1,1,1,,,,,,,,,,,"=""05704""",,,
"=""39""",UNION,"=""5090""",Summit Public School District,"=""070""",Brayton Elementary School,Ms.,Mary Jane,Custy,School Principal,mcusty@summit.k12.nj.us,89 TULIP STREET," ",SUMMIT,NJ,"=""07901-3410""",89 TULIP STREET," ",SUMMIT,NJ,"=""07901-3410""",Ms.,Alexis,Esposito,Anti-Bullying Specialist,,,,,"=""908-273-1276""",,,1,1,1,1,1,,,,,,,,,,"=""05712""",https://www.facebook.com/SummitPublicSchools,https://www.instagram.com/summitschoolsnj,
"=""39""",UNION,"=""5090""",Summit Public School District,"=""080""",Franklin Elementary School,Ms.,Jenna,Colineri,School Principal,jcolineri@summit.k12.nj.us,136 BLACKBURN ROAD," ",SUMMIT,NJ,"=""07901-2313""",136 BLACKBURN ROAD," ",SUMMIT,NJ,"=""07901-2313""",Ms.,Lea,Audino,Anti-Bullying Specialist,,,,,"=""908-277-2613""",,,1,1,1,1,1,,,,,,,,,,"=""05714""",https://www.facebook.com/SummitPublicSchools,https://www.instagram.com/summitschoolsnj,
"=""39""",UNION,"=""5090""",Summit Public School District,"=""090""",Jefferson Elementary School,Mr.,Daniel,Healy,School Principal,dhealy@summit.k12.nj.us,110 ASHWOOD AVENUE," ",SUMMIT,NJ,"=""07901-3823""",110 ASHWOOD AVENUE," ",SUMMIT,NJ,"=""07901-3823""",Ms.,Lauren,Mortenson,Anti-Bullying Specialist,,,,,"=""908-273-3807""",,,1,1,1,1,1,,,,,,,,,,"=""05716""",https://www.facebook.com/SummitPublicSchools,https://www.instagram.com/summitschoolsnj,
"=""39""",UNION,"=""5090""",Summit Public School District,"=""060""",Lawton C. Johnson Summit Middle School,Mr.,John,Ciferni,School Principal,jciferni@summit.k12.nj.us,272 MORRIS AVE," ",SUMMIT,NJ,"=""07901-2526""",272 MORRIS AVE," ",SUMMIT,NJ,"=""07901-2526""",Ms.,Joanne,Mangione,Anti-Bullying Specialist,,,,,"=""908-273-1190""",,,,,,,,1,1,1,,,,,,,"=""05710""",https://www.facebook.com/SummitPublicSchools,https://www.instagram.com/summitschoolsnj,
"=""39""",UNION,"=""5090""",Summit Public School District,"=""100""",Lincoln-Hubbard Elementary School,Mr.,Raymond,Santana,School Principal,rsantana@summit.k12.nj.us,52 WOODLAND AVE," ",SUMMIT,NJ,"=""07901-2101""",52 WOODLAND AVE," ",SUMMIT,NJ,"=""07901-2101""",Ms.,Erica,Dorsey,Anti-Bullying Specialist,,,,,"=""908-273-1333""",,,1,1,1,1,1,,,,,,,,,,"=""05718""",https://www.facebook.com/SummitPublicSchools,https://www.instagram.com/summitschoolsnj,
"=""39""",UNION,"=""5090""",Summit Public School District,"=""150""",Primary Center at Jefferson,Mr.,Evan,Kozak,School Principal,ekozak@summit.k12.nj.us,110 ASHWOOD AVENUE," ",SUMMIT,NJ,"=""07901""",110 ASHWOOD AVENUE," ",SUMMIT,NJ,"=""07901""",Ms.,Lauren,Mortenson,Anti-Bullying Specialist,,,,,"=""908-918-2160""",1,1,,,,,,,,,,,,,,,"=""02987""",https://www.facebook.com/SummitPublicSchools,https://www.instagram.com/summitschoolsnj,
"=""39""",UNION,"=""5090""",Summit Public School District,"=""160""",Primary Center at Wilson,Mr.,Evan,Kozak,School Principal,ekozak@summit.k12.nj.us,14 BEEKMAN TERRACE," ",SUMMIT,NJ,"=""07901-1702""",14 BEEKMAN TERRACE," ",SUMMIT,NJ,"=""07901-1702""",Ms.,Sydnie,Burnett,Anti-Bullying Specialist,,,,,"=""908-918-2134""",1,1,,,,,,,,,,,,,,,"=""02985""",https://www.facebook.com/SummitPublicSchools,https://www.instagram.com/summitschoolsnj,
"=""39""",UNION,"=""5090""",Summit Public School District,"=""050""",Summit High School,Mrs.,Stacy,Grimaldi,School Principal,sgrimaldi@summit.k12.nj.us,125 KENT PLACE BLVD," ",SUMMIT,NJ,"=""07901-4703""",125 KENT PLACE BLVD," ",SUMMIT,NJ,"=""07901-4703""",Ms.,Laura,Kaplan,Anti-Bullying Specialist,,,,,"=""908-273-1494""",,,,,,,,,,,1,1,1,1,,,"=""05708""",https://www.facebook.com/SummitPublicSchools,https://www.instagram.com/summitschoolsnj,
"=""39""",UNION,"=""5090""",Summit Public School District,"=""120""",Washington Elementary School,Dr.,Lauren,Banker,School Principal,lbanker@summit.k12.nj.us,507 MORRIS AVE," ",SUMMIT,NJ,"=""07901-1544""",507 MORRIS AVE," ",SUMMIT,NJ,"=""07901-1544""",Ms.,Andrea,Sadow,Anti-Bullying Specialist,,,,,"=""908-273-0817""",,,1,1,1,1,1,,,,,,,,,,"=""05722""",https://www.facebook.com/SummitPublicSchools,https://www.instagram.com/summitschoolsnj,
"=""39""",UNION,"=""5290""",Township of Union School District,"=""080""",Battle Hill Elementary,Mr.,Mark,Hoyt,Interim Principal,mark.hoyt@twpunionschools.org,2600 KILLIAN PLACE," ",UNION,NJ,"=""07083""",2600 KILLIAN PLACE," ",UNION,NJ,"=""07083""",Ms.,Erin,Jackson,Anti-Bullying Specialist,,,,,"=""908-851-6480""",1,1,1,1,1,1,1,,,,,,,,,,"=""05748""",,,
"=""39""",UNION,"=""5290""",Township of Union School District,"=""060""",Burnet Middle School,Mr.,Benjamin,Kloc,School Principal,bkloc@twpunionschools.org,1000 CALDWELL AVENUE," ",UNION,NJ,"=""07083""",1000 CALDWELL AVENUE," ",UNION,NJ,"=""07083""",Ms.,Tara,Colandrea,Anti-Bullying Specialist,,,,,"=""908-851-6490""",,,,,,,1,1,1,1,,,,,,,"=""05744""",,,
"=""39""",UNION,"=""5290""",Township of Union School District,"=""090""",Connecticut Farms Elementary,Ms.,Sharon,Drayton,School Principal,sdrayton@twpunionschools.org,875 STUYVESANT AVENUE," ",UNION,NJ,"=""07083""",875 STUYVESANT AVENUE," ",UNION,NJ,"=""07083""",Ms.,Gihann,Abreu,Anti-Bullying Specialist,,,,,"=""908-851-6470""",1,1,1,1,1,1,1,,,,,,,,,,"=""05752""",,,
"=""39""",UNION,"=""5290""",Township of Union School District,"=""100""",Franklin Elementary,Ms.,Laura,Oates,School Principal,loates@twpunionschools.org,1500 LINDY TERRACE," ",UNION,NJ,"=""07083-4752""",1500 LINDY TERRACE," ",UNION,NJ,"=""07083-4752""",Ms.,Sindy,Bryant,Anti-Bullying Specialist,,,,,"=""908-851-6450""",1,1,,,,,,,,,,,,,,,"=""05754""",,,
"=""39""",UNION,"=""5290""",Township of Union School District,"=""083""",Hannah Caldwell Elementary,Mr.,David,Shaw,School Principal,dshaw@twpunionschools.org,1120 COMMERCE AVENUE," ",UNION,NJ,"=""07083""",1120 COMMERCE AVENUE," ",UNION,NJ,"=""07083""",Ms.,Janette,Tramuta,Anti-Bullying Specialist,,,,,"=""908-206-6101""",1,1,1,1,1,1,1,,,,,,,,,,"=""00247""",,,
"=""39""",UNION,"=""5290""",Township of Union School District,"=""085""",Jefferson Elementary,Dr.,Kira,Baskerville-Williams,School Principal,kbwilliams@twpunionschools.org,155 HILTON AVENUE," ",UNION,NJ,"=""07083""",155 HILTON AVENUE," ",UNION,NJ,"=""07083""",Ms.,Fatima,Decorte,Anti-Bullying Specialist,,,,,"=""908-851-6560""",,1,1,1,1,1,1,1,,,,,,,,,"=""05750""",,,
"=""39""",UNION,"=""5290""",Township of Union School District,"=""070""",Kawameeh Middle School,Mr.,JASON,MALANDA,School Principal,JMALANDA@TWPUNIONSCHOOLS.ORG,490 DAVID TERRACE," ",UNION,NJ,"=""07083""",490 DAVID TERRACE," ",UNION,NJ,"=""07083""",Ms.,Madeline,Yatsko,Anti-Bullying Specialist,,,,,"=""908-851-6570""",,,,,,,1,1,1,1,,,,,,,"=""05746""",,,
"=""39""",UNION,"=""5290""",Township of Union School District,"=""130""",Livingston Elementary,Mr.,Shawn,Paterno,School Principal,spaterno@twpunionschools.org,960 MIDLAND BLVD," ",UNION,NJ,"=""07083""",960 MIDLAND BLVD," ",UNION,NJ,"=""07083""",Ms.,Leane,Robson,Anti-Bullying Specialist,,,,,"=""908-851-6440""",1,1,1,1,1,1,1,,,,,,,,,,"=""05758""",,,
"=""39""",UNION,"=""5290""",Township of Union School District,"=""050""",Union High School,Mrs.,Althea,Bossard,School Principal,abossard@twpunionschools.org,2350 NORTH THIRD STREET," ",UNION,NJ,"=""07083""",2350 NORTH THIRD STREET," ",UNION,NJ,"=""07083""",Ms.,Jill,Hall,Anti-Bullying Specialist,,,,,"=""908-851-6500""",,,,,,,,,,,1,1,1,1,,,"=""05742""",,,
"=""39""",UNION,"=""5290""",Township of Union School District,"=""140""",Washington Elementary,Mrs.,Kelly,Piano,School Principal,kpiano@twpunionschools.org,301 WASHINGTON AVENUE," ",UNION,NJ,"=""07083""",301 WASHINGTON AVENUE," ",UNION,NJ,"=""07083""",Mrs.,Kimberly,Marano,Anti-Bullying Specialist,,,,,"=""908-851-6460""",1,1,1,1,1,1,1,,,,,,,,,,"=""05760""",,,
"=""39""",UNION,"=""5245""",Union County Educational Services Commission,"=""050""",Crossroads School,Mr.,Matthew,Fernandez,School Principal,mfernandez@ucesc.org,45 CARDINAL DRIVE," ",WESTFIELD,NJ,"=""07090""",45 CARDINAL DRIVE," ",WESTFIELD,NJ,"=""07090""",Mrs.,Elaine,Liggeri,Anti-Bullying Specialist,,,,,"=""908-232-6655""",1,1,1,1,1,1,1,1,1,1,,,,,,,"=""00469""",,,
"=""39""",UNION,"=""5245""",Union County Educational Services Commission,"=""020""",Hillcrest Academy-North,Mr.,John,Marquet,School Principal,jmarquet@ucesc.org,2630 PLAINFIELD AVENUE," ",SCOTCH PLAINS,NJ,"=""07076-2462""",2630 PLAINFIELD AVENUE," ",SCOTCH PLAINS,NJ,"=""07076-2462""",Mrs.,Staci,Goldenberg,Anti-Bullying Specialist,,,,,"=""908-233-9366""",,,,,,,,,,,1,1,1,1,,,"=""06008""",,,
"=""39""",UNION,"=""5245""",Union County Educational Services Commission,"=""025""",Hillcrest Academy-South,Mr.,Jason,Balsamello,School Principal,jbalsamello@ucesc.org,1571 Lamberts Mill Road," ",WESTFIELD,NJ,"=""07090""",1571 Lamberts Mill Road," ",WESTFIELD,NJ,"=""07090""",Ms.,Donna,Gilchrist,Anti-Bullying Specialist,,,,,"=""908-654-8558""",,,,,,,,,,,1,1,1,1,,,"=""06127""",,,
"=""39""",UNION,"=""5245""",Union County Educational Services Commission,"=""010""",Lamberts Mill Academy,Mr.,Reed,Leibfried,School Principal,rleibfried@ucesc.org,1571 LAMBERTS MILL ROAD," ",WESTFIELD,NJ,"=""07090""",1571 LAMBERTS MILL ROAD," ",WESTFIELD,NJ,"=""07090""",Mr.,John,Lopreiato,Anti-Bullying Specialist,,,,,"=""908-233-7581""",,,,,,,,1,1,1,1,1,1,1,,,"=""05988""",,,
"=""39""",UNION,"=""5245""",Union County Educational Services Commission,"=""030""",Westlake,Ms.,Claudine,Tantillo,School Principal,ctantillo@ucesc.org,1571 Lamberts Mill Rd," ",Westfield,NJ,"=""07090""",1571 Lamberts Mill Rd," ",Westfield,NJ,"=""07090""",Ms.,Phyllis,Sandrock,Anti-Bullying Specialist,,,,,"=""908-232-4181""",,,,,,1,1,1,1,1,1,1,1,1,,,"=""05726""",,,
"=""39""",UNION,"=""5245""",Union County Educational Services Commission,"=""300""",Work Readiness Academy,Mr.,Josh,Bornstein,Director,jbornstein@ucesc.org,971 Suburban Road," ",Union,NJ,"=""07083""",971 Suburban Road," ",Union,NJ,"=""07083""",Ms.,Rachel,Richer,Anti-Bullying Specialist,,,,,"=""908-633-2704""",,,,,,,,,,,,,,1,,,"=""""",,,
"=""39""",UNION,"=""5260""",Union County Vocational-Technical School District,"=""020""",Academy For Allied Health Sciences,Dr.,Kevin,Dougherty,School Principal,kdougherty2@ucvts.org,1776 RARITAN ROAD," ",SCOTCH PLAINS,NJ,"=""07076-2997""",1776 RARITAN ROAD," ",SCOTCH PLAINS,NJ,"=""07076-2997""",Ms.,Christina,Roy,Anti-Bullying Specialist,,,,,"=""908-889-8288""",,,,,,,,,,,1,1,1,1,,,"=""00584""",,,
"=""39""",UNION,"=""5260""",Union County Vocational-Technical School District,"=""030""",Academy For Information Technology,Mr.,William,Hilferty,School Principal,bhilferty@ucvts.org,1776 RARITAN ROAD," ",SCOTCH PLAINS,NJ,"=""07076-2997""",1776 RARITAN ROAD," ",SCOTCH PLAINS,NJ,"=""07076-2997""",Mrs.,Cheryl,Parham-Foster,Anti-Bullying Specialist,,,,,"=""908-889-8288""",,,,,,,,,,,1,1,1,1,,,"=""06134""",,,
"=""39""",UNION,"=""5260""",Union County Vocational-Technical School District,"=""035""",Academy For Performing Arts,Mrs.,Kelly,Douglas-Jackson,School Principal,kjackson@ucvts.org,1776 RARITAN ROAD," ",SCOTCH PLAINS,NJ,"=""07076-2997""",1776 RARITAN ROAD," ",SCOTCH PLAINS,NJ,"=""07076-2997""",Ms.,Ruth,Snyder,Anti-Bullying Specialist,,,,,"=""908-889-8288""",,,,,,,,,,,1,1,1,1,,,"=""03009""",,,
"=""39""",UNION,"=""5260""",Union County Vocational-Technical School District,"=""303""",Academy for Global Logistics,Ms.,Jasmin,Lee,School Principal,jlee@ucvts.org,1776 RARITAN ROAD," ",SCOTCH PLAINS,NJ,"=""07076-2997""",1776 RARITAN ROAD," ",SCOTCH PLAINS,NJ,"=""07076-2997""",Dr.,Colleen,Cusick,Anti-Bullying Specialist,,,,,"=""908-889-8288""",,,,,,,,,,,1,1,1,1,,,"=""""",,,
"=""39""",UNION,"=""5260""",Union County Vocational-Technical School District,"=""300""","Raymond J. Lesniak Experience, Strength, & Hope Recovery HS",Mrs.,Syreeta,McClain,School Principal,smcclain@ucvts.org,121-125 Chestnut Street," ",Roselle,NJ,"=""07203""",121-125 Chestnut Street," ",Roselle,NJ,"=""07203""",Ms.,Lisa,Michaloski,Anti-Bullying Specialist,,,,,"=""908-793-9800""",,,,,,,,,,,1,1,1,1,,,"=""""",,,
"=""39""",UNION,"=""5260""",Union County Vocational-Technical School District,"=""302""",Simon Youth Academy,Mrs.,Syreeta,McClain,School Principal,smcclain@ucvts.org,651 Kapkowski Road," ",Elizabeth,NJ,"=""07201""",651 Kapkowski Road," ",Elizabeth,NJ,"=""07201""",Ms.,Lisa,Michaloski,Anti-Bullying Specialist,,,,,"=""908-889-2900""",,,,,,,,,,,1,1,1,1,,,"=""""",,,
"=""39""",UNION,"=""5260""",Union County Vocational-Technical School District,"=""301""",Union County Career & Technical Institute,Mrs.,Lisa,Tauscher,School Principal,ltauscher@ucvts.org,1776 Raritan Road," ",Scotch Plains,NJ,"=""07076""",1776 Raritan Road," ",Scotch Plains,NJ,"=""07076""",Mr.,Justin,Niemcyzk,Anti-Bullying Specialist,,,,,"=""908-889-8288""",,,,,,,,,,,1,1,1,1,,,"=""""",,,
"=""39""",UNION,"=""5260""",Union County Vocational-Technical School District,"=""040""",Union County Magnet High School,Mr.,Adam,Moskowitz,School Principal,amoskowitz@ucvts.org,1776 RARITAN ROAD," ",SCOTCH PLAINS,NJ,"=""07076-2997""",1776 RARITAN ROAD," ",SCOTCH PLAINS,NJ,"=""07076-2997""",Ms.,Maryann,Valley,Anti-Bullying Specialist,,,,,"=""908-889-8288""",,,,,,,,,,,1,1,1,1,,,"=""00214""",,,
"=""39""",UNION,"=""5260""",Union County Vocational-Technical School District,"=""050""",Union County Tech,Mr.,Jeffrey,Lerner,School Principal,jlerner@ucvts.org,1776 RARITAN RD," ",SCOTCH PLAINS,NJ,"=""07076-2997""",1776 RARITAN RD," ",SCOTCH PLAINS,NJ,"=""07076-2997""",Ms.,Samira,Rajabi,Anti-Bullying Specialist,,,,,"=""908-889-8288""",,,,,,,,,,,1,1,1,1,,,"=""05738""",,,
"=""39""",UNION,"=""5730""",Westfield Public School District,"=""100""",Franklin Elementary School,Dr.,Paul,Duncan,School Principal,pduncan@westfieldnjk12.org,700 Prospect Street," ",Westfield,NJ,"=""07090-3907""",700 Prospect Street," ",Westfield,NJ,"=""07090-3907""",Ms.,Mary,Pepe,Anti-Bullying Specialist,,,,,"=""908-789-4590""",,,1,1,1,1,1,,,,,,,,,,"=""05770""",https://www.facebook.com/westfieldpublicschoolsnj,https://www.instagram.com/westfieldnjk12,https://x.com/westfieldnjk12
"=""39""",UNION,"=""5730""",Westfield Public School District,"=""120""",Jefferson Elementary School,Dr.,Susie,Hung,School Principal,shung@WESTFIELDNJK12.ORG,1200 Boulevard," ",Westfield,NJ,"=""07090-2726""",1200 Boulevard," ",Westfield,NJ,"=""07090-2726""",Ms.,Christine,Saliceti,Anti-Bullying Specialist,,,,,"=""908-789-4490""",,,1,1,1,1,1,,,,,,,,,,"=""05774""",https://www.facebook.com/westfieldpublicschoolsnj,https://www.instagram.com/westfieldnjk12,https://x.com/westfieldnjk12
"=""39""",UNION,"=""5730""",Westfield Public School District,"=""170""",Lincoln Early Childhood Center,Ms.,Annie,Corley-Hand,Interim Principal,acorleyhand@westfieldnjk12.org,728 Westfield Avenue," ",Westfield,NJ,"=""07090""",728 Westfield Avenue," ",Westfield,NJ,"=""07090""",Ms.,Brittany,Wilson,Anti-Bullying Specialist,,,,,"=""908-789-4455""",1,1,,,,,,,,,,,,,,,"=""02999""",https://www.facebook.com/westfieldpublicschoolsnj,https://www.instagram.com/westfieldnjk12,https://x.com/westfieldnjk12
"=""39""",UNION,"=""5730""",Westfield Public School District,"=""140""",McKinley Elementary School,Ms.,Mary,McCabe,School Principal,mmccabe@westfieldnjk12.org,500 First Street," ",Westfield,NJ,"=""07090-4123""",500 First Street," ",Westfield,NJ,"=""07090-4123""",Ms.,Lauren,Echeverry,Anti-Bullying Specialist,,,,,"=""908-789-4555""",,,1,1,1,1,1,,,,,,,,,,"=""05778""",https://www.facebook.com/westfieldpublicschoolsnj,https://www.instagram.com/westfieldnjk12,https://x.com/westfieldnjk12
"=""39""",UNION,"=""5730""",Westfield Public School District,"=""060""",Roosevelt Intermediate School,Mr.,Brian,Gechtman,School Principal,bgechtman@westfieldnjk12.org,301 Clark Street," ",Westfield,NJ,"=""07090-4009""",301 Clark Street," ",Westfield,NJ,"=""07090-4009""",Ms.,Lori,Drechsel,Anti-Bullying Specialist,,,,,"=""908-789-4560""",,,,,,,,1,1,1,,,,,,,"=""05766""",https://www.facebook.com/westfieldpublicschoolsnj,https://www.instagram.com/westfieldnjk12,https://x.com/westfieldnjk12
"=""39""",UNION,"=""5730""",Westfield Public School District,"=""145""",Tamaques Elementary School,Mr.,David,Duelks,School Principal,dduelks@westfieldnjk12.org,641 Willow Grove Road," ",Westfield,NJ,"=""07090-3519""",641 Willow Grove Road," ",Westfield,NJ,"=""07090-3519""",Ms.,Janice,Dawer,Anti-Bullying Specialist,,,,,"=""908-789-4580""",,,1,1,1,1,1,,,,,,,,,,"=""05780""",https://www.facebook.com/westfieldpublicschoolsnj,https://www.instagram.com/westfieldnjk12,https://x.com/westfieldnjk12
"=""39""",UNION,"=""5730""",Westfield Public School District,"=""070""",Thomas Edison Intermediate School,Ms.,LaNova,Schall,School Principal,lschall@westfieldnjk12.org,301 Linden Avenue," ",Westfield,NJ,"=""07090-1923""",301 Linden Avenue," ",Westfield,NJ,"=""07090-1923""",Ms.,Kerri,Webster,Anti-Bullying Specialist,,,,,"=""908-789-4605""",,,1,1,1,1,1,,,,,,,,,,"=""05784""",https://www.facebook.com/westfieldpublicschoolsnj,https://www.instagram.com/westfieldnjk12,https://x.com/westfieldnjk12
"=""39""",UNION,"=""5730""",Westfield Public School District,"=""150""",Washington Elementary School,Dr.,Tiffany,Jacobson,School Principal,tjacobson@westfieldnjk12.org,900 St. Marks Avenue," ",Westfield,NJ,"=""07090-2039""",900 St. Marks Avenue," ",Westfield,NJ,"=""07090-2039""",Ms.,Jodi,Robinson,Anti-Bullying Specialist,,,,,"=""908-789-4600""",,,1,1,1,1,1,,,,,,,,,,"=""05782""",https://www.facebook.com/westfieldpublicschoolsnj,https://www.instagram.com/westfieldnjk12,https://x.com/westfieldnjk12
"=""39""",UNION,"=""5730""",Westfield Public School District,"=""050""",Westfield Senior High School,Mrs.,Mary,Asfendis,School Principal,masfendis@westfieldnjk12.org,550 Dorian Road," ",Westfield,NJ,"=""07090-3302""",550 Dorian Road," ",Westfield,NJ,"=""07090-3302""",Mrs.,Falynn,Balassone,Anti-Bullying Specialist,,,,,"=""908-789-4500""",,,,,,,,,,,1,1,1,1,,,"=""05764""",https://www.facebook.com/westfieldpublicschoolsnj,https://www.instagram.com/westfieldnjk12,https://x.com/westfieldnjk12
"=""39""",UNION,"=""5730""",Westfield Public School District,"=""160""",Wilson Elementary School,Ms.,Crystal,Marsh,School Principal,cmarsh@westfieldnjk12.org,301 Linden Avenue," ",Westfield,NJ,"=""07090-1923""",301 Linden Avenue," ",Westfield,NJ,"=""07090-1923""",Mr.,Frank,Uveges,Anti-Bullying Specialist,,,,,"=""908-789-4605""",,1,1,1,1,1,1,,,,,,,,,,"=""05784""",https://www.facebook.com/westfieldpublicschoolsnj,https://www.instagram.com/westfieldnjk12,https://x.com/westfieldnjk12
"=""39""",UNION,"=""5810""",Winfield Township,"=""060""",Winfield Township,Mr.,Ross,LeBrun,Chief School Administrator,rlebrun@winfieldschool.org,7 1/2 GULFSTREAM AVENUE," ",WINFIELD,NJ,"=""07036""",7 1/2 GULFSTREAM AVENUE," ",WINFIELD,NJ,"=""07036""",Ms.,Rachel,Holeman,Anti-Bullying Specialist,Mr.,Ross,LeBrun,School Homeless Liaison,"=""908-486-7410""",1,1,1,1,1,1,1,1,1,1,,,,,,,"=""05786""",,,
"=""41""",WARREN,"=""0030""",Allamuchy Township School District,"=""010""",Allamuchy Township School,Dr.,Charles,Seipp,School Principal,cseipp@aes.k12.nj.us,20 JOHNSONBURG ROAD," ",ALLAMUCHY,NJ,"=""07820-0394""",PO Box J," ",ALLAMUCHY,NJ,"=""07820-0394""",Ms.,Kerliyn,Klamerus,Anti-Bullying Specialist,,,,,"=""908-852-1894""",,,,,1,1,1,1,1,1,,,,,,,"=""05788""",,,
"=""41""",WARREN,"=""0030""",Allamuchy Township School District,"=""020""",Mountain Villa School,Dr.,Jennifer,Gallegly,School Principal,jgallegly@aes.k12.nj.us,1686 County Rt 517," ",Allamuchy,NJ,"=""07820""",PO Box J," ",Allamuchy,NJ,"=""07820""",Mrs.,Terry,Marinoni,Anti-Bullying Specialist,,,,,"=""908-852-1894""",1,1,1,1,,,,,,,,,,,,,"=""03066""",,,
"=""41""",WARREN,"=""0070""",Alpha Borough School District,"=""010""",Alpha Borough School,Mr.,Seth,Cohen,Chief School Administrator,scohen@apsedu.org,817 NORTH BOULEVARD," ",ALPHA,NJ,"=""08865-4245""",817 NORTH BOULEVARD," ",ALPHA,NJ,"=""08865-4245""",Mr.,Seth,Cohen,Anti-Bullying Specialist,,,,,"=""908-454-5000""",1,1,1,1,1,1,1,1,1,1,,,,,,,"=""05790""",https://www.facebook.com/alphapublicschoolalphanj,,
"=""41""",WARREN,"=""0280""",Belvidere School District,"=""030""",Belvidere Elementary School,Dr.,Jessica,McKinney,School Principal,jmckinney@belvideresd.org,807 OXFORD STREET," ",BELVIDERE,NJ,"=""07823""",807 OXFORD STREET," ",BELVIDERE,NJ,"=""07823""",Ms.,Erin,Tierney,Anti-Bullying Specialist,,,,,"=""908-475-4001""",1,1,1,1,1,1,1,1,1,1,,,,,,,"=""05796""",,,
"=""41""",WARREN,"=""0280""",Belvidere School District,"=""020""",Belvidere High School,Mr.,Christopher,Karabinus,School Principal,ckarabinus@belvideresd.org,809 OXFORD STREET," ",BELVIDERE,NJ,"=""07823""",809 OXFORD STREET," ",BELVIDERE,NJ,"=""07823""",Mrs.,Alanna,Piccirillo,Anti-Bullying Specialist,,,,,"=""908-475-4025""",,,,,,,,,,,1,1,1,1,,,"=""05794""",,,
"=""41""",WARREN,"=""0400""",Blairstown Elementary Township School District,"=""030""",Blairstown Elementary School,Mrs.,Colleen,Silvestri,School Principal,silvestri@blairstownelem.net,1 SUNSET HILL ROAD,"P O  BOX E ",BLAIRSTOWN,NJ,"=""07825""",1 SUNSET HILL ROAD,"P O  BOX E ",BLAIRSTOWN,NJ,"=""07825""",Mrs.,Sheri,Brady,Anti-Bullying Specialist,,,,,"=""908-362-6111""",1,1,1,1,1,1,1,1,,,,,,,,,"=""05800""",,,
"=""41""",WARREN,"=""1620""",Franklin Township School District,"=""050""",Franklin Township School,Mr.,Matt,Eagleburger,School Principal,meagleburger@franklinschool.org,52 ASBURY  BROADWAY ROAD," ",WASHINGTON,NJ,"=""07882""",52 ASBURY  BROADWAY ROAD," ",WASHINGTON,NJ,"=""07882""",Mrs.,Paola,Ramirez,Anti-Bullying Specialist,,,,,"=""908-689-2958""",1,1,1,1,1,1,1,1,,,,,,,,,"=""05802""",,,
"=""41""",WARREN,"=""1670""",Frelinghuysen Township School District,"=""050""",Frelinghuysen Township Elementary School,Mrs.,Jarlyn,Veras,Chief School Administrator,veras@frelinghuysenschool.org,780 ROUTE 94," ",Newton,NJ,"=""07860""",780 ROUTE 94," ",Newton,NJ,"=""07860""",Ms.,Jaime,Tasco,Anti-Bullying Specialist,Mrs.,Jaime,Tasco,School Homeless Liaison,"=""908-362-6319""",1,1,1,1,1,1,1,1,,,,,,,,,"=""05804""",,,
"=""41""",WARREN,"=""1785""",Great Meadows Regional School District,"=""050""",Central Elementary School,Ms.,Alison,Stiehl,School Principal,astiehl@gmrsd.com,281 ROUTE 46," ",GREAT MEADOWS,NJ,"=""07838""",281 ROUTE 46," ",GREAT MEADOWS,NJ,"=""07838""",Ms.,Lauren,Ackerman,Anti-Bullying Specialist,,,,,"=""908-637-4041""",1,1,1,1,1,,,,,,,,,,,,"=""00107""",,,https://x.com/GMRSDJaguars
"=""41""",WARREN,"=""1785""",Great Meadows Regional School District,"=""040""",Great Meadows Regional Middle School,Mr.,William,Osborne,School Principal,wosborne@gmrsd.com,273 ROUTE 46," ",GREAT MEADOWS,NJ,"=""07838-0074""",273 ROUTE 46," ",GREAT MEADOWS,NJ,"=""07838-0074""",Ms.,Meghan,Mihail,Anti-Bullying Specialist,,,,,"=""908-637-4349""",,,,,,1,1,1,1,1,,,,,,,"=""00248""",,,https://x.com/GMRSDJaguars
"=""41""",WARREN,"=""1840""",Greenwich Township School District,"=""040""",Greenwich School,Ms.,Nichole,Hutnik,School Principal,hutnikn@gtsd.net,101 WYNDHAM FARM BOULEVARD," ",STEWARTSVILLE,NJ,"=""08886""",101 WYNDHAM FARM BOULEVARD," ",STEWARTSVILLE,NJ,"=""08886""",Mrs.,Denise,Galluzzo,Anti-Bullying Specialist,,,,,"=""908-859-2022""",1,1,1,1,1,1,1,,,,,,,,,,"=""00471""",,,
"=""41""",WARREN,"=""1840""",Greenwich Township School District,"=""070""",Stewartsville Middle School,Mr.,Joel,Barrett,School Principal,barrettj@gtsd.net,642 SOUTH MAIN STREET," ",STEWARTSVILLE,NJ,"=""08886-9756""",642 SOUTH MAIN STREET," ",STEWARTSVILLE,NJ,"=""08886-9756""",Ms.,Zana,Harbon,Anti-Bullying Specialist,,,,,"=""908-859-2023""",,,,,,,,1,1,1,,,,,,,"=""05810""",,,
"=""41""",WARREN,"=""1870""",Hackettstown Public School District,"=""050""",Hackettstown High School,,Kyle,Sosnovik,School Principal,ksosnovik@hackettstown.org,599 Warren Street," ",HACKETTSTOWN,NJ,"=""07840""",599 Warren Street," ",HACKETTSTOWN,NJ,"=""07840""",,Michael,Morgan,Anti-Bullying Specialist,,,,,"=""908-852-8150""",,,,,,,,,,,1,1,1,1,,,"=""05814""",,,
"=""41""",WARREN,"=""1870""",Hackettstown Public School District,"=""060""",Hackettstown Middle School,Mrs.,Jessica,Swaim,School Principal,jswaim@hackettstown.org,500 WASHINGTON STREET," ",HACKETTSTOWN,NJ,"=""07840-2230""",500 WASHINGTON STREET," ",HACKETTSTOWN,NJ,"=""07840-2230""",Mr.,Russell,Schilp,Anti-Bullying Specialist,,,,,"=""908-852-8554""",,,,,,,1,1,1,1,,,,,,,"=""05816""",,,
"=""41""",WARREN,"=""1870""",Hackettstown Public School District,"=""070""",Hatchery Hill Elementary School,Mrs.,Caryn,Coscia,School Principal,ccoscia@hackettstown.org,398 5th Avenue," ",Hackettstown,NJ,"=""07840-2497""",398 5th Avenue," ",Hackettstown,NJ,"=""07840-2497""",Mrs.,Victoria,Leontaris,Anti-Bullying Specialist,,,,,"=""908-852-8550""",1,1,1,,,,,,,,,,,,,,"=""05818""",,,
"=""41""",WARREN,"=""1870""",Hackettstown Public School District,"=""090""",Willow Grove Elementary School,Mrs.,Tanya,Kurilla,School Principal,lkurilla@hackettstown.org,601 WILLOW GROVE STREET," ",HACKETTSTOWN,NJ,"=""07840-1713""",601 WILLOW GROVE STREET," ",HACKETTSTOWN,NJ,"=""07840-1713""",Mrs.,Aspasia,Verpeut,Anti-Bullying Specialist,,,,,"=""908-852-2805""",,,,1,1,1,,,,,,,,,,,"=""05820""",,,
"=""41""",WARREN,"=""2040""",Harmony Township School District,"=""030""",Harmony Township School,,Daryle,Weiss,School Principal,weissd@htesd.org,2551 BELVIDERE ROAD," ",PHILLIPSBURG,NJ,"=""08865-2155""",2551 BELVIDERE ROAD," ",PHILLIPSBURG,NJ,"=""08865-2155""",,Amanda,Smith,Anti-Bullying Specialist,,,,,"=""908-859-1001""",1,1,1,1,1,1,1,1,1,1,,,,,,,"=""05824""",,,
"=""41""",WARREN,"=""2250""",Hope Township School District,"=""050""",Hope Township School,Mrs.,Tammy,Green,Chief School Administrator,tgreen@hope-elem.org,320 JOHNSONBURG ROAD,"PO BOX 293 ",HOPE,NJ,"=""07844-0293""",320 JOHNSONBURG ROAD,"PO BOX 293 ",HOPE,NJ,"=""07844-0293""",Mrs.,Tammy,Green,Anti-Bullying Specialist,,,,,"=""908-459-4242""",1,1,1,1,1,1,1,,,,,,,,,,"=""05826""",,,
"=""41""",WARREN,"=""2470""",Knowlton Township School District,"=""040""",Knowlton Township Board of Education,Mrs.,Jeannine,DeFalco,Chief School Administrator,defalcoj@knowltonschool.com,80 Route 46," ",DELAWARE,NJ,"=""07833-0152""",P.O. Box 152," ",DELAWARE,NJ,"=""07833-0152""",Ms.,Deborah,Lennox,Anti-Bullying Specialist,,,,,"=""908-475-5118""",1,1,1,1,1,1,1,1,,,,,,,,,"=""05832""",,https://www.instagram.com/knowltonknights,https://x.com/ktesapps
"=""41""",WARREN,"=""2790""",Lopatcong Township School District,"=""050""",Lopatcong Elementary School,Mrs.,Krista,Wayne,School Principal,waynek@lopatsd.org,263 ROUTE 57," ",PHILLIPSBURG,NJ,"=""08865-9410""",263 ROUTE 57," ",PHILLIPSBURG,NJ,"=""08865-9410""",Mrs.,Angela,Sodtalbers,Anti-Bullying Specialist,,,,,"=""908-859-0800""",1,1,1,1,1,1,,,,,,,,,,,"=""05840""",,,
"=""41""",WARREN,"=""2790""",Lopatcong Township School District,"=""060""",Lopatcong Township Middle School,Mr.,Richard,Bonney,School Principal,bonneyr@lopatsd.org,321 STONEHENGE DRIVE," ",PHILLIPSBURG,NJ,"=""08865-9410""",321 STONEHENGE DRIVE," ",PHILLIPSBURG,NJ,"=""08865-9410""",Mrs.,Stacy,Conner,Anti-Bullying Specialist,,,,,"=""908-213-2995""",,,,,,,1,1,1,1,,,,,,,"=""00731""",,,
"=""41""",WARREN,"=""2970""",Mansfield Township Elementary School District,"=""050""",Mansfield Township Elementary,Ms.,Noreen,Matias,School Principal,matiasn@mansfieldtsd.org,50 PORT MURRAY ROAD," ",PORT MURRAY,NJ,"=""07865-9702""",50 PORT MURRAY ROAD," ",PORT MURRAY,NJ,"=""07865-9702""",Mrs.,Lauri,Favreau,Anti-Bullying Specialist,,,,,"=""908-689-3212""",1,1,1,1,1,1,1,1,,,,,,,,,"=""05842""",,,
"=""41""",WARREN,"=""3675""",North Warren Regional School District,"=""050""",North Warren Regional School District,Dr.,Carie,Norcross-Murphy,School Principal,cmurphy@northwarren.org,10 NOE RD,"PO BOX 410 ",BLAIRSTOWN,NJ,"=""07825-0410""",10 NOE RD,"PO BOX 410 ",BLAIRSTOWN,NJ,"=""07825-0410""",Mr.,Sam,Scocozza,Anti-Bullying Specialist,,,,,"=""908-362-8211""",,,,,,,,,1,1,1,1,1,1,,,"=""05844""",,,
"=""41""",WARREN,"=""3890""",Oxford Township School District,"=""050""",Oxford Central School,Mr.,John,Nittolo,Chief School Administrator,jnittolo@oxfordcentral.org,17 Kent Street," ",Oxford,NJ,"=""07863-0510""",17 Kent Street," ",Oxford,NJ,"=""07863-0510""",Mrs.,Courtney,Bublitz,Anti-Bullying Specialist,,,,,"=""908-453-4101""",1,1,1,1,1,1,1,1,1,1,,,,,,,"=""05846""",,,
"=""41""",WARREN,"=""4100""",Phillipsburg School District,"=""070""",Philipsburg Primary School,Dr.,Raffaele,LaForgia,School Principal,laforgia.raffaele@pburgsd.net,1000 Green Street," ",PHILLIPSBURG,NJ,"=""08865-1520""",1000 Green Street," ",PHILLIPSBURG,NJ,"=""08865-1520""",Mrs.,Stacey,Taylor,Anti-Bullying Specialist,,,,,"=""908-454-3400""",,1,1,1,,,,,,,,,,,,,"=""05856""",,,
"=""41""",WARREN,"=""4100""",Phillipsburg School District,"=""150""",Phillipsburg Early Childhood Learning Center,Mr.,Edward,Labatch,School Principal,labatch.edward@pburgsd.net,459 CENTER STREET," ",PHILLIPSBURG,NJ,"=""08865""",459 CENTER STREET," ",PHILLIPSBURG,NJ,"=""08865""",Mrs.,Jamie,Doran,Anti-Bullying Specialist,,,,,"=""908-454-3010""",1,1,1,,,,,,,,,,,,,,"=""02957""",,,
"=""41""",WARREN,"=""4100""",Phillipsburg School District,"=""105""",Phillipsburg Elementary School,Mr.,Ryan,Ditze,School Principal,ditze.ryan@pburgsd.net,525 Warren Street," ",PHILLIPSBURG,NJ,"=""08865-3419""",525 Warren Street," ",PHILLIPSBURG,NJ,"=""08865-3419""",Ms.,Karin,Stumpf,Anti-Bullying Specialist,,,,,"=""908-454-3400""",,,,,1,1,1,,,,,,,,,,"=""05860""",,,
"=""41""",WARREN,"=""4100""",Phillipsburg School District,"=""050""",Phillipsburg High School,Mr.,Kyle,Rovi,School Principal,rovi.kyle@pburgsd.net,1 Stateliner Blvd.," ",PHILLIPSBURG,NJ,"=""08865""",1 Stateliner Blvd.," ",PHILLIPSBURG,NJ,"=""08865""",Ms.,Kylie,Baxter,Anti-Bullying Specialist,,,,,"=""908-454-3400""",,,,,,,,,,,1,1,1,1,,,"=""05852""",,,
"=""41""",WARREN,"=""4100""",Phillipsburg School District,"=""110""",Phillipsburg Middle School,Mr.,John,Stillo,School Principal,stillo.john@pburgsd.net,200 Hillcrest Blvd.," ",PHILLIPSBURG,NJ,"=""08865""",200 Hillcrest Blvd.," ",PHILLIPSBURG,NJ,"=""08865""",Ms.,Susan,Rautenberg,Anti-Bullying Specialist,,,,,"=""908-454-3400""",,,,,,,,1,1,1,,,,,,,"=""05862""",,,
"=""41""",WARREN,"=""4200""",Pohatcong Township School District,"=""040""",Pohatcong Township School,Mr.,Matthew,Kosenky,School Principal,mkosensky@pohatcong.org,240 RTE  519," ",PHILLIPSBURG,NJ,"=""08865""",240 RTE  519," ",PHILLIPSBURG,NJ,"=""08865""",Mrs.,Mary,Maslonka,Anti-Bullying Specialist,,,,,"=""908-859-8155""",1,1,1,1,1,1,1,1,1,1,,,,,,,"=""00366""",,,
"=""41""",WARREN,"=""5460""",Warren County Vocational Technical School,"=""050""",Warren County Vocational Technical School,Mr.,Jeffrey,Tierney,School Principal,tierneyj@wctech.org,1500 ROUTE 57," ",WASHINGTON,NJ,"=""07882-9618""",1500 ROUTE 57," ",WASHINGTON,NJ,"=""07882-9618""",Ms.,Kristen,Sarte,Anti-Bullying Specialist,Mr.,Jeffrey,Tierney,School Homeless Liaison,"=""908-689-0122""",,,,,,,,,,,1,1,1,1,,,"=""05872""",,,
"=""41""",WARREN,"=""5465""",Warren Hills Regional School District,"=""050""",Warren Hills Regional High School,Mr.,Christopher,Kavcak,School Principal,kavcakc@warrenhills.org,41 JACKSON VALLEY ROAD," ",WASHINGTON,NJ,"=""07882""",41 JACKSON VALLEY ROAD," ",WASHINGTON,NJ,"=""07882""",Mr.,Timothy,Downs,Anti-Bullying Specialist,,,,,"=""908-689-3050""",,,,,,,,,,,1,1,1,1,,,"=""05878""",,,
"=""41""",WARREN,"=""5465""",Warren Hills Regional School District,"=""060""",Warren Hills Regional Middle School,Mr.,Nicholas,Remondelli,School Principal,remondellin@warrenhills.org,64  66 CARLTON AVENUE," ",WASHINGTON,NJ,"=""07882""",64  66 CARLTON AVENUE," ",WASHINGTON,NJ,"=""07882""",,Christine,Tyburczy,Anti-Bullying Specialist,,,,,"=""908-689-0750""",,,,,,,,,1,1,,,,,,,"=""05880""",,,
"=""41""",WARREN,"=""5480""",Washington Borough School District,"=""060""",Taylor Street School,Dr.,Tatum,Johnson,School Principal,johnsont@washboro.org,16  24 TAYLOR STREET," ",WASHINGTON,NJ,"=""07882-1494""",16  24 TAYLOR STREET," ",WASHINGTON,NJ,"=""07882-1494""",Mr.,Rich,VanDien,Anti-Bullying Specialist,Ms.,Carolina,Gutierrez-Camargo,School Homeless Liaison,"=""908-689-0091""",1,1,1,1,,,,,,,,,,,,,"=""05886""",,,
"=""41""",WARREN,"=""5480""",Washington Borough School District,"=""055""",Washington Memorial School,Mrs.,Earl,Jenkins,School Principal,jenkinse@washboro.org,300 WEST STEWART STREET," ",WASHINGTON,NJ,"=""07882""",300 WEST STEWART STREET," ",WASHINGTON,NJ,"=""07882""",Mr.,Rich,VanDien,Anti-Bullying Specialist,,,,,"=""908-689-0241""",,,,,1,1,1,1,,,,,,,,,"=""05884""",,,
"=""41""",WARREN,"=""5530""",Washington Township School District,"=""040""",Brass Castle School,Mrs.,Susan,Wardell,School Principal,swardell@washtwpsd.org,16 CASTLE STREET," ",WASHINGTON,NJ,"=""07882-9804""",16 CASTLE STREET," ",WASHINGTON,NJ,"=""07882-9804""",Ms.,Jennifer,Borusovic,Anti-Bullying Specialist,,,,,"=""908-689-1188""",1,1,,,,1,1,1,,,,,,,,,"=""05890""",,,
"=""41""",WARREN,"=""5530""",Washington Township School District,"=""050""",Port Colden School,Mrs.,Jessica,McDonagh,School Principal,jmcdonagh@washtwpsd.org,30 PORT COLDEN ROAD," ",WASHINGTON,NJ,"=""07882-9475""",30 PORT COLDEN ROAD," ",WASHINGTON,NJ,"=""07882-9475""",Ms.,Jennifer,Borusovic,Anti-Bullying Specialist,,,,,"=""908-689-0681""",,,1,1,1,,,,,,,,,,,,"=""05892""",,,
"=""41""",WARREN,"=""5780""",White Township Consolidated School District,"=""050""",White Township Consolidated School,Mr.,William,Thompson,Chief School Administrator,thompson@whitetwpsd.org,565 CR 519," ",BELVIDERE,NJ,"=""07823-9798""",565 CR 519," ",BELVIDERE,NJ,"=""07823-9798""",Mrs.,Stephanie,Quinn,Anti-Bullying Specialist,,,,,"=""908-475-4773""",1,1,1,1,1,1,1,1,1,1,,,,,,,"=""05894""",https://www.facebook.com/WhiteTownshipSchoolNJ,,
